info: cargo-llvm-cov currently setting cfg(coverage); you can opt-out it by passing --no-cfg-coverage
   Compiling proc-macro2 v1.0.106
   Compiling quote v1.0.45
   Compiling serde_core v1.0.228
   Compiling windows-link v0.2.1
   Compiling serde v1.0.228
   Compiling memchr v2.8.0
   Compiling equivalent v1.0.2
   Compiling itoa v1.0.18
   Compiling once_cell v1.21.4
   Compiling syn v2.0.117
   Compiling getrandom v0.3.4
   Compiling libm v0.2.16
   Compiling jobserver v0.1.34
   Compiling windows-sys v0.61.2
   Compiling shlex v1.3.0
   Compiling find-msvc-tools v0.1.9
   Compiling cc v1.2.61
   Compiling bytes v1.11.1
   Compiling version_check v0.9.5
   Compiling allocator-api2 v0.2.21
   Compiling autocfg v1.5.0
   Compiling log v0.4.29
   Compiling thiserror v2.0.18
   Compiling zmij v1.0.21
   Compiling serde_derive v1.0.228
   Compiling thiserror-impl v2.0.18
   Compiling foldhash v0.2.0
   Compiling bitflags v2.11.1
   Compiling fnv v1.0.7
   Compiling hashbrown v0.17.0
   Compiling regex-syntax v0.8.10
   Compiling parking_lot_core v0.9.12
   Compiling scopeguard v1.2.0
   Compiling lock_api v0.4.14
   Compiling pin-project-lite v0.2.17
   Compiling smallvec v1.15.1
   Compiling fastrand v2.4.1
   Compiling synstructure v0.13.2
   Compiling num-traits v0.2.19
   Compiling anyhow v1.0.104
   Compiling zerofrom-derive v0.1.7
   Compiling yoke-derive v0.8.2
   Compiling indexmap v2.14.0
   Compiling percent-encoding v2.3.2
   Compiling semver v1.0.28
   Compiling zerofrom v0.1.7
   Compiling base64 v0.22.1
   Compiling zerovec-derive v0.11.3
   Compiling http v1.4.0
   Compiling tracing-core v0.1.36
   Compiling displaydoc v0.2.5
   Compiling tracing-attributes v0.1.31
   Compiling getrandom v0.4.2
   Compiling zerocopy v0.8.48
   Compiling zerocopy-derive v0.8.48
   Compiling serde_json v1.0.149
   Compiling litemap v0.8.2
   Compiling writeable v0.6.3
   Compiling heck v0.5.0
   Compiling tracing v0.1.44
   Compiling futures-core v0.3.32
   Compiling utf8_iter v1.0.4
   Compiling aho-corasick v1.1.4
   Compiling icu_properties_data v2.2.0
   Compiling icu_normalizer_data v2.2.0
   Compiling rustc_version v0.4.1
   Compiling regex-automata v0.4.14
   Compiling winnow v1.0.2
   Compiling toml_parser v1.1.2+spec-1.1.0
   Compiling parking_lot v0.12.5
   Compiling regex v1.12.3
   Compiling thiserror v1.0.69
   Compiling thiserror-impl v1.0.69
   Compiling toml_datetime v1.1.1+spec-1.1.0
   Compiling futures-sink v0.3.32
   Compiling futures-io v0.3.32
   Compiling glob v0.3.3
   Compiling slab v0.4.12
   Compiling futures-channel v0.3.32
   Compiling chrono v0.4.44
   Compiling futures-macro v0.3.32
   Compiling crossbeam-utils v0.8.21
   Compiling futures-task v0.3.32
   Compiling libc v0.2.186
   Compiling futures-util v0.3.32
   Compiling ahash v0.8.12
   Compiling getrandom v0.2.17
   Compiling zeroize v1.8.2
   Compiling mio v1.2.0
   Compiling socket2 v0.6.3
   Compiling tokio-macros v2.7.0
   Compiling tokio v1.52.1
   Compiling ring v0.17.14
   Compiling subtle v2.6.1
   Compiling generic-array v0.14.7
   Compiling winapi v0.3.9
   Compiling stable_deref_trait v1.2.1
   Compiling typenum v1.20.0
   Compiling crc32fast v1.5.0
   Compiling rustls-pki-types v1.14.1
   Compiling num-integer v0.1.46
   Compiling powerfmt v0.2.0
   Compiling untrusted v0.9.0
   Compiling time-core v0.1.8
   Compiling num-conv v0.2.1
   Compiling num-bigint v0.4.6
   Compiling ppv-lite86 v0.2.21
   Compiling strsim v0.11.1
   Compiling yoke v0.8.2
   Compiling rand_core v0.9.5
   Compiling ident_case v1.0.1
   Compiling ryu v1.0.23
   Compiling zerovec v0.11.6
   Compiling num-complex v0.4.6
   Compiling typeid v1.0.3
   Compiling rand_chacha v0.9.0
   Compiling siphasher v1.0.2
   Compiling erased-serde v0.4.10
   Compiling rand v0.9.4
   Compiling webpki-roots v1.0.7
   Compiling paste v1.0.15
   Compiling tinystr v0.8.3
   Compiling potential_utf v0.1.5
   Compiling icu_locale_core v2.2.0
   Compiling zerotrie v0.2.4
   Compiling tempfile v3.27.0
   Compiling form_urlencoded v1.2.2
   Compiling futures-timer v3.0.3
   Compiling icu_collections v2.2.0
   Compiling cpufeatures v0.2.17
   Compiling icu_provider v2.2.0
   Compiling Inflector v0.11.4
   Compiling ctor v0.2.9
   Compiling simd-adler32 v0.3.9
   Compiling specta-macros v2.0.0-rc.18
   Compiling foldhash v0.1.5
   Compiling pkg-config v0.3.33
   Compiling hashbrown v0.15.5
   Compiling icu_properties v2.2.0
   Compiling icu_normalizer v2.2.0
   Compiling hashbrown v0.16.1
   Compiling specta v2.0.0-rc.22
   Compiling tokio-util v0.7.18
   Compiling idna_adapter v1.2.2
   Compiling http-body v1.0.1
   Compiling adler2 v2.0.1
   Compiling miniz_oxide v0.8.9
   Compiling idna v1.1.0
   Compiling phf_shared v0.13.1
   Compiling hashbrown v0.14.5
   Compiling byteorder v1.5.0
   Compiling httparse v1.10.1
   Compiling tower-service v0.3.3
   Compiling url v2.5.8
   Compiling block-buffer v0.10.4
   Compiling unicode-segmentation v1.13.2
   Compiling try-lock v0.2.5
   Compiling bit-vec v0.8.0
   Compiling atomic-waker v1.1.2
   Compiling toml_writer v1.1.1+spec-1.1.0
   Compiling h2 v0.4.19
   Compiling bit-set v0.8.0
   Compiling want v0.3.1
   Compiling phf_generator v0.13.1
   Compiling num-rational v0.4.2
   Compiling num-iter v0.1.45
   Compiling httpdate v1.0.3
   Compiling mime v0.3.17
   Compiling num v0.4.3
   Compiling sync_wrapper v1.0.2
   Compiling tower-layer v0.3.3
   Compiling rustc-hash v2.1.2
   Compiling ipnet v2.12.0
   Compiling http-body-util v0.1.3
   Compiling rand_core v0.6.4
   Compiling either v1.15.0
   Compiling zlib-rs v0.6.3
   Compiling itertools v0.14.0
   Compiling hyper v1.9.0
   Compiling tower v0.5.3
   Compiling hyper-util v0.1.20
   Compiling flate2 v1.1.9
   Compiling time-macros v0.2.27
   Compiling deranged v0.5.8
   Compiling half v2.7.1
   Compiling uuid v1.23.1
   Compiling arrow-buffer v58.2.0
   Compiling prost-derive v0.14.3
   Compiling time v0.3.47
   Compiling dashmap v6.1.0
   Compiling arrow-schema v58.2.0
   Compiling unicode-width v0.2.2
   Compiling pulldown-cmark v0.13.3
   Compiling arrow-data v58.2.0
   Compiling crypto-common v0.1.7
   Compiling phf_codegen v0.13.1
   Compiling async-trait v0.1.89
   Compiling unicase v2.9.0
   Compiling prettyplease v0.2.37
   Compiling arrow-array v58.2.0
   Compiling serde_urlencoded v0.7.1
   Compiling darling_core v0.23.0
   Compiling vcpkg v0.2.15
   Compiling lazy_static v1.5.0
   Compiling sharded-slab v0.1.7
   Compiling darling_macro v0.23.0
   Compiling prost v0.14.3
   Compiling axum-core v0.5.6
   Compiling phf_macros v0.13.1
   Compiling matchers v0.2.0
   Compiling tracing-log v0.2.0
   Compiling tracing-serde v0.2.0
   Compiling nu-ansi-term v0.50.3
   Compiling axum-macros v0.5.1
   Compiling serde_path_to_error v0.1.20
   Compiling thread_local v1.1.9
   Compiling unic-common v0.9.0
   Compiling new_debug_unreachable v1.0.6
   Compiling lexical-util v1.0.7
   Compiling matchit v0.8.4
   Compiling unic-char-range v0.9.0
   Compiling fixedbitset v0.5.7
   Compiling rustls v0.23.40
   Compiling petgraph v0.8.3
   Compiling unic-char-property v0.9.0
   Compiling rand v0.8.6
   Compiling axum v0.8.9
   Compiling unic-ucd-version v0.9.0
   Compiling tracing-subscriber v0.3.23
   Compiling phf v0.13.1
   Compiling pulldown-cmark-to-cmark v22.0.0
   Compiling prost-types v0.14.3
   Compiling darling v0.23.0
   Compiling rustls-webpki v0.103.13
   Compiling string_cache_codegen v0.6.1
   Compiling phf_shared v0.11.3
   Compiling pin-project-internal v1.1.11
   Compiling multimap v0.10.1
   Compiling iri-string v0.7.12
   Compiling portable-atomic v1.13.1
   Compiling precomputed-hash v0.1.1
   Compiling alloc-no-stdlib v2.0.4
   Compiling alloc-stdlib v0.2.2
   Compiling pin-project v1.1.11
   Compiling prost-build v0.14.3
   Compiling phf_generator v0.11.3
   Compiling web_atoms v0.2.4
   Compiling tower-http v0.6.8
   Compiling serde_with_macros v3.19.0
   Compiling unic-ucd-ident v0.9.0
   Compiling tonic-build v0.14.5
   Compiling arrow-select v58.2.0
   Compiling hyper-timeout v0.5.2
   Compiling tokio-stream v0.1.18
   Compiling winapi-util v0.1.11
   Compiling raw-cpuid v11.6.0
   Compiling serde_spanned v1.1.1
   Compiling quick-xml v0.41.0
   Compiling protoc-bin-vendored-linux-ppcle_64 v3.2.0
   Compiling protoc-bin-vendored-linux-x86_64 v3.2.0
   Compiling protoc-bin-vendored-linux-x86_32 v3.2.0
   Compiling protoc-bin-vendored-linux-s390_64 v3.2.0
   Compiling protoc-bin-vendored-win32 v3.2.0
   Compiling dunce v1.0.5
   Compiling protoc-bin-vendored-macos-x86_64 v3.2.0
   Compiling protoc-bin-vendored-macos-aarch_64 v3.2.0
   Compiling protoc-bin-vendored-linux-aarch_64 v3.2.0
   Compiling protoc-bin-vendored v3.2.0
   Compiling quanta v0.12.6
   Compiling tonic v0.14.5
   Compiling tonic-prost-build v0.14.5
   Compiling phf_macros v0.11.3
   Compiling string_cache v0.9.0
   Compiling brotli-decompressor v5.0.0
   Compiling lexical-write-integer v1.0.6
   Compiling lexical-parse-integer v1.0.6
   Compiling crossterm_winapi v0.9.1
   Compiling spinning_top v0.3.0
   Compiling cookie v0.18.1
   Compiling crossbeam-epoch v0.9.20
   Compiling nonempty v0.7.0
   Compiling nonzero_ext v0.3.0
   Compiling ctor-proc-macro v0.0.7
   Compiling web-time v1.1.0
   Compiling dtoa v1.0.11
   Compiling utf-8 v0.7.6
   Compiling ctor v0.8.0
   Compiling tendril v0.5.0
   Compiling dtoa-short v0.3.5
   Compiling governor v0.10.4
   Compiling forwarded-header-value v0.1.1
   Compiling crossterm v0.28.1
   Compiling lexical-parse-float v1.0.6
   Compiling lexical-write-float v1.0.6
   Compiling brotli v8.0.2
   Compiling phf v0.11.3
   Compiling ingest v0.1.0 (D:\dev\projects\andromeda-pulse\crates\ingest)
   Compiling selectors v0.36.1
   Compiling cssparser-macros v0.6.1
   Compiling derive_more-impl v2.1.1
   Compiling indexmap v1.9.3
   Compiling camino v1.2.2
   Compiling bumpalo v3.20.2
   Compiling base64 v0.23.1
   Compiling zopfli v0.8.3
   Compiling derive_more v2.1.1
   Compiling ureq-proto v0.6.1
   Compiling cssparser v0.36.0
   Compiling tonic-prost v0.14.5
   Compiling markup5ever v0.38.0
   Compiling lexical-core v1.0.6
   Compiling comfy-table v7.1.4
   Compiling tower_governor v0.8.0
   Compiling toml v1.1.2+spec-1.1.0
   Compiling arrow-ord v58.2.0
   Compiling servo_arc v0.4.3
   Compiling flatbuffers v25.12.19
   Compiling atoi v2.0.0
   Compiling serde_derive_internals v0.29.1
   Compiling filetime v0.2.27
   Compiling fallible-streaming-iterator v0.1.9
   Compiling utf8-zero v0.8.1
   Compiling fallible-iterator v0.3.0
   Compiling hashbrown v0.12.3
   Compiling windows_x86_64_msvc v0.52.6
   Compiling schemars v0.8.22
   Compiling schemars_derive v0.8.22
   Compiling ureq v3.4.0
   Compiling tar v0.4.45
   Compiling arrow-cast v58.2.0
   Compiling same-file v1.0.6
   Compiling crossbeam-deque v0.8.6
   Compiling html5ever v0.38.0
   Compiling zip v6.0.0
   Compiling cfb v0.7.3
   Compiling jsonptr v0.6.3
   Compiling cargo-platform v0.1.9
   Compiling csv-core v0.1.13
   Compiling windows-link v0.1.3
   Compiling dyn-clone v1.0.20
   Compiling csv v1.4.0
   Compiling json-patch v3.0.1
   Compiling cargo_metadata v0.19.2
   Compiling digest v0.10.7
   Compiling serde-untagged v0.1.9
   Compiling infer v0.19.0
   Compiling libduckdb-sys v1.10505.0
   Compiling dom_query v0.27.0
   Compiling walkdir v2.5.0
   Compiling plist v1.10.0
   Compiling serde_with v3.19.0
   Compiling urlpattern v0.3.0
   Compiling simdutf8 v0.1.5
   Compiling arrow-json v58.2.0
   Compiling tauri-utils v2.9.0
   Compiling windows-targets v0.52.6
   Compiling arrow-ipc v58.2.0
   Compiling sha2 v0.10.9
   Compiling arrow-csv v58.2.0
   Compiling arrow-string v58.2.0
   Compiling arrow-arith v58.2.0
   Compiling arrow-row v58.2.0
   Compiling strum_macros v0.27.2
   Compiling rayon-core v1.13.0
   Compiling wasmtime-internal-core v46.0.3
   Compiling strum v0.27.2
   Compiling arrow v58.2.0
   Compiling windows-strings v0.4.2
   Compiling windows-result v0.3.4
   Compiling hashlink v0.10.0
   Compiling windows-implement v0.60.2
   Compiling windows-interface v0.59.3
   Compiling vswhom-sys v0.1.3
   Compiling cast v0.3.0
   Compiling windows-core v0.61.2
   Compiling option-ext v0.2.0
   Compiling rayon v1.12.0
   Compiling windows-sys v0.59.0
   Compiling darling_core v0.20.11
   Compiling windows_x86_64_msvc v0.53.1
   Compiling cranelift-srcgen v0.133.3
   Compiling darling_macro v0.20.11
   Compiling winreg v0.55.0
   Compiling cranelift-assembler-x64-meta v0.133.3
   Compiling cranelift-bitset v0.133.3
   Compiling vswhom v0.1.0
   Compiling windows-threading v0.1.0
   Compiling security v0.1.0 (D:\dev\projects\andromeda-pulse\crates\security)
   Compiling toml_datetime v0.7.5+spec-1.1.0
   Compiling winnow v0.7.15
   Compiling rustversion v1.0.22
   Compiling windows-future v0.2.1
   Compiling toml v0.9.12+spec-1.1.0
   Compiling embed-resource v3.0.9
   Compiling darling v0.20.11
   Compiling dirs-sys v0.5.0
   Compiling windows-collections v0.2.0
   Compiling windows-numerics v0.2.0
   Compiling crossbeam-channel v0.5.15
   Compiling bincode v1.3.3
   Compiling pulley-macros v46.0.3
   Compiling target-lexicon v0.13.5
   Compiling leb128fmt v0.1.0
   Compiling windows v0.61.3
   Compiling dirs v6.0.0
   Compiling cargo_toml v0.22.3
   Compiling derive_builder_core v0.20.2
   Compiling windows-targets v0.53.5
   Compiling tauri-winres v0.3.6
   Compiling cranelift-entity v0.133.3
   Compiling wasmparser v0.251.0
   Compiling gimli v0.33.0
   Compiling webpki-roots v0.26.11
   Compiling cobs v0.3.0
   Compiling wasmtime-internal-versioned-export-macros v46.0.3
   Compiling blake3 v1.8.5
   Compiling esaxx-rs v0.1.10
   Compiling minimal-lexical v0.2.1
   Compiling cranelift-isle v0.133.3
   Compiling nom v7.1.3
   Compiling postcard v1.1.3
   Compiling ureq v2.12.1
   Compiling cranelift-bforest v0.133.3
   Compiling castaway v0.2.4
   Compiling tauri-build v2.6.0
   Compiling windows-sys v0.60.2
   Compiling derive_builder_macro v0.20.2
   Compiling pulley-interpreter v46.0.3
   Compiling fdeflate v0.3.7
   Compiling monostate-impl v0.1.18
   Compiling static_assertions v1.1.0
   Compiling arrayvec v0.7.6
   Compiling cranelift-codegen-shared v0.133.3
   Compiling base64 v0.13.1
   Compiling cpufeatures v0.3.0
   Compiling arrayref v0.3.9
   Compiling macro_rules_attribute-proc_macro v0.2.2
   Compiling constant_time_eq v0.4.2
   Compiling object v0.39.1
   Compiling macro_rules_attribute v0.2.2
   Compiling spm_precompiled v0.1.4
   Compiling cranelift-codegen-meta v0.133.3
   Compiling compact_str v0.9.0
   Compiling monostate v0.1.18
   Compiling derive_builder v0.20.2
   Compiling triage v0.1.0 (D:\dev\projects\andromeda-pulse\crates\triage)
   Compiling tokio-rustls v0.26.4
   Compiling cranelift-assembler-x64 v0.133.3
   Compiling rayon-cond v0.4.0
   Compiling tracing-error v0.2.1
   Compiling fancy-regex v0.14.0
   Compiling inout v0.1.4
   Compiling ordered-float v2.10.1
   Compiling unicode-normalization-alignments v0.1.12
   Compiling dpi v0.1.2
   Compiling dary_heap v0.3.9
   Compiling webview2-com-sys v0.38.2
   Compiling windows-version v0.1.7
   Compiling unicode_categories v0.1.1
   Compiling cpp_demangle v0.4.5
   Compiling raw-window-handle v0.6.2
   Compiling tokenizers v0.21.4
   Compiling tdigest v0.2.3
   Compiling cipher v0.4.4
   Compiling cranelift-codegen v0.133.3
   Compiling hyper-rustls v0.27.9
warning: triage@0.1.0: triage: tokenizer downloaded (sha256=c05a3c2174e9edd5be19dc5a0748c42a9037bec2811ce062728bfd71f8702d78); pin via ANDROMEDA_LLAMA3_TOKENIZER_SHA256 env var for reproducible builds
   Compiling tauri v2.11.0
   Compiling wasm-encoder v0.251.0
   Compiling termcolor v1.4.1
   Compiling libsqlite3-sys v0.30.1
   Compiling universal-hash v0.5.1
   Compiling zstd-sys v2.0.16+zstd.1.5.7
   Compiling opaque-debug v0.3.1
   Compiling wasmtime-internal-component-util v46.0.3
   Compiling arbitrary v1.4.2
   Compiling cranelift-control v0.133.3
   Compiling polyval v0.6.2
   Compiling wasmprinter v0.251.0
   Compiling regalloc2 v0.15.1
   Compiling webview2-com-macros v0.8.1
   Compiling bitflags v1.3.2
   Compiling buffer v0.1.0 (D:\dev\projects\andromeda-pulse\crates\buffer)
   Compiling rustc-demangle v0.1.27
   Compiling wasmtime-environ v46.0.3
   Compiling png v0.17.16
   Compiling webview2-com v0.38.2
   Compiling ghash v0.5.1
   Compiling ctr v0.9.2
   Compiling aes v0.8.4
   Compiling aead v0.5.2
   Compiling rand_chacha v0.3.1
   Compiling hashlink v0.9.1
   Compiling curation v0.1.0 (D:\dev\projects\andromeda-pulse\crates\curation)
   Compiling lru v0.18.3
   Compiling viz v0.1.0 (D:\dev\projects\andromeda-pulse\crates\viz)
   Compiling unicode-xid v0.2.6
   Compiling id-arena v2.3.0
   Compiling zstd-safe v7.2.4
   Compiling wry v0.55.0
   Compiling tauri-runtime v2.11.0
   Compiling rusqlite v0.32.1
   Compiling aes-gcm v0.10.3
   Compiling ico v0.5.0
   Compiling keyring v3.6.3
   Compiling wasm-encoder v0.258.0
   Compiling keyboard-types v0.7.0
   Compiling ittapi-sys v0.4.0
   Compiling tauri-runtime-wry v2.11.0
   Compiling wasmtime-internal-unwinder v46.0.3
   Compiling wit-parser v0.251.0
   Compiling muda v0.19.1
   Compiling wast v258.0.0
   Compiling tauri-codegen v2.6.0
   Compiling softbuffer v0.4.8
   Compiling tao v0.35.0
   Compiling wasmtime-internal-fiber v46.0.3
   Compiling wasmtime-internal-jit-debug v46.0.3
   Compiling dirs-sys-next v0.1.2
   Compiling serialize-to-javascript-impl v0.1.2
   Compiling wasmtime-internal-cranelift v46.0.3
   Compiling fixedbitset v0.4.2
   Compiling wasmtime-internal-component-macro v46.0.3
   Compiling wasmtime-internal-cache v46.0.3
   Compiling petgraph v0.6.5
   Compiling serialize-to-javascript v0.1.2
   Compiling directories-next v2.0.0
   Compiling window-vibrancy v0.6.0
   Compiling tauri-macros v2.6.0
   Compiling zstd v0.13.3
   Compiling wat v1.258.0
   Compiling wasmtime-internal-wit-bindgen v46.0.3
   Compiling tray-icon v0.23.1
   Compiling cranelift-native v0.133.3
   Compiling cranelift-frontend v0.133.3
   Compiling corpus v0.1.0 (D:\dev\projects\andromeda-pulse\crates\corpus)
   Compiling snapshot v0.1.0 (D:\dev\projects\andromeda-pulse\crates\snapshot)
   Compiling reqwest v0.12.28
   Compiling wasmtime v46.0.3
   Compiling debugid v0.8.0
   Compiling workspace-detector v0.1.0 (D:\dev\projects\andromeda-pulse\crates\workspace-detector)
   Compiling serde_repr v0.1.20
   Compiling symlink v0.1.0
   Compiling tracing-appender v0.2.5
   Compiling fxprof-processed-profile v0.8.1
   Compiling ittapi v0.4.0
   Compiling wasm-compose v0.251.0
   Compiling addr2line v0.26.1
   Compiling wasmtime-internal-jit-icache-coherence v46.0.3
   Compiling futures v0.3.32
   Compiling encoding_rs v0.8.35
   Compiling tauri-plugin v2.6.0
   Compiling specta-serde v0.0.9
   Compiling toml_datetime v0.6.11
   Compiling serde_spanned v0.6.9
   Compiling toml_write v0.1.2
   Compiling toml_edit v0.22.27
   Compiling specta-typescript v0.0.9
   Compiling taurpc-macros v0.7.1
   Compiling toml v0.8.23
   Compiling taurpc v0.7.1
   Compiling anstyle v1.0.14
   Compiling notify-types v2.1.0
   Compiling pxfm v0.1.29
   Compiling png v0.18.1
   Compiling notify v8.2.0
   Compiling plugins v0.1.0 (D:\dev\projects\andromeda-pulse\crates\plugins)
   Compiling moxcms v0.8.1
   Compiling tauri-plugin-notification v2.3.3
   Compiling tauri-plugin-updater v2.10.1
   Compiling tauri-plugin-clipboard-manager v2.3.2
   Compiling bytemuck v1.25.0
   Compiling parking v2.2.1
   Compiling byteorder-lite v0.1.0
   Compiling error-code v3.3.2
   Compiling clipboard-win v5.4.1
   Compiling image v0.25.10
   Compiling futures-lite v2.6.1
   Compiling tauri-winrt-notification v0.7.3
   Compiling rustls-platform-verifier v0.7.0
   Compiling bstr v1.12.1
   Compiling globset v0.4.18
   Compiling reqwest v0.13.3
   Compiling notify-rust v4.17.0
   Compiling arboard v3.6.1
   Compiling pulse-app v0.1.0 (D:\dev\projects\andromeda-pulse\pulse-app)
   Compiling zip v4.6.1
   Compiling predicates-core v1.0.10
   Compiling doc-comment v0.3.4
   Compiling minisign-verify v0.2.5
   Compiling ignore v0.4.25
   Compiling termtree v0.5.1
   Compiling difflib v0.4.0
   Compiling predicates v3.1.4
   Compiling predicates-tree v1.0.13
   Compiling globwalk v0.9.1
   Compiling assert_fs v1.1.3
   Compiling toml_edit v0.25.11+spec-1.1.0
   Compiling rstest_macros v0.26.1
   Compiling proc-macro-crate v3.5.0
   Compiling relative-path v1.9.3
   Compiling wait-timeout v0.2.1
   Compiling quick-error v1.2.3
   Compiling rusty-fork v0.3.1
   Compiling rand_xorshift v0.4.0
   Compiling unarray v0.1.4
   Compiling proptest v1.11.0
   Compiling typetag v0.2.21
   Compiling typetag-impl v0.2.21
   Compiling inventory v0.3.24
   Compiling email_address v0.2.9
   Compiling expect-json-macros v1.10.1
   Compiling yansi v1.0.1
   Compiling diff v0.1.13
   Compiling rstest v0.26.1
   Compiling pretty_assertions v1.4.1
   Compiling expect-json v1.10.1
   Compiling rust-multipart-rfc7578_2 v0.8.0
   Compiling reserve-port v2.4.0
   Compiling bytesize v2.3.1
   Compiling axum-test v18.7.0
   Compiling once_cell_polyfill v1.70.2
   Compiling utf8parse v0.2.2
   Compiling anstyle-parse v1.0.0
   Compiling anstyle-wincon v3.0.11
   Compiling anstyle-query v1.1.5
   Compiling is_terminal_polyfill v1.70.2
   Compiling colorchoice v1.0.5
   Compiling anstream v1.0.0
   Compiling clap_lex v1.1.0
   Compiling clap_builder v4.6.0
   Compiling clap_derive v4.6.1
   Compiling clap v4.6.1
   Compiling duckdb v1.10505.0
   Compiling interpretation v0.1.0 (D:\dev\projects\andromeda-pulse\crates\interpretation)
   Compiling mcp-server v0.1.0 (D:\dev\projects\andromeda-pulse\crates\mcp-server)
   Compiling ui-bridge v0.1.0 (D:\dev\projects\andromeda-pulse\crates\ui-bridge)
   Compiling config-watcher v0.1.0 (D:\dev\projects\andromeda-pulse\crates\config-watcher)
   Compiling xtask v0.1.0 (D:\dev\projects\andromeda-pulse\xtask)
    Finished `test` profile [unoptimized + debuginfo] target(s) in 11m 05s
────────────
 Nextest run ID 1e3fd7ca-7650-4739-8761-cf4653c205a4 with nextest profile: default
    Starting 2364 tests across 115 binaries (1 test and 1 binary skipped, including 1 binary via profile.default.default-filter)
        PASS [   0.025s] (   1/2364) buffer appender::tests::build_span_events_record_batch_returns_none_when_no_events_in_any_span
        PASS [   0.112s] (   2/2364) buffer appender::tests::build_span_events_record_batch_populates_fingerprint_for_exception_events
        PASS [   0.212s] (   3/2364) buffer appender::tests::append_spans_batch_empty_input_returns_zero
        PASS [   0.212s] (   4/2364) buffer appender::tests::append_spans_batch_skips_malformed_zero_ids
        PASS [   0.230s] (   5/2364) buffer appender::tests::build_span_events_record_batch_observer_invoked_per_exception_event
        PASS [   0.239s] (   6/2364) buffer appender::tests::append_span_events_batch_skips_when_parent_span_ids_empty
        PASS [   0.239s] (   7/2364) buffer appender::tests::append_spans_batch_round_trips_nanosecond_precision
        PASS [   0.261s] (   8/2364) buffer appender::tests::append_after_a_constraint_violating_flush_returns_instead_of_hanging
        PASS [   0.270s] (   9/2364) buffer appender::tests::build_span_events_record_batch_observer_not_invoked_when_no_exception_events
        PASS [   0.160s] (  10/2364) buffer appender::tests::build_spans_record_batch_returns_none_for_empty_input
        PASS [   0.071s] (  11/2364) buffer appender::tests::build_spans_record_batch_returns_none_when_all_spans_malformed
        PASS [   0.083s] (  12/2364) buffer appender::tests::build_spans_record_batch_returns_some_for_valid_input
        PASS [   0.299s] (  13/2364) buffer appender::tests::build_logs_record_batch_extracts_trace_id_and_span_id_for_correlation
        PASS [   0.300s] (  14/2364) buffer appender::tests::append_span_events_batch_pii_canary_in_exception_stacktrace_redacted
        PASS [   0.303s] (  15/2364) buffer appender::tests::build_spans_record_batch_extracts_service_name_from_resource
        PASS [   0.308s] (  16/2364) buffer appender::tests::append_span_events_batch_leaves_fingerprint_null_for_non_exception_events
        PASS [   0.310s] (  17/2364) buffer appender::tests::append_span_events_batch_pii_canary_in_exception_message_redacted
        PASS [   0.311s] (  18/2364) buffer appender::tests::append_span_events_batch_handles_missing_exception_attributes_as_null
        PASS [   0.317s] (  19/2364) buffer appender::tests::append_span_events_batch_round_trips_exception_attributes
        PASS [   0.318s] (  20/2364) buffer appender::tests::append_logs_batch_same_tick_same_severity_keeps_both_records
        PASS [   0.322s] (  21/2364) buffer appender::tests::append_metrics_batch_same_tick_label_differing_points_keep_both
        PASS [   0.325s] (  22/2364) buffer appender::tests::append_metrics_batch_control_point_survives_alongside_a_collision
        PASS [   0.327s] (  23/2364) buffer appender::tests::append_metrics_batch_distinct_names_redacting_alike_keep_both
        PASS [   0.330s] (  24/2364) buffer appender::tests::append_span_events_batch_round_trips_name
        PASS [   0.332s] (  25/2364) buffer appender::tests::append_span_events_batch_empty_input_returns_zero
        PASS [   0.335s] (  26/2364) buffer appender::tests::append_span_events_batch_assigns_monotonic_event_index_per_span
        PASS [   0.339s] (  27/2364) buffer appender::tests::append_span_events_batch_does_not_log_exception_canaries
        PASS [   0.340s] (  28/2364) buffer appender::tests::append_spans_batch_inserts_rows_and_returns_count
        PASS [   0.342s] (  29/2364) buffer appender::tests::append_metrics_batch_inserts_rows_and_returns_count
        PASS [   0.318s] (  30/2364) buffer appender::tests::build_spans_record_batch_handles_missing_resource_as_empty_service
        PASS [   0.345s] (  31/2364) buffer appender::tests::build_metrics_record_batch_extracts_value_and_kind
        PASS [   0.351s] (  32/2364) buffer appender::tests::append_logs_batch_pii_canary_in_body_redacted_in_log_records
        PASS [   0.352s] (  33/2364) buffer appender::tests::build_logs_record_batch_extracts_body_and_severity_text
        PASS [   0.357s] (  34/2364) buffer appender::tests::append_span_events_batch_inserts_rows_and_returns_count
        PASS [   0.129s] (  35/2364) buffer appender::tests::clean_batch_leaves_the_redaction_counter_at_zero
        PASS [   0.143s] (  36/2364) buffer appender::tests::build_spans_record_batch_writes_end_time_and_status_code
        PASS [   0.377s] (  37/2364) buffer appender::tests::append_logs_batch_inserts_rows_and_returns_count
        PASS [   0.396s] (  38/2364) buffer appender::tests::benign_and_high_entropy_label_values_survive_byte_identical
        PASS [   0.088s] (  39/2364) buffer broadcast::tests::broadcast_capacity_is_128
        PASS [   0.096s] (  40/2364) buffer broadcast::tests::create_returns_three_independent_senders_each_with_zero_subscribers
        PASS [   0.101s] (  41/2364) buffer broadcast::tests::encode_metrics_round_trips_via_stream_reader
        PASS [   0.128s] (  42/2364) buffer appender::tests::redaction_counter_folds_once_per_batch_across_all_four_builders
        PASS [   0.106s] (  43/2364) buffer broadcast::tests::encode_logs_round_trips_via_stream_reader
        PASS [   0.105s] (  44/2364) buffer broadcast::tests::encode_spans_round_trips_via_stream_reader
        PASS [   0.108s] (  45/2364) buffer broadcast::tests::encode_three_streams_use_same_underlying_codec
        PASS [   0.112s] (  46/2364) buffer broadcast::tests::encode_with_cap_returns_bytes_under_size_cap
        PASS [   0.114s] (  47/2364) buffer broadcast::tests::encode_with_cap_returns_size_exceeded_when_over_limit
        PASS [   0.211s] (  48/2364) buffer appender::tests::credential_label_values_redact_in_both_classes_and_keys_survive
        PASS [   0.188s] (  49/2364) buffer appender::tests::empty_attribute_set_stores_the_empty_string
        PASS [   0.122s] (  50/2364) buffer broadcast::tests::lag_detected_when_capacity_overrun
        PASS [   0.181s] (  51/2364) buffer appender::tests::label_encoding_is_attribute_order_independent
        PASS [   0.124s] (  52/2364) buffer broadcast::tests::max_payload_bytes_is_eight_mb
        PASS [   0.195s] (  53/2364) buffer appender::tests::label_differing_points_read_back_distinguishable
        PASS [   0.127s] (  54/2364) buffer broadcast::tests::send_returns_count_equal_to_subscriber_count
        PASS [   0.132s] (  55/2364) buffer broadcast::tests::send_with_zero_subscribers_returns_send_error_silently_droppable
        PASS [   0.136s] (  56/2364) buffer broadcast::tests::stream_name_constants_match_arch_literals
        PASS [   0.222s] (  57/2364) buffer appender::tests::drain_pii_canary_email_redacted_in_log_templates
        PASS [   0.135s] (  58/2364) buffer broadcast::tests::three_subscribers_each_receive_same_bytes
        PASS [   0.184s] (  59/2364) buffer appender::tests::service_name_is_identical_on_the_column_and_the_observer_paths
        PASS [   0.140s] (  60/2364) buffer consumer::tests::describe_error_returns_constant_strings
        PASS [   0.190s] (  61/2364) buffer appender::tests::span_events_name_credential_canary_is_redacted_and_exception_preserved
        PASS [   0.189s] (  62/2364) buffer appender::tests::spans_service_name_credential_canary_is_redacted
        PASS [   0.236s] (  63/2364) buffer appender::tests::metrics_metric_name_credential_canary_is_redacted_and_legitimate_preserved
        PASS [   0.114s] (  64/2364) buffer contract::tests::error_init_displays_reason
        PASS [   0.122s] (  65/2364) buffer contract::tests::error_invalid_batch_carries_kind
        PASS [   0.124s] (  66/2364) buffer contract::tests::error_retention_displays_reason
        PASS [   0.125s] (  67/2364) buffer contract::tests::heartbeat_payload_carries_drain_fields_through
        PASS [   0.127s] (  68/2364) buffer contract::tests::heartbeat_payload_default_state_is_all_zero
        PASS [   0.276s] (  69/2364) buffer appender::tests::logs_severity_text_credential_canary_is_redacted_and_levels_preserved
        PASS [   0.199s] (  70/2364) buffer consumer::tests::run_consumer_broadcasts_encoded_arrow_to_subscriber
        PASS [   0.131s] (  71/2364) buffer contract::tests::heartbeat_payload_reflects_eviction_count
        PASS [   0.186s] (  72/2364) buffer consumer::tests::run_consumer_drains_receiver_and_records_rows
        PASS [   0.132s] (  73/2364) buffer contract::tests::heartbeat_payload_reflects_memory_bytes
        PASS [   0.129s] (  74/2364) buffer contract::tests::heartbeat_payload_reflects_recorded_rows_ingested
        PASS [   0.177s] (  75/2364) buffer consumer::tests::run_consumer_three_subscribers_each_receive_same_payload
        PASS [   0.167s] (  76/2364) buffer consumer::tests::run_consumer_with_no_subscribers_still_appends_to_duckdb
        PASS [   0.132s] (  77/2364) buffer contract::tests::heartbeat_payload_reflects_retention_active_flip
        PASS [   0.237s] (  78/2364) buffer consumer::tests::dispatch_folds_no_redactions_when_the_append_is_rejected
        PASS [   0.248s] (  79/2364) buffer consumer::tests::dispatch_batch_writes_span_events_alongside_spans_under_same_lock_guard
        PASS [   0.297s] (  80/2364) buffer appender::tests::spans_service_name_legitimate_value_survives_byte_identical
        PASS [   0.147s] (  81/2364) buffer drain::tests::assign_distinct_token_counts_get_distinct_ids
        PASS [   0.246s] (  82/2364) buffer consumer::tests::dispatch_folds_redactions_after_a_successful_append
        PASS [   0.155s] (  83/2364) buffer drain::tests::assign_distinct_bodies_get_distinct_ids
        PASS [   0.158s] (  84/2364) buffer drain::tests::assign_identical_bodies_returns_same_template_id
        PASS [   0.158s] (  85/2364) buffer drain::tests::assign_increments_occurrence_count
        PASS [   0.228s] (  86/2364) buffer consumer::tests::run_consumer_invokes_fingerprint_observer_on_exception_span_events
        PASS [   0.156s] (  87/2364) buffer drain::tests::assign_returns_none_for_empty_body
        PASS [   0.159s] (  88/2364) buffer drain::tests::assign_returns_template_id_starting_at_one
        PASS [   0.154s] (  89/2364) buffer drain::tests::drift_for_empty_template_is_healthy
        PASS [   0.161s] (  90/2364) buffer drain::tests::default_config_matches_route_spec
        PASS [   0.155s] (  91/2364) buffer drain::tests::drift_for_high_wildcard_ratio_is_over_generalized
        PASS [   0.176s] (  92/2364) buffer drain::tests::default_config_via_default_trait_matches_default_config_fn
        PASS [   0.165s] (  93/2364) buffer drain::tests::drift_indicator_healthy_for_stable_repeated_template
        PASS [   0.169s] (  94/2364) buffer drain::tests::drift_indicator_under_clustered_for_single_occurrence
        PASS [   0.143s] (  95/2364) buffer drain::tests::hex_masking_clusters_distinct_addresses
        PASS [   0.136s] (  96/2364) buffer drain::tests::ipv4_masking_clusters_distinct_ips
        PASS [   0.117s] (  97/2364) buffer drain::tests::lru_eviction_bounds_max_clusters
        PASS [   0.131s] (  98/2364) buffer drain::tests::load_from_persistence_returns_false_when_no_persistence
        PASS [   0.116s] (  99/2364) buffer drain::tests::mask_body_handles_empty_pattern_list
        PASS [   0.132s] ( 100/2364) buffer drain::tests::load_rejects_mismatched_schema_version
        PASS [   0.119s] ( 101/2364) buffer drain::tests::merge_template_preserves_existing_wildcards
        PASS [   0.122s] ( 102/2364) buffer drain::tests::merge_template_replaces_differing_positions_with_wildcard
        PASS [   0.135s] ( 103/2364) buffer drain::tests::null_template_id_constant_is_zero
        PASS [   0.151s] ( 104/2364) buffer drain::tests::numeric_masking_clusters_messages_differing_only_in_numbers
        PASS [   0.146s] ( 105/2364) buffer drain::tests::position_similarity_one_for_identical_inputs
        PASS [   0.156s] ( 106/2364) buffer drain::tests::path_masking_clusters_distinct_posix_paths
        PASS [   0.147s] ( 107/2364) buffer drain::tests::position_similarity_partial_match
        PASS [   0.150s] ( 108/2364) buffer drain::tests::persist_returns_false_when_no_persistence
        PASS [   0.140s] ( 109/2364) buffer drain::tests::position_similarity_treats_template_wildcard_as_match
        PASS [   0.143s] ( 110/2364) buffer drain::tests::position_similarity_zero_for_empty_inputs
        PASS [   0.147s] ( 111/2364) buffer drain::tests::schema_version_constant_is_one
        PASS [   0.163s] ( 112/2364) buffer drain::tests::template_count_reflects_unique_clusters
        PASS [   0.150s] ( 113/2364) buffer drain::tests::wildcard_token_constant_is_drain3_canonical
        PASS [   0.160s] ( 114/2364) buffer drain::tests::template_distribution_respects_top_n_truncation
        PASS [   0.155s] ( 115/2364) buffer fingerprint::tests::compute_differs_for_relative_paths_differing_below_leading_segment
        PASS [   0.165s] ( 116/2364) buffer drain::tests::template_distribution_sorts_descending_by_count
        PASS [   0.206s] ( 117/2364) buffer drain::tests::persist_and_load_round_trip_preserves_clusters
        PASS [   0.153s] ( 118/2364) buffer fingerprint::tests::compute_differs_when_exception_type_differs
        PASS [   0.158s] ( 119/2364) buffer fingerprint::tests::compute_differs_when_first_three_frames_differ
        PASS [   0.160s] ( 120/2364) buffer fingerprint::tests::compute_does_not_include_exception_message_in_preimage
        PASS [   0.162s] ( 121/2364) buffer fingerprint::tests::compute_is_deterministic_across_invocations
        PASS [   0.202s] ( 122/2364) buffer drain::tests::snapshot_state_returns_pii_scrubbed_template_tokens
        PASS [   0.152s] ( 123/2364) buffer fingerprint::tests::compute_returns_none_for_empty_exception_type
        PASS [   0.195s] ( 124/2364) buffer drain::tests::snapshot_state_round_trips_via_bincode
        PASS [   0.156s] ( 125/2364) buffer fingerprint::tests::compute_returns_none_for_missing_exception_type
        PASS [   0.157s] ( 126/2364) buffer fingerprint::tests::compute_strips_hex_memory_addresses
        PASS [   0.151s] ( 127/2364) buffer fingerprint::tests::compute_strips_line_column_suffixes
        PASS [   0.156s] ( 128/2364) buffer fingerprint::tests::compute_strips_paths_and_line_numbers::case_1
        PASS [   0.159s] ( 129/2364) buffer fingerprint::tests::compute_strips_paths_and_line_numbers::case_2
        PASS [   0.163s] ( 130/2364) buffer fingerprint::tests::compute_truncates_to_first_three_frames
        PASS [   0.163s] ( 131/2364) buffer fingerprint::tests::compute_with_empty_stacktrace_string_equals_compute_with_none
        PASS [   0.166s] ( 132/2364) buffer fingerprint::tests::compute_with_no_stacktrace_still_produces_fingerprint
        PASS [   0.168s] ( 133/2364) buffer fingerprint::tests::fingerprint_to_hex_prefix_yields_8_lowercase_hex_chars
        PASS [   0.168s] ( 134/2364) buffer fingerprint::tests::noop_observer_safe_to_call
        PASS [   0.153s] ( 135/2364) buffer fingerprint::tests::normalize_stacktrace_handles_empty_input
        PASS [   0.140s] ( 136/2364) buffer fingerprint::tests::normalize_stacktrace_preserves_relative_paths_in_full
        PASS [   0.140s] ( 137/2364) buffer fingerprint::tests::normalize_stacktrace_skips_empty_lines
        PASS [   0.145s] ( 138/2364) buffer fingerprint::tests::normalize_stacktrace_strips_only_absolute_paths::case_1
        PASS [   0.148s] ( 139/2364) buffer fingerprint::tests::normalize_stacktrace_strips_only_absolute_paths::case_2
        PASS [   0.152s] ( 140/2364) buffer fingerprint::tests::normalize_stacktrace_strips_only_absolute_paths::case_3
        PASS [   0.154s] ( 141/2364) buffer fingerprint::tests::observer_trait_object_callable
        PASS [   0.156s] ( 142/2364) buffer retention::tests::delete_by_cutoff_constants_match_reserved_tables
        PASS [   0.152s] ( 143/2364) buffer retention::tests::describe_error_returns_constant_strings_including_retention
        PASS [   0.130s] ( 144/2364) buffer retention::tests::retention_excluded_tables_are_subset_of_reserved
        PASS [   0.165s] ( 145/2364) buffer schema::tests::ddl_constants_match_concatenated_schema
        PASS [   0.196s] ( 146/2364) buffer retention::tests::retention_sweep_inner_iterates_all_swept_tables_returns_zero_when_empty
        PASS [   0.196s] ( 147/2364) buffer retention::tests::retention_sweep_inner_returns_connection_lost_on_poisoned_mutex
        PASS [   0.215s] ( 148/2364) buffer retention::tests::retention_sweep_inner_with_cutoff_after_window_evicts_rows
        PASS [   0.223s] ( 149/2364) buffer retention::tests::retention_sweep_inner_with_cutoff_before_window_preserves_rows
        PASS [   0.218s] ( 150/2364) buffer retention::tests::run_one_sweep_sets_memory_bytes_per_rows_active_estimate
        PASS [   0.224s] ( 151/2364) buffer retention::tests::run_one_sweep_evicts_old_rows_and_marks_active
        PASS [   0.213s] ( 152/2364) buffer retention::tests::run_retention_can_be_spawned_and_aborted_cleanly
        PASS [   0.223s] ( 153/2364) buffer schema::tests::create_schema_is_idempotent
        PASS [   0.225s] ( 154/2364) buffer schema::tests::create_schema_succeeds_on_fresh_connection
        PASS [   0.238s] ( 155/2364) buffer retention::tests::run_one_sweep_sets_zero_memory_bytes_when_all_evicted
        PASS [   0.193s] ( 156/2364) buffer state::tests::concurrent_metric_seq_reservations_never_overlap
        PASS [   0.195s] ( 157/2364) buffer state::tests::concurrent_record_rows_appended_accumulates_correctly
        PASS [   0.192s] ( 158/2364) buffer state::tests::first_append_is_zero_until_first_record_then_set_once
        PASS [   0.200s] ( 159/2364) buffer state::tests::last_append_is_zero_until_first_record
        PASS [   0.202s] ( 160/2364) buffer state::tests::last_append_refreshes_while_first_append_latches
        PASS [   0.252s] ( 161/2364) buffer schema::tests::log_records_primary_key_includes_seq_ordinal
        PASS [   0.253s] ( 162/2364) buffer schema::tests::metrics_points_primary_key_includes_seq_ordinal
        PASS [   0.209s] ( 163/2364) buffer state::tests::log_and_metric_seq_allocators_are_independent
        PASS [   0.210s] ( 164/2364) buffer state::tests::mark_retention_active_flips_to_true
        PASS [   0.299s] ( 165/2364) buffer schema::tests::each_reserved_table_has_ts_and_ts_unix_nano_columns::case_1
        PASS [   0.263s] ( 166/2364) buffer schema::tests::schema_creates_exactly_eight_reserved_tables
        PASS [   0.216s] ( 167/2364) buffer state::tests::mark_retention_active_is_idempotent
        PASS [   0.300s] ( 168/2364) buffer schema::tests::each_reserved_table_has_ts_and_ts_unix_nano_columns::case_2
        PASS [   0.261s] ( 169/2364) buffer schema::tests::spans_primary_key_is_composite_trace_id_span_id
        PASS [   0.215s] ( 170/2364) buffer state::tests::record_methods_target_distinct_counters
        PASS [   0.262s] ( 171/2364) buffer schema::tests::ts_unix_nano_round_trips_full_u64_precision
        PASS [   0.303s] ( 172/2364) buffer schema::tests::each_reserved_table_has_ts_and_ts_unix_nano_columns::case_3
        PASS [   0.301s] ( 173/2364) buffer schema::tests::each_reserved_table_has_ts_and_ts_unix_nano_columns::case_4
        PASS [   0.158s] ( 174/2364) buffer state::tests::record_rows_appended_accumulates
        PASS [   0.159s] ( 175/2364) buffer state::tests::reserve_seq_block_of_zero_does_not_advance
        PASS [   0.301s] ( 176/2364) buffer schema::tests::log_records_has_nullable_template_id_column
        PASS [   0.161s] ( 177/2364) buffer state::tests::reserve_seq_blocks_are_contiguous_and_monotonic
        PASS [   0.145s] ( 178/2364) buffer state::tests::retention_window_active_starts_false
        PASS [   0.309s] ( 179/2364) buffer schema::tests::log_templates_has_first_seen_and_last_seen_columns
        PASS [   0.143s] ( 180/2364) buffer state::tests::seq_allocators_are_absent_from_the_snapshot
        PASS [   0.156s] ( 181/2364) buffer state::tests::snapshot_is_zero_at_init
        PASS [   0.154s] ( 182/2364) config-watcher event::tests::broadcast_starts_zero_subscribers
        PASS [   0.159s] ( 183/2364) config-watcher event::tests::broadcast_round_trips_payload
        PASS [   0.154s] ( 184/2364) config-watcher event::tests::config_event_payload_has_no_user_content_string_fields
        PASS [   0.133s] ( 185/2364) config-watcher event::tests::stream_name_matches_pulse_uri_convention
        PASS [   0.131s] ( 186/2364) config-watcher partition::tests::cadence_and_lifecycle_changes_land_in_hot_bucket
        PASS [   0.192s] ( 187/2364) buffer::drain_golden_corpus drain_mines_synthetic_basic_matches_golden_expected
        PASS [   0.188s] ( 188/2364) buffer::drain_golden_corpus drain_template_count_matches_input_template_diversity
        PASS [   0.136s] ( 189/2364) config-watcher partition::tests::drain_retention_mcp_changes_land_in_restart_bucket
        PASS [   0.124s] ( 190/2364) config-watcher partition::tests::no_change_yields_empty_buckets
        PASS [   0.124s] ( 191/2364) config-watcher partition::tests::ui_pref_changes_land_in_silent_bucket
        PASS [   0.134s] ( 192/2364) config-watcher watcher::tests::reload_and_classify_rejects_malformed_toml
        PASS [   0.145s] ( 193/2364) config-watcher watcher::tests::reload_and_classify_applies_valid_change
        PASS [   0.140s] ( 194/2364) config-watcher watcher::tests::reload_and_classify_rejects_out_of_range_and_retains
        PASS [   0.135s] ( 195/2364) config-watcher watcher::tests::resolve_config_path_rejects_parent_dir_traversal
        PASS [   0.140s] ( 196/2364) config-watcher watcher::tests::reload_and_classify_unchanged_for_identical_config
        PASS [   0.135s] ( 197/2364) config-watcher watcher::tests::resolve_config_path_returns_config_under_canonical_dir
        PASS [   0.137s] ( 198/2364) config-watcher watcher::tests::wait_for_settled_returns_false_when_channel_closes
        PASS [   0.136s] ( 199/2364) config-watcher watcher::tests::wait_for_settled_returns_true_after_quiet_window
        PASS [   0.150s] ( 200/2364) corpus contract::tests::corpus_reader_trait_dispatch_works
        PASS [   0.149s] ( 201/2364) corpus contract::tests::corpus_writer_distinct_layer_or_name_persists_separately
        PASS [   0.153s] ( 202/2364) corpus contract::tests::corpus_writer_empty_payload_round_trips
        PASS [   0.158s] ( 203/2364) corpus contract::tests::corpus_writer_load_returns_latest_snapshot_when_multiple_saved
        PASS [   0.159s] ( 204/2364) corpus contract::tests::corpus_writer_load_returns_none_when_no_prior_save
        PASS [   0.168s] ( 205/2364) corpus contract::tests::corpus_writer_save_then_load_round_trips_plaintext_bytes
        PASS [   0.168s] ( 206/2364) corpus contract::tests::corpus_writer_trait_dispatch_works
        PASS [   0.164s] ( 207/2364) corpus contract::tests::declined_write_records_no_event
        PASS [   0.167s] ( 208/2364) corpus contract::tests::inspect_includes_all_six_tables
        PASS [   0.157s] ( 209/2364) corpus contract::tests::inspect_reflects_inserted_rows
        PASS [   0.143s] ( 210/2364) corpus contract::tests::inspect_returns_zero_counts_for_fresh_corpus
        PASS [   0.145s] ( 211/2364) corpus contract::tests::load_all_incidents_returns_all_statuses_and_workspaces_in_insertion_order
        PASS [   0.149s] ( 212/2364) corpus contract::tests::load_all_incidents_returns_empty_for_fresh_corpus
        PASS [   0.222s] ( 213/2364) corpus contract::tests::corpus_writer_persists_across_corpus_reopen
        PASS [   0.213s] ( 214/2364) corpus contract::tests::debug_does_not_leak_full_path
        PASS [   0.226s] ( 215/2364) corpus contract::tests::corpus_writer_save_encrypts_payload_on_disk
        PASS [   0.162s] ( 216/2364) corpus contract::tests::load_incident_by_id_returns_none_for_missing_id
        PASS [   0.583s] ( 217/2364) buffer retention::tests::retention_sweep_inner_chaos_evicts_partial_subset
        PASS [   0.158s] ( 218/2364) corpus contract::tests::load_incident_by_id_returns_row_after_save
        PASS [   0.159s] ( 219/2364) corpus contract::tests::load_incident_by_id_returns_resolved_row
        PASS [   0.159s] ( 220/2364) corpus contract::tests::load_incidents_for_workspace_since_filters_workspace_and_cutoff
        PASS [   0.163s] ( 221/2364) corpus contract::tests::load_incidents_for_workspace_since_includes_resolved_and_boundary_row
        PASS [   0.145s] ( 222/2364) corpus contract::tests::open_in_memory_returns_corpus_with_default_schema_version
        PASS [   0.152s] ( 223/2364) corpus contract::tests::purge_pipeline_metrics_deletes_old_rows_and_keeps_recent
        PASS [   0.202s] ( 224/2364) corpus contract::tests::load_incident_by_id_reports_not_found_for_an_undecryptable_row
        PASS [   0.149s] ( 225/2364) corpus contract::tests::purge_pipeline_metrics_preserves_latest_row_per_series_even_when_stale
        PASS [   0.151s] ( 226/2364) corpus contract::tests::purge_pipeline_metrics_returns_zero_on_empty_table
        PASS [   0.155s] ( 227/2364) corpus contract::tests::same_status_refresh_records_no_event
        PASS [   0.155s] ( 228/2364) corpus contract::tests::status_value_change_records_one_lifecycle_event_per_transition
        PASS [   0.159s] ( 229/2364) corpus contract::tests::update_incident_status_applies_an_equal_timestamp_write
        PASS [   0.148s] ( 230/2364) corpus contract::tests::update_incident_status_declines_a_write_older_than_the_stored_row
        PASS [   0.152s] ( 231/2364) corpus contract::tests::update_incident_status_still_errors_for_a_missing_row
        PASS [   0.150s] ( 232/2364) corpus db::tests::count_table_increments_after_insert
        PASS [   0.196s] ( 233/2364) corpus contract::tests::open_on_disk_persists_across_close_and_reopen
        PASS [   0.148s] ( 234/2364) corpus db::tests::count_table_rejects_arbitrary_names
        PASS [   0.147s] ( 235/2364) corpus db::tests::count_table_rejects_sql_injection_attempt
        PASS [   0.227s] ( 236/2364) corpus contract::tests::mixed_corpus_returns_readable_incidents_and_skips_the_undecryptable_ones
        PASS [   0.139s] ( 237/2364) corpus db::tests::file_size_zero_for_nonexistent_path
        PASS [   0.135s] ( 238/2364) corpus db::tests::open_in_memory_runs_migrations
        PASS [   0.173s] ( 239/2364) corpus db::tests::file_size_nonzero_after_open
        PASS [   0.124s] ( 240/2364) corpus disposition::tests::rendered_inventory_names_service_registry_as_unaffected
        PASS [   0.175s] ( 241/2364) corpus db::tests::open_at_path_creates_file_and_runs_migrations
        PASS [   0.169s] ( 242/2364) corpus disposition::tests::disposition_is_a_noop_when_nothing_is_orphaned
        PASS [   0.139s] ( 243/2364) corpus encryption::tests::ciphertext_includes_nonce_prefix
        PASS [   0.143s] ( 244/2364) corpus encryption::tests::debug_does_not_leak_key_material
        PASS [   0.146s] ( 245/2364) corpus encryption::tests::decrypt_tampered_payload_fails
        PASS [   0.149s] ( 246/2364) corpus encryption::tests::decrypt_truncated_payload_fails
        PASS [   0.152s] ( 247/2364) corpus encryption::tests::decrypt_with_different_key_fails
        PASS [   0.152s] ( 248/2364) corpus encryption::tests::each_encryption_uses_fresh_nonce
        PASS [   0.145s] ( 249/2364) corpus encryption::tests::empty_plaintext_round_trips
        PASS [   0.137s] ( 250/2364) corpus encryption::tests::round_trip_preserves_plaintext
        PASS [   0.140s] ( 251/2364) corpus keychain::tests::backend_kind_as_str_bounded_enumeration
        PASS [   0.144s] ( 252/2364) corpus keychain::tests::child_writes_its_resolved_key
        PASS [   0.146s] ( 253/2364) corpus keychain::tests::decode_rejects_non_hex
        PASS [   0.144s] ( 254/2364) corpus keychain::tests::decode_rejects_wrong_length
        PASS [   0.145s] ( 255/2364) corpus keychain::tests::derived_keys_differ_by_passphrase_and_by_service_id
        PASS [   0.144s] ( 256/2364) corpus keychain::tests::encode_decode_round_trips
        PASS [   0.168s] ( 257/2364) corpus keychain::tests::corpus_key_survives_a_real_process_boundary
        PASS [   0.146s] ( 258/2364) corpus keychain::tests::fake_backend_kind_is_in_memory_fake
        PASS [   0.143s] ( 259/2364) corpus keychain::tests::fake_backend_returns_different_keys_for_different_services
        PASS [   0.145s] ( 260/2364) corpus keychain::tests::fake_backend_returns_same_key_on_repeated_fetch
        PASS [   0.148s] ( 261/2364) corpus keychain::tests::fake_backend_with_seeded_key_returns_seed
        PASS [   0.149s] ( 262/2364) corpus keychain::tests::passphrase_bounded_parse_rejects_empty_and_oversized
        PASS [   0.150s] ( 263/2364) corpus keychain::tests::passphrase_fallback_is_stable_across_backend_instances
        PASS [   0.148s] ( 264/2364) corpus keychain::tests::resolve_key_falls_back_to_passphrase_when_the_store_is_unavailable
        PASS [   0.144s] ( 265/2364) corpus keychain::tests::resolve_key_prefers_the_os_store_when_it_serves
        PASS [   0.268s] ( 266/2364) corpus disposition::tests::disposition_preserves_every_row_when_the_inventory_cannot_be_written
        PASS [   0.128s] ( 267/2364) corpus keychain::tests::resolve_key_surfaces_the_store_error_when_no_passphrase_is_configured
        PASS [   0.130s] ( 268/2364) corpus schema::tests::migrations_apply_to_fresh_db
        PASS [   0.281s] ( 269/2364) corpus disposition::tests::disposition_is_idempotent_across_repeated_boots
        PASS [   0.120s] ( 270/2364) corpus schema::tests::migrations_are_idempotent
        PASS [   0.125s] ( 271/2364) corpus schema::tests::migrations_create_all_expected_tables
        PASS [   0.121s] ( 272/2364) corpus schema::tests::migrations_reject_unknown_schema_version
        PASS [   0.123s] ( 273/2364) corpus schema::tests::user_version_set_after_migration
        PASS [   0.271s] ( 274/2364) corpus disposition::tests::scan_finds_every_payload_table_and_never_service_registry
        PASS [   0.294s] ( 275/2364) corpus disposition::tests::disposition_writes_the_inventory_then_purges_and_spares_service_registry
        PASS [   0.124s] ( 276/2364) corpus schema::tests::v1_corpus_upgrades_to_v2_dropping_baseline_state
        PASS [   0.274s] ( 277/2364) corpus disposition::tests::scan_reads_incident_metadata_without_the_key
        PASS [   0.129s] ( 278/2364) curation aggregation::tests::aggregate_100_element_known_indices
        PASS [   0.125s] ( 279/2364) curation aggregation::tests::aggregate_empty_input_returns_zero_values
        PASS [   0.122s] ( 280/2364) curation aggregation::tests::aggregate_negative_duration_clamps_to_zero
        PASS [   0.123s] ( 281/2364) curation aggregation::tests::aggregate_per_service_breakdown_isolates_buckets
        PASS [   0.123s] ( 282/2364) curation aggregation::tests::aggregate_per_service_iteration_is_alphabetical
        PASS [   0.122s] ( 283/2364) curation aggregation::tests::aggregate_single_span_returns_uniform_percentiles
        PASS [   0.117s] ( 284/2364) curation aggregation::tests::aggregate_skewed_distribution_p99_isolates_outlier
        PASS [   0.117s] ( 285/2364) curation aggregation::tests::aggregate_two_spans_p50_takes_higher_via_nearest_rank
        PASS [   0.116s] ( 286/2364) curation aggregation::tests::aggregate_uniform_distribution_all_percentiles_equal
        PASS [   0.119s] ( 287/2364) curation anomaly::tests::cardinality_spike_empty_input_returns_empty
        PASS [   0.117s] ( 288/2364) curation anomaly::tests::cardinality_spike_one_service_2x_median_flagged
        PASS [   0.120s] ( 289/2364) curation anomaly::tests::cardinality_spike_single_service_returns_empty
        PASS [   0.123s] ( 290/2364) curation anomaly::tests::detect_anomalies_deterministic_across_invocations
        PASS [   0.121s] ( 291/2364) curation anomaly::tests::detect_anomalies_empty_input_returns_empty
        PASS [   0.122s] ( 292/2364) curation anomaly::tests::detect_anomalies_orders_severity_descending
        PASS [   0.168s] ( 293/2364) curation aggregation::tests::aggregate_percentile_monotonicity_invariant
        PASS [   0.121s] ( 294/2364) curation anomaly::tests::detect_anomalies_single_span_returns_empty
        PASS [   0.121s] ( 295/2364) curation anomaly::tests::error_correlation_below_threshold_returns_empty
        PASS [   0.121s] ( 296/2364) curation anomaly::tests::error_correlation_no_errors_returns_empty
        PASS [   0.120s] ( 297/2364) curation anomaly::tests::error_correlation_separates_services
        PASS [   0.120s] ( 298/2364) curation anomaly::tests::error_correlation_three_errors_per_service_flagged
        PASS [   0.123s] ( 299/2364) curation anomaly::tests::latency_outliers_empty_input_returns_empty
        PASS [   0.139s] ( 300/2364) curation anomaly::tests::latency_outliers_extreme_outlier_flagged
        PASS [   0.141s] ( 301/2364) curation anomaly::tests::latency_outliers_rationale_starts_capital_contains_sigma
        PASS [   0.144s] ( 302/2364) curation anomaly::tests::latency_outliers_uniform_durations_no_outlier
        PASS [   0.141s] ( 303/2364) curation anomaly::tests::rationale_strings_factual_form_no_exclamation_or_interpretive
        PASS [   0.144s] ( 304/2364) curation contract::tests::anomaly_kind_round_trips_through_serde
        PASS [   0.142s] ( 305/2364) curation contract::tests::anomaly_kind_serializes_snake_case
        PASS [   0.142s] ( 306/2364) curation contract::tests::anomaly_marker_round_trips_through_serde
        PASS [   0.144s] ( 307/2364) curation contract::tests::critical_path_step_round_trips_through_serde
        PASS [   0.148s] ( 308/2364) curation contract::tests::curation_output_round_trips_through_serde
        PASS [   0.151s] ( 309/2364) curation contract::tests::span_record_round_trips_through_serde
        PASS [   0.148s] ( 310/2364) curation critical_path::tests::binary_tree_picks_longer_branch
        PASS [   0.152s] ( 311/2364) curation critical_path::tests::deterministic_across_invocations
        PASS [   0.153s] ( 312/2364) curation critical_path::tests::empty_input_returns_empty_path
        PASS [   0.152s] ( 313/2364) curation critical_path::tests::equal_branches_break_tie_by_lower_span_id
        PASS [   0.152s] ( 314/2364) curation critical_path::tests::linear_chain_returns_full_chain_in_order
        PASS [   0.148s] ( 315/2364) curation critical_path::tests::negative_duration_clamped_to_zero_no_panic
        PASS [   0.147s] ( 316/2364) curation critical_path::tests::orphan_parent_reference_treated_as_synthetic_root_no_panic
        PASS [   0.146s] ( 317/2364) curation critical_path::tests::single_span_returns_single_step
        PASS [   0.147s] ( 318/2364) curation critical_path::tests::two_disjoint_trees_returns_longest_chain
        PASS [   0.147s] ( 319/2364) curation dedupe::tests::count_invariant_holds_input_equals_unique_plus_dedup
        PASS [   0.146s] ( 320/2364) curation dedupe::tests::empty_input_returns_empty_result
        PASS [   0.146s] ( 321/2364) curation dedupe::tests::output_ordering_is_deterministic_across_invocations
        PASS [   0.147s] ( 322/2364) curation dedupe::tests::single_span_passes_through_unchanged
        PASS [   0.146s] ( 323/2364) curation dedupe::tests::spans_differing_by_duration_bucket_do_not_collapse
        PASS [   0.146s] ( 324/2364) curation dedupe::tests::spans_differing_by_name_do_not_collapse
        PASS [   0.149s] ( 325/2364) curation dedupe::tests::spans_differing_by_service_name_do_not_collapse
        PASS [   0.151s] ( 326/2364) curation dedupe::tests::spans_within_same_duration_bucket_collapse
        PASS [   0.152s] ( 327/2364) curation dedupe::tests::two_identical_spans_collapse_to_one_unique_one_dedup
        PASS [   0.163s] ( 328/2364) ingest channel::tests::build_channel_default_capacity_matches_constant
        PASS [   0.159s] ( 329/2364) ingest channel::tests::capacity_pct_recovers_after_drain
        PASS [   0.156s] ( 330/2364) ingest channel::tests::capacity_pct_reflects_used_slots
        PASS [   0.155s] ( 331/2364) ingest channel::tests::try_send_returns_channel_full_when_receiver_dropped
        PASS [   0.140s] ( 332/2364) ingest channel::tests::try_send_returns_channel_full_when_saturated
        PASS [   0.141s] ( 333/2364) ingest channel::tests::try_send_succeeds_within_capacity
        PASS [   0.138s] ( 334/2364) ingest connection::tests::broadcast_new_starts_with_zero_subscribers
        PASS [   0.139s] ( 335/2364) ingest connection::tests::broadcast_subscribe_increments_subscriber_count
        PASS [   0.139s] ( 336/2364) ingest connection::tests::compute_state_age_at_idle_threshold_boundary_returns_idle
        PASS [   0.143s] ( 337/2364) ingest connection::tests::compute_state_age_at_stalled_threshold_returns_stalled
        PASS [   0.142s] ( 338/2364) ingest connection::tests::compute_state_age_between_idle_and_stalled_returns_idle
        PASS [   0.143s] ( 339/2364) ingest connection::tests::compute_state_age_past_stalled_returns_stalled
        PASS [   0.143s] ( 340/2364) ingest connection::tests::compute_state_bind_failed_overrides_all_other_signals
        PASS [   0.142s] ( 341/2364) ingest connection::tests::compute_state_negative_age_treated_as_recent
        PASS [   0.142s] ( 342/2364) ingest connection::tests::compute_state_no_ingest_returns_listening
        PASS [   0.144s] ( 343/2364) ingest connection::tests::compute_state_recent_ingest_returns_receiving
        PASS [   0.144s] ( 344/2364) ingest connection::tests::last_span_ago_ms_clamps_negative_to_zero
        PASS [   0.143s] ( 345/2364) ingest connection::tests::last_span_ago_ms_computes_millis
        PASS [   0.144s] ( 346/2364) ingest connection::tests::last_span_ago_ms_zero_when_no_ingest
        PASS [   0.145s] ( 347/2364) ingest connection::tests::message_for_listening_receiving_idle_returns_none
        PASS [   0.145s] ( 348/2364) ingest connection::tests::message_for_receiver_failed_contains_no_path_or_line_markers
        PASS [   0.145s] ( 349/2364) ingest connection::tests::message_for_receiver_failed_includes_reason_label
        PASS [   0.146s] ( 350/2364) ingest connection::tests::message_for_receiver_failed_without_reason_is_generic
        PASS [   0.146s] ( 351/2364) ingest connection::tests::message_for_stalled_contains_no_path_or_line_markers
        PASS [   0.147s] ( 352/2364) ingest connection::tests::message_for_stalled_describes_lag_in_seconds
        PASS [   0.147s] ( 353/2364) ingest connection::tests::payload_serialization_includes_severity_and_reason_lowercase
        PASS [   0.147s] ( 354/2364) ingest connection::tests::payload_serialization_includes_state_tag
        PASS [   0.146s] ( 355/2364) ingest connection::tests::payload_serialization_omits_presentation_fields
        PASS [   0.147s] ( 356/2364) ingest connection::tests::poller_emits_only_on_state_change_no_per_tick_events
        PASS [   0.147s] ( 357/2364) ingest connection::tests::poller_transitions_listening_to_receiving_on_first_ingest
        PASS [   0.147s] ( 358/2364) ingest connection::tests::poller_transitions_to_receiver_failed_on_bind_failure
        PASS [   0.146s] ( 359/2364) ingest connection::tests::severity_for_maps_each_state
        PASS [   0.135s] ( 360/2364) ingest connection::tests::severity_label_returns_lowercase
        PASS [   0.140s] ( 361/2364) ingest connection::tests::state_label_returns_pascal_case_for_each_variant
        PASS [   0.142s] ( 362/2364) ingest contract::tests::channel_full_error_displays_constant_string
        PASS [   0.143s] ( 363/2364) ingest contract::tests::heartbeat_payload_default_state_is_all_zero
        PASS [   0.144s] ( 364/2364) ingest contract::tests::heartbeat_payload_reflects_live_channel_capacity
        PASS [   0.143s] ( 365/2364) ingest contract::tests::heartbeat_payload_reflects_recorded_spans
        PASS [   0.145s] ( 366/2364) ingest contract::tests::invalid_port_error_message_carries_rejected_value
        PASS [   0.144s] ( 367/2364) ingest contract::tests::invariant_violation_error_carries_kind_and_lengths
        PASS [   0.144s] ( 368/2364) ingest contract::tests::otlp_port_accepts_spec_defaults_and_non_privileged::case_1
        PASS [   0.141s] ( 369/2364) ingest contract::tests::otlp_port_accepts_spec_defaults_and_non_privileged::case_2
        PASS [   0.142s] ( 370/2364) ingest contract::tests::otlp_port_accepts_spec_defaults_and_non_privileged::case_3
        PASS [   0.142s] ( 371/2364) ingest contract::tests::otlp_port_accepts_spec_defaults_and_non_privileged::case_4
        PASS [   0.142s] ( 372/2364) ingest contract::tests::otlp_port_accepts_spec_defaults_and_non_privileged::case_5
        PASS [   0.143s] ( 373/2364) ingest contract::tests::otlp_port_rejects_privileged_or_zero::case_1
        PASS [   0.144s] ( 374/2364) ingest contract::tests::otlp_port_rejects_privileged_or_zero::case_2
        PASS [   0.142s] ( 375/2364) ingest contract::tests::otlp_port_rejects_privileged_or_zero::case_3
        PASS [   0.142s] ( 376/2364) ingest contract::tests::otlp_port_rejects_privileged_or_zero::case_4
        PASS [   0.142s] ( 377/2364) ingest contract::tests::otlp_port_rejects_privileged_or_zero::case_5
        PASS [   0.141s] ( 378/2364) ingest contract::tests::otlp_port_value_round_trips
        PASS [   0.145s] ( 379/2364) ingest grpc::tests::count_spans_sums_across_resource_and_scope
        PASS [   0.146s] ( 380/2364) ingest grpc::tests::count_spans_zero_for_empty
        PASS [   0.148s] ( 381/2364) ingest grpc::tests::extract_traceparent_returns_hex_when_present
        PASS [   0.146s] ( 382/2364) ingest grpc::tests::extract_traceparent_returns_none_when_missing
        PASS [   0.146s] ( 383/2364) ingest grpc::tests::max_decoding_size_is_8_mb
        PASS [   0.151s] ( 384/2364) ingest grpc::tests::try_bind_returns_bind_failed_on_collision
        PASS [   0.151s] ( 385/2364) ingest grpc::tests::try_bind_succeeds_on_ephemeral_port
        PASS [   0.147s] ( 386/2364) ingest http::tests::content_type_is_protobuf_accepts_canonical
        PASS [   0.147s] ( 387/2364) ingest http::tests::content_type_is_protobuf_accepts_canonical_with_charset
        PASS [   0.146s] ( 388/2364) ingest http::tests::content_type_is_protobuf_false_when_missing
        PASS [   0.146s] ( 389/2364) ingest http::tests::content_type_is_protobuf_rejects_json
        PASS [   0.147s] ( 390/2364) ingest http::tests::count_spans_sums_across_resource_and_scope
        PASS [   0.152s] ( 391/2364) ingest http::tests::count_spans_zero_for_empty
        PASS [   0.148s] ( 392/2364) ingest http::tests::default_http_port_is_4318
        PASS [   0.149s] ( 393/2364) ingest http::tests::extract_traceparent_returns_none_when_missing
        PASS [   0.150s] ( 394/2364) ingest http::tests::extract_traceparent_returns_value_when_present
        PASS [   0.149s] ( 395/2364) ingest http::tests::max_decoding_body_size_is_8_mb
        PASS [   0.155s] ( 396/2364) ingest http::tests::try_bind_returns_bind_failed_on_collision
        PASS [   0.156s] ( 397/2364) ingest http::tests::try_bind_succeeds_on_ephemeral_port
        PASS [   0.154s] ( 398/2364) ingest invariants::tests::validate_resource_logs_empty_input_is_ok
        PASS [   0.167s] ( 399/2364) ingest invariants::tests::validate_resource_metrics_empty_input_is_ok
        PASS [   0.166s] ( 400/2364) ingest invariants::tests::validate_resource_spans_empty_input_is_ok
        PASS [   0.167s] ( 401/2364) ingest invariants::tests::validate_spans_accepts_attribute_value_within_limit
        PASS [   0.165s] ( 402/2364) ingest invariants::tests::validate_spans_accepts_canonical_ids
        PASS [   0.164s] ( 403/2364) ingest invariants::tests::validate_spans_accepts_empty_parent_span_id
        PASS [   0.165s] ( 404/2364) ingest invariants::tests::validate_spans_accepts_event_with_attribute_within_limit
        PASS [   0.164s] ( 405/2364) ingest invariants::tests::validate_spans_accepts_numeric_attribute_value
        PASS [   0.164s] ( 406/2364) ingest invariants::tests::validate_spans_accepts_span_with_no_events
        PASS [   0.165s] ( 407/2364) ingest invariants::tests::validate_spans_rejects_attribute_count_over_limit
        PASS [   0.164s] ( 408/2364) ingest invariants::tests::validate_spans_rejects_attribute_key_over_limit
        PASS [   0.166s] ( 409/2364) ingest invariants::tests::validate_spans_rejects_attribute_value_bytes_over_limit
        PASS [   0.165s] ( 410/2364) ingest invariants::tests::validate_spans_rejects_attribute_value_string_over_limit
        PASS [   0.160s] ( 411/2364) ingest invariants::tests::validate_spans_rejects_event_attribute_count_over_limit
        PASS [   0.160s] ( 412/2364) ingest invariants::tests::validate_spans_rejects_event_attribute_value_string_over_limit
        PASS [   0.158s] ( 413/2364) ingest invariants::tests::validate_spans_rejects_long_trace_id
        PASS [   0.159s] ( 414/2364) ingest invariants::tests::validate_spans_rejects_short_span_id
        PASS [   0.159s] ( 415/2364) ingest invariants::tests::validate_spans_rejects_short_trace_id
        PASS [   0.153s] ( 416/2364) ingest invariants::tests::validate_spans_rejects_wrong_parent_span_id_length
        PASS [   0.152s] ( 417/2364) ingest invariants::tests::validate_spans_rejects_zero_length_trace_id
        PASS [   0.157s] ( 418/2364) ingest observer::tests::counting_observer_increments_on_each_call
        PASS [   0.158s] ( 419/2364) ingest observer::tests::noop_observer_safe_to_call
        PASS [   0.157s] ( 420/2364) ingest observer::tests::observer_trait_object_callable
        PASS [   0.158s] ( 421/2364) ingest state::tests::concurrent_record_methods_keep_last_ingest_non_decreasing
        PASS [   0.158s] ( 422/2364) ingest state::tests::concurrent_record_spans_accumulates_correctly
        PASS [   0.152s] ( 423/2364) ingest state::tests::last_ingest_at_nanos_is_zero_at_init
        PASS [   0.158s] ( 424/2364) ingest state::tests::last_ingest_at_nanos_monotonically_advances
        PASS [   0.153s] ( 425/2364) ingest state::tests::record_log_records_updates_last_ingest_at_nanos
        PASS [   0.153s] ( 426/2364) ingest state::tests::record_methods_target_distinct_counters
        PASS [   0.153s] ( 427/2364) ingest state::tests::record_metric_data_points_updates_last_ingest_at_nanos
        PASS [   0.147s] ( 428/2364) ingest state::tests::record_spans_accumulates
        PASS [   0.146s] ( 429/2364) ingest state::tests::record_spans_updates_last_ingest_at_nanos
        PASS [   0.149s] ( 430/2364) ingest state::tests::set_broadcast_subscribers_does_not_update_last_ingest
        PASS [   0.136s] ( 431/2364) ingest state::tests::snapshot_is_zero_at_init
        PASS [   0.151s] ( 432/2364) ingest::grpc_loopback no_non_loopback_bind_literals_in_ingest_src
        PASS [   0.145s] ( 433/2364) ingest::grpc_loopback try_bind_rejects_collision_with_bind_failed
        PASS [   0.152s] ( 434/2364) ingest::http_loopback try_bind_rejects_collision_with_bind_failed
        PASS [   0.237s] ( 435/2364) ingest::http_loopback host_header_evil_example_returns_403
        PASS [   0.244s] ( 436/2364) ingest::http_loopback cors_preflight_has_no_allow_origin_header
        PASS [   0.238s] ( 437/2364) ingest::http_loopback p1_http_post_protobuf_logs_roundtrip
        PASS [   0.230s] ( 438/2364) ingest::http_loopback p1_http_post_protobuf_traces_roundtrip
        PASS [   0.222s] ( 439/2364) ingest::http_loopback unsupported_content_type_json_returns_415
        PASS [   0.254s] ( 440/2364) ingest::http_loopback body_over_8mb_returns_413_or_4xx
        PASS [   0.190s] ( 441/2364) ingest::proptest_invariants invariants_match_id_lengths
        PASS [   0.171s] ( 442/2364) ingest::example/inject_demo tests::identity_shape_invariants_hold_under_any_salt
        PASS [   0.169s] ( 443/2364) ingest::example/inject_demo tests::no_arguments_keeps_the_default_storm_profile
        PASS [   0.180s] ( 444/2364) ingest::example/inject_demo tests::identities_stay_distinct_within_one_run
        PASS [   0.174s] ( 445/2364) ingest::example/inject_demo tests::replay_composes_with_the_other_flags
        PASS [   0.222s] ( 446/2364) ingest::invariants trace_id_wrong_length_rejects_grpc_with_invalid_argument
        PASS [   0.244s] ( 447/2364) ingest::invariants attribute_count_over_bound_rejects_grpc
        PASS [   0.174s] ( 448/2364) ingest::example/inject_demo tests::replay_pins_the_salt_so_two_runs_emit_identical_identities
        PASS [   0.175s] ( 449/2364) ingest::example/inject_demo tests::the_default_profile_does_not_collide_across_runs
        PASS [   0.242s] ( 450/2364) ingest::invariants span_id_wrong_length_rejects_http_with_400
        PASS [   0.224s] ( 451/2364) ingest::invariants valid_payload_records_spans_through_channel_http
        PASS [   0.235s] ( 452/2364) ingest::invariants trace_id_wrong_length_rejects_http_with_400
        PASS [   0.257s] ( 453/2364) ingest::invariants attribute_key_over_bound_rejects_http
        PASS [   0.159s] ( 454/2364) ingest::example/inject_demo tests::the_salt_never_reaches_the_emission_profile
        PASS [   0.253s] ( 455/2364) ingest::invariants attribute_value_over_bound_rejects_http
        PASS [   0.157s] ( 456/2364) ingest::example/inject_demo tests::unknown_arguments_are_rejected_rather_than_ignored
        PASS [   0.076s] ( 457/2364) interpretation broadcast::tests::model_status_broadcast_payload_has_no_path_fields
        PASS [   0.074s] ( 458/2364) interpretation broadcast::tests::model_status_broadcast_round_trips_payload
        PASS [   0.145s] ( 459/2364) interpretation broadcast::tests::model_status_broadcast_default_matches_new
        PASS [   0.074s] ( 460/2364) interpretation broadcast::tests::model_status_broadcast_send_with_no_subscribers_is_benign
        PASS [   0.074s] ( 461/2364) interpretation broadcast::tests::model_status_broadcast_starts_zero_subscribers
        PASS [   0.082s] ( 462/2364) interpretation broadcast::tests::model_status_broadcast_subscribe_increments_count
        PASS [   0.086s] ( 463/2364) interpretation broadcast::tests::stream_name_matches_pulse_uri_convention
        PASS [   0.082s] ( 464/2364) interpretation contract::tests::inference_error_serializes_to_tagged_enum
        PASS [   0.358s] ( 465/2364) ingest::grpc_loopback p1_grpc_export_response_ok_and_state_records_spans
        PASS [   0.367s] ( 466/2364) ingest::grpc_loopback export_payload_over_8mb_is_rejected
        PASS [   0.374s] ( 467/2364) ingest::backpressure http_returns_503_when_channel_saturated
        PASS [   0.087s] ( 468/2364) interpretation contract::tests::model_load_event_serializes_to_bounded_shape
        PASS [   0.085s] ( 469/2364) interpretation contract::tests::model_status_label_is_bounded
        PASS [   0.090s] ( 470/2364) interpretation contract::tests::model_tier_label_is_bounded
        PASS [   0.089s] ( 471/2364) interpretation degraded_mode::tests::backoff_progression_constants_are_strictly_increasing
        PASS [   0.352s] ( 472/2364) ingest::http_loopback p1_http_post_protobuf_metrics_roundtrip
        PASS [   0.092s] ( 473/2364) interpretation degraded_mode::tests::backoff_snapshot_serializes_to_bounded_shape
        PASS [   0.094s] ( 474/2364) interpretation degraded_mode::tests::degraded_mode_state_label_is_bounded
        PASS [   0.098s] ( 475/2364) interpretation degraded_mode::tests::fresh_active_snapshot_has_zero_counter_and_no_retry_window
        PASS [   0.096s] ( 476/2364) interpretation hardware::tests::available_cpu_cores_returns_nonzero
        PASS [   0.094s] ( 477/2364) interpretation hardware::tests::detector_with_profile_returns_cpu_fallback_classification
        PASS [   0.098s] ( 478/2364) interpretation hardware::tests::detector_with_profile_returns_cpu_primary_classification
        PASS [   0.100s] ( 479/2364) interpretation hardware::tests::detector_with_profile_returns_gpu_fallback_classification
        PASS [   0.106s] ( 480/2364) interpretation hardware::tests::detector_with_profile_returns_supplied_profile
        PASS [   0.111s] ( 481/2364) interpretation hardware::tests::parse_profile_override_accepts_kebab_case
        PASS [   0.360s] ( 482/2364) ingest::invariants span_id_wrong_length_rejects_grpc_with_invalid_argument
        PASS [   0.113s] ( 483/2364) interpretation hardware::tests::parse_profile_override_accepts_snake_case
        PASS [   0.119s] ( 484/2364) interpretation hardware::tests::parse_profile_override_rejects_unknown
        PASS [   0.097s] ( 485/2364) interpretation hardware::tests::parse_profile_override_trims_whitespace_and_case
        PASS [   0.102s] ( 486/2364) interpretation hardware::tests::profile_label_is_bounded_for_all_variants
        PASS [   0.366s] ( 487/2364) ingest::invariants valid_payload_records_spans_through_channel_grpc
        PASS [   0.116s] ( 488/2364) interpretation markdown::tests::degraded_mode_replaces_hypotheses_with_explicit_notice
        PASS [   0.110s] ( 489/2364) interpretation markdown::tests::degraded_mode_replaces_investigation_steps_with_explicit_notice
        PASS [   0.110s] ( 490/2364) interpretation markdown::tests::degraded_mode_still_renders_symptom_and_evidence
        PASS [   0.387s] ( 491/2364) ingest::rate_limit http_429_includes_retry_after_header
        PASS [   0.127s] ( 492/2364) interpretation markdown::tests::report_serialize_round_trips_through_serde
        PASS [   0.127s] ( 493/2364) interpretation markdown::tests::serialize_deterministic_byte_identical_for_identical_input
        PASS [   0.134s] ( 494/2364) interpretation markdown::tests::serialize_evidence_refs_use_inline_code_formatting
        PASS [   0.164s] ( 495/2364) interpretation markdown::tests::assemble_report_empty_matches_render_no_previously_seen_section
        PASS [   0.163s] ( 496/2364) interpretation markdown::tests::assemble_report_threads_previously_seen_into_degraded_branch
        PASS [   0.135s] ( 497/2364) interpretation markdown::tests::serialize_handles_empty_symptom_with_placeholder
        PASS [   0.139s] ( 498/2364) interpretation markdown::tests::serialize_handles_no_evidence_with_placeholder
        PASS [   0.149s] ( 499/2364) interpretation markdown::tests::previously_seen_from_incidents_maps_fields_and_scrubs_titles
        PASS [   0.139s] ( 500/2364) interpretation markdown::tests::serialize_handles_no_hypotheses_non_degraded_with_placeholder
        PASS [   0.136s] ( 501/2364) interpretation markdown::tests::serialize_handles_no_investigation_steps_non_degraded_with_placeholder
        PASS [   0.136s] ( 502/2364) interpretation markdown::tests::serialize_includes_all_six_section_headings_for_resolved
        PASS [   0.140s] ( 503/2364) interpretation markdown::tests::serialize_includes_hypothesis_confidence_label
        PASS [   0.143s] ( 504/2364) interpretation markdown::tests::serialize_includes_numbered_investigation_steps
        PASS [   0.141s] ( 505/2364) interpretation markdown::tests::serialize_includes_title_and_metadata_block
        PASS [   0.141s] ( 506/2364) interpretation markdown::tests::serialize_omits_previously_seen_section_when_empty
        PASS [   0.141s] ( 507/2364) interpretation markdown::tests::serialize_omits_resolution_summary_section_when_none
        PASS [   0.142s] ( 508/2364) interpretation markdown::tests::serialize_pii_pass_through_preserves_already_scrubbed_input_verbatim
        PASS [   0.143s] ( 509/2364) interpretation markdown::tests::serialize_renders_previously_seen_section_when_non_empty
        PASS [   0.140s] ( 510/2364) interpretation markdown::tests::serialize_renders_resolution_summary_section_when_present
        PASS [   0.140s] ( 511/2364) interpretation markdown::tests::serialize_section_order_is_stable
        PASS [   0.145s] ( 512/2364) interpretation prompt::tests::citable_ids_are_deduped_upstream_not_here_but_render_order_stable
        PASS [   0.145s] ( 513/2364) interpretation prompt::tests::citable_section_empty_list_renders_explicit_none_instruction
        PASS [   0.144s] ( 514/2364) interpretation prompt::tests::citable_section_orders_after_digest_before_output_instructions
        PASS [   0.145s] ( 515/2364) interpretation prompt::tests::citable_section_renders_ids_verbatim_between_markers_in_all_tiers
        PASS [   0.145s] ( 516/2364) interpretation prompt::tests::citing_instruction_present_in_every_tier_output_instructions
        PASS [   0.144s] ( 517/2364) interpretation prompt::tests::composed_prompt_templates_are_ascii_clean_for_argv_transport
        PASS [   0.138s] ( 518/2364) interpretation prompt::tests::fallback_prompt_does_not_leak_internal_field_names_outside_schema
        PASS [   0.137s] ( 519/2364) interpretation prompt::tests::fallback_prompt_embeds_conventions_snippet
        PASS [   0.138s] ( 520/2364) interpretation prompt::tests::fallback_prompt_embeds_reduced_role_definition
        PASS [   0.509s] ( 521/2364) ingest::rate_limit http_returns_429_when_rate_limit_exceeded
        PASS [   0.517s] ( 522/2364) ingest::rate_limit grpc_returns_resource_exhausted_when_rate_limit_exceeded
        PASS [   0.124s] ( 523/2364) interpretation prompt::tests::fallback_prompt_embeds_schema_string
        PASS [   0.121s] ( 524/2364) interpretation prompt::tests::fallback_prompt_embeds_versioning_metadata
        PASS [   0.123s] ( 525/2364) interpretation prompt::tests::fallback_prompt_emits_reduced_output_reminder
        PASS [   0.120s] ( 526/2364) interpretation prompt::tests::fallback_prompt_includes_corpus_section_when_present
        PASS [   0.123s] ( 527/2364) interpretation prompt::tests::fallback_prompt_omits_corpus_section_when_empty
        PASS [   0.127s] ( 528/2364) interpretation prompt::tests::fallback_prompt_role_definition_distinguishes_from_primary
        PASS [   0.132s] ( 529/2364) interpretation prompt::tests::fallback_prompt_section_ordering_is_stable
        PASS [   0.131s] ( 530/2364) interpretation prompt::tests::fallback_prompt_total_bytes_bounded
        PASS [   0.134s] ( 531/2364) interpretation prompt::tests::fallback_prompt_wraps_digest_in_markers
        PASS [   0.135s] ( 532/2364) interpretation prompt::tests::fallback_prompt_wraps_project_context_in_markers
        PASS [   0.138s] ( 533/2364) interpretation prompt::tests::primary_prompt_does_not_leak_internal_field_names_outside_schema
        PASS [   0.137s] ( 534/2364) interpretation prompt::tests::primary_prompt_embeds_conventions_snippet
        PASS [   0.136s] ( 535/2364) interpretation prompt::tests::primary_prompt_embeds_role_definition
        PASS [   0.137s] ( 536/2364) interpretation prompt::tests::primary_prompt_embeds_schema_string
        PASS [   0.137s] ( 537/2364) interpretation prompt::tests::primary_prompt_embeds_versioning_metadata
        PASS [   0.136s] ( 538/2364) interpretation prompt::tests::primary_prompt_emits_output_format_reminder
        PASS [   0.137s] ( 539/2364) interpretation prompt::tests::primary_prompt_includes_corpus_section_when_present
        PASS [   0.137s] ( 540/2364) interpretation prompt::tests::primary_prompt_omits_corpus_section_when_empty
        PASS [   0.136s] ( 541/2364) interpretation prompt::tests::primary_prompt_section_ordering_is_stable
        PASS [   0.137s] ( 542/2364) interpretation prompt::tests::primary_prompt_wraps_digest_in_markers
        PASS [   0.136s] ( 543/2364) interpretation prompt::tests::primary_prompt_wraps_project_context_in_markers
        PASS [   0.136s] ( 544/2364) interpretation prompt::tests::reflection_prompt_distinguishes_from_primary
        PASS [   0.136s] ( 545/2364) interpretation prompt::tests::reflection_prompt_does_not_leak_internal_field_names_outside_schema
        PASS [   0.136s] ( 546/2364) interpretation prompt::tests::reflection_prompt_embeds_schema_string
        PASS [   0.136s] ( 547/2364) interpretation prompt::tests::reflection_prompt_embeds_trend_emphasis_role
        PASS [   0.137s] ( 548/2364) interpretation prompt::tests::reflection_prompt_embeds_versioning_metadata
        PASS [   0.135s] ( 549/2364) interpretation prompt::tests::reflection_prompt_instructs_default_curious
        PASS [   0.136s] ( 550/2364) interpretation prompt::tests::reflection_prompt_section_ordering_is_stable
        PASS [   0.137s] ( 551/2364) interpretation schema::tests::confidence_serializes_to_snake_case
        PASS [   0.136s] ( 552/2364) interpretation schema::tests::decision_serializes_to_snake_case
        PASS [   0.137s] ( 553/2364) interpretation schema::tests::embedded_schema_includes_required_fields
        PASS [   0.139s] ( 554/2364) interpretation schema::tests::parse_bounded_accepts_valid_payload
        PASS [   0.141s] ( 555/2364) interpretation schema::tests::parse_bounded_rejects_decision_out_of_range
        PASS [   0.146s] ( 556/2364) interpretation schema::tests::parse_bounded_rejects_fallback_with_too_many_hypotheses
        PASS [   0.145s] ( 557/2364) interpretation schema::tests::parse_bounded_rejects_malformed_json
        PASS [   0.145s] ( 558/2364) interpretation schema::tests::parse_bounded_rejects_missing_required_field
        PASS [   0.148s] ( 559/2364) interpretation schema::tests::parse_bounded_rejects_oversize_payload
        PASS [   0.146s] ( 560/2364) interpretation schema::tests::schema_version_constant_matches_json_schema
        PASS [   0.147s] ( 561/2364) interpretation schema::tests::severity_serializes_to_snake_case
        PASS [   0.146s] ( 562/2364) interpretation schema::tests::valid_sample_passes_validate
        PASS [   0.146s] ( 563/2364) interpretation schema::tests::valid_sample_round_trips_through_serde
        PASS [   0.145s] ( 564/2364) interpretation schema::tests::validate_accepts_fallback_with_single_hypothesis
        PASS [   0.145s] ( 565/2364) interpretation schema::tests::validate_accepts_fallback_with_two_investigation_steps
        PASS [   0.147s] ( 566/2364) interpretation schema::tests::validate_accepts_primary_with_five_hypotheses
        PASS [   0.146s] ( 567/2364) interpretation schema::tests::validate_rejects_empty_title
        PASS [   0.146s] ( 568/2364) interpretation schema::tests::validate_rejects_fallback_with_too_many_hypotheses
        PASS [   0.146s] ( 569/2364) interpretation schema::tests::validate_rejects_fallback_with_too_many_investigation_steps
        PASS [   0.147s] ( 570/2364) interpretation schema::tests::validate_rejects_oversized_title
        PASS [   0.146s] ( 571/2364) interpretation schema::tests::validate_rejects_too_many_hypotheses
        PASS [   0.145s] ( 572/2364) interpretation schema::tests::validate_rejects_too_many_investigation_steps
        PASS [   0.147s] ( 573/2364) interpretation schema::tests::validate_rejects_unknown_hardware_profile
        PASS [   0.146s] ( 574/2364) interpretation schema::tests::validate_rejects_unknown_model_tier
        PASS [   0.147s] ( 575/2364) interpretation schema::tests::validate_rejects_wrong_schema_version
        PASS [   0.150s] ( 576/2364) mcp-server contract::tests::error_is_send_and_sync
        PASS [   0.155s] ( 577/2364) mcp-server contract::tests::env_var_disabled_renders_canonical_message
        PASS [   0.148s] ( 578/2364) mcp-server contract::tests::feature_not_enabled_renders_with_reason
        PASS [   0.148s] ( 579/2364) mcp-server contract::tests::io_wraps_std_io_error_via_from
        PASS [   0.149s] ( 580/2364) mcp-server contract::tests::json_rpc_framing_renders_with_detail
        PASS [   0.149s] ( 581/2364) mcp-server contract::tests::rmcp_init_renders_with_detail
        PASS [   0.148s] ( 582/2364) mcp-server contract::tests::tool_args_invalid_renders_with_tool_name_and_reason
        PASS [   0.147s] ( 583/2364) mcp-server contract::tests::tool_dispatch_failed_renders_with_tool_name_and_reason
        PASS [   0.156s] ( 584/2364) mcp-server contract::tests::tracing_init_renders_with_detail
        PASS [   0.153s] ( 585/2364) mcp-server feature_gate::tests::env_var_mcp_enabled_returns_false_for_empty_string
        PASS [   0.170s] ( 586/2364) mcp-server feature_gate::tests::env_var_mcp_enabled_returns_false_for_literal_false
        PASS [   0.168s] ( 587/2364) mcp-server feature_gate::tests::env_var_mcp_enabled_returns_false_for_malformed
        PASS [   0.168s] ( 588/2364) mcp-server feature_gate::tests::env_var_mcp_enabled_returns_false_when_unset
        PASS [   0.168s] ( 589/2364) mcp-server feature_gate::tests::env_var_mcp_enabled_returns_true_for_literal_true
        PASS [   0.168s] ( 590/2364) mcp-server feature_gate::tests::env_var_mcp_enabled_returns_true_for_one
        PASS [   0.165s] ( 591/2364) mcp-server feature_gate::tests::env_var_mcp_enabled_returns_true_for_yes_case_insensitive
        PASS [   0.169s] ( 592/2364) mcp-server feature_gate::tests::env_var_mcp_enabled_trims_whitespace
        PASS [   0.166s] ( 593/2364) mcp-server feature_gate::tests::feature_flag_enabled_matches_cfg
        PASS [   0.169s] ( 594/2364) mcp-server feature_gate::tests::validate_double_gate_emits_check_span_when_env_disabled
        PASS [   0.167s] ( 595/2364) mcp-server feature_gate::tests::validate_double_gate_emits_warn_when_env_set_without_feature
        PASS [   0.167s] ( 596/2364) mcp-server feature_gate::tests::validate_double_gate_returns_enabled_when_both_gates_active
        PASS [   0.169s] ( 597/2364) mcp-server jsonrpc::tests::empty_tools_list_returns_array
        PASS [   0.168s] ( 598/2364) mcp-server jsonrpc::tests::error_response_includes_code_and_message
        PASS [   0.166s] ( 599/2364) mcp-server jsonrpc::tests::error_response_omits_data_when_none
        PASS [   0.168s] ( 600/2364) mcp-server jsonrpc::tests::initialize_result_advertises_protocol_version_and_server_info
        PASS [   0.166s] ( 601/2364) mcp-server jsonrpc::tests::parse_request_accepts_minimal_initialize
        PASS [   0.166s] ( 602/2364) mcp-server jsonrpc::tests::parse_request_accepts_notification_without_id
        PASS [   0.167s] ( 603/2364) mcp-server jsonrpc::tests::parse_request_rejects_garbage
        PASS [   0.168s] ( 604/2364) mcp-server jsonrpc::tests::parse_request_rejects_missing_method
        PASS [   0.170s] ( 605/2364) mcp-server jsonrpc::tests::sanitize_error_data_redacts_rust_type_paths
        PASS [   0.167s] ( 606/2364) mcp-server jsonrpc::tests::sanitize_error_data_redacts_unix_paths
        PASS [   0.168s] ( 607/2364) mcp-server jsonrpc::tests::sanitize_error_data_redacts_version_strings
        PASS [   0.161s] ( 608/2364) mcp-server jsonrpc::tests::sanitize_error_data_redacts_windows_paths
        PASS [   0.164s] ( 609/2364) mcp-server jsonrpc::tests::sanitize_error_data_returns_object_with_summary_field
        PASS [   0.168s] ( 610/2364) mcp-server jsonrpc::tests::success_response_uses_canonical_version
        PASS [   0.167s] ( 611/2364) mcp-server jsonrpc::tests::tools_list_with_8_tools_each_has_description_and_input_schema
        PASS [   0.167s] ( 612/2364) mcp-server jsonrpc::tests::tools_list_with_8_tools_incident_id_tools_require_incident_id
        PASS [   0.167s] ( 613/2364) mcp-server jsonrpc::tests::tools_list_with_8_tools_query_schemas_share_time_window_property
        PASS [   0.167s] ( 614/2364) mcp-server jsonrpc::tests::tools_list_with_8_tools_returns_8_named_tools
        PASS [   0.167s] ( 615/2364) mcp-server tools::tests::all_tool_names_count_is_eight
        PASS [   0.151s] ( 616/2364) mcp-server tools::tests::incident_tools_error_when_corpus_unavailable
        PASS [   0.156s] ( 617/2364) mcp-server tools::tests::result_type_label_known_tools
        PASS [   0.159s] ( 618/2364) mcp-server tools::tests::query_incident_list_returns_active_incidents
        PASS [   0.167s] ( 619/2364) mcp-server tools::tests::mark_incident_resolved_writes_resolved_status
        PASS [   0.156s] ( 620/2364) mcp-server tools::tests::retrieve_report_errors_on_missing_incident
        PASS [   0.158s] ( 621/2364) mcp-server tools::tests::retrieve_telemetry_slice_returns_evidence_refs
        PASS [   0.160s] ( 622/2364) mcp-server tools::tests::short_reason_redacts_paths_and_versions
        PASS [   0.161s] ( 623/2364) mcp-server tracing_setup::tests::allowlist_for_mcp_target_allows_gate_fields
        PASS [   0.163s] ( 624/2364) mcp-server tracing_setup::tests::allowlist_for_mcp_tools_call_request_cascades_to_mcp_via_split
        PASS [   0.166s] ( 625/2364) mcp-server tracing_setup::tests::allowlist_for_mcp_tools_call_response_includes_chunk_49_fields
        PASS [   0.166s] ( 626/2364) mcp-server tracing_setup::tests::allowlist_for_metric_mcp_tool_call_duration_ms_allows_value_and_method
        PASS [   0.168s] ( 627/2364) mcp-server tracing_setup::tests::allowlist_for_panic_target_allows_panic_fields
        PASS [   0.165s] ( 628/2364) mcp-server tracing_setup::tests::allowlist_redacts_unknown_target
        PASS [   0.171s] ( 629/2364) mcp-server tracing_setup::tests::default_fields_default_environment_is_production
        PASS [   0.168s] ( 630/2364) mcp-server tracing_setup::tests::default_fields_service_name_is_sidecar
        PASS [   0.216s] ( 631/2364) mcp-server tools::tests::retrieve_report_returns_degraded_markdown_for_active_incident
        PASS [   0.171s] ( 632/2364) mcp-server tracing_setup::tests::default_fields_service_version_matches_cargo_pkg
        PASS [   0.183s] ( 633/2364) mcp-server tracing_setup::tests::init_creates_log_dir_when_missing
        PASS [   0.172s] ( 634/2364) plugins contract::tests::capability_rejected_displays_all_fields
        PASS [   0.168s] ( 635/2364) plugins contract::tests::heartbeat_payload_is_callable
        PASS [   0.173s] ( 636/2364) plugins contract::tests::load_failed_displays_plugin_id_and_reason
        PASS [   0.289s] ( 637/2364) mcp-server tools::tests::dispatch_unknown_tool_returns_tool_dispatch_failed_unknown_tool
        PASS [   0.302s] ( 638/2364) mcp-server tools::tests::dispatch_query_traces_rejects_malformed_arguments
        PASS [   0.133s] ( 639/2364) plugins contract::tests::not_found_displays_plugin_id
        PASS [   0.295s] ( 640/2364) mcp-server tools::tests::dispatch_tool_routes_incident_tools_through_context
        PASS [   0.120s] ( 641/2364) plugins contract::tests::path_canonicalization_failed_displays_reason
        PASS [   0.209s] ( 642/2364) plugins capability::tests::linker_for_category_returns_typed_linker::case_1
        PASS [   0.202s] ( 643/2364) plugins capability::tests::linker_for_category_returns_typed_linker::case_3
        PASS [   0.209s] ( 644/2364) plugins capability::tests::linker_for_category_returns_typed_linker::case_2
        PASS [   0.129s] ( 645/2364) plugins contract::tests::plugin_category_all_returns_three_categories
        PASS [   0.348s] ( 646/2364) mcp-server tools::tests::dispatch_generate_snapshot_returns_envelope_on_empty_buffer
        PASS [   0.314s] ( 647/2364) mcp-server tools::tests::dispatch_query_traces_returns_empty_paginated_response_on_empty_buffer
        PASS [   0.326s] ( 648/2364) mcp-server tools::tests::dispatch_query_metrics_returns_empty_paginated_response_on_empty_buffer
        PASS [   0.346s] ( 649/2364) mcp-server tools::tests::dispatch_query_logs_returns_empty_paginated_response_on_empty_buffer
        PASS [   0.131s] ( 650/2364) plugins contract::tests::plugin_category_as_str_matches_wit_filenames
        PASS [   0.326s] ( 651/2364) mcp-server tools::tests::dispatch_query_traces_clamps_limit_above_max
        PASS [   0.130s] ( 652/2364) plugins contract::tests::resource_limit_exceeded_displays_all_fields
        PASS [   0.122s] ( 653/2364) plugins engine::tests::build_engine_returns_independent_engines
        PASS [   0.123s] ( 654/2364) plugins engine::tests::build_engine_succeeds_with_default_posture
        PASS [   0.120s] ( 655/2364) plugins engine::tests::sanitize_wasmtime_error_falls_back_for_empty_input
        PASS [   0.118s] ( 656/2364) plugins engine::tests::sanitize_wasmtime_error_keeps_first_line_only
        PASS [   0.116s] ( 657/2364) plugins engine::tests::sanitize_wasmtime_error_truncates_to_120_chars
        PASS [   0.115s] ( 658/2364) plugins loader::tests::canonicalize_plugin_dir_rejects_traversal
        PASS [   0.114s] ( 659/2364) plugins loader::tests::canonicalize_plugin_dir_returns_canonical_for_existing_dir
        PASS [   0.112s] ( 660/2364) plugins loader::tests::canonicalize_plugin_dir_returns_path_for_missing_dir
        PASS [   0.109s] ( 661/2364) plugins loader::tests::declared_exports_matches_wit_contract::case_1
        PASS [   0.111s] ( 662/2364) plugins loader::tests::declared_exports_matches_wit_contract::case_2
        PASS [   0.113s] ( 663/2364) plugins loader::tests::declared_exports_matches_wit_contract::case_3
        PASS [   0.102s] ( 664/2364) plugins loader::tests::discover_plugins_returns_empty_for_empty_dir
        PASS [   0.110s] ( 665/2364) plugins loader::tests::discover_plugins_rejects_invalid_wasm_bytes_via_load_component
        PASS [   0.104s] ( 666/2364) plugins loader::tests::discover_plugins_returns_empty_for_missing_dir
        PASS [   0.114s] ( 667/2364) plugins loader::tests::discover_plugins_skips_files_outside_category_subdir
        PASS [   0.120s] ( 668/2364) plugins loader::tests::empty_registry_reports_zero_loaded
        PASS [   0.145s] ( 669/2364) plugins loader::tests::discover_plugins_finds_per_category_wasm_files::case_2
        PASS [   0.144s] ( 670/2364) plugins loader::tests::discover_plugins_finds_per_category_wasm_files::case_3
        PASS [   0.155s] ( 671/2364) plugins loader::tests::discover_plugins_finds_per_category_wasm_files::case_1
        PASS [   0.131s] ( 672/2364) plugins loader::tests::discover_plugins_skips_non_wasm_files_in_category_dir
        PASS [   0.124s] ( 673/2364) plugins loader::tests::record_invocation_increments_counter
        PASS [   0.173s] ( 674/2364) plugins loader::tests::discover_plugins_classifies_per_category_subdir
        PASS [   0.126s] ( 675/2364) plugins loader::tests::replace_plugins_preserves_invocation_counter
        PASS [   0.129s] ( 676/2364) plugins loader::tests::registry_find_returns_loaded_plugin_by_id
        PASS [   0.128s] ( 677/2364) plugins loader::tests::resolve_plugin_dir_uses_env_override_when_set
        PASS [   0.132s] ( 678/2364) plugins sandbox::tests::default_uses_documented_caps
        PASS [   0.135s] ( 679/2364) plugins sandbox::tests::for_category_returns_uniform_defaults::case_1
        PASS [   0.139s] ( 680/2364) plugins sandbox::tests::for_category_returns_uniform_defaults::case_2
        PASS [   0.143s] ( 681/2364) plugins sandbox::tests::for_category_returns_uniform_defaults::case_3
        PASS [   0.148s] ( 682/2364) plugins sandbox::tests::instances_returns_configured_cap
        PASS [   0.164s] ( 683/2364) plugins sandbox::tests::memories_returns_instances_cap_for_symmetry
        PASS [   0.167s] ( 684/2364) plugins sandbox::tests::memory_growing_allows_grow_at_cap
        PASS [   0.165s] ( 685/2364) plugins sandbox::tests::memory_growing_returns_false_past_cap
        PASS [   0.169s] ( 686/2364) plugins sandbox::tests::store_for_category_has_documented_caps::case_1
        PASS [   0.165s] ( 687/2364) plugins sandbox::tests::store_for_category_has_documented_caps::case_2
        PASS [   0.166s] ( 688/2364) plugins sandbox::tests::store_for_category_has_documented_caps::case_3
        PASS [   0.164s] ( 689/2364) plugins sandbox::tests::table_growing_allows_grow_at_cap
        PASS [   0.165s] ( 690/2364) plugins sandbox::tests::table_growing_returns_false_past_cap
        PASS [   0.163s] ( 691/2364) plugins sandbox::tests::tables_returns_configured_cap
        PASS [   0.165s] ( 692/2364) plugins wit_loader::tests::linker_for_returns_empty_linker
        PASS [   0.176s] ( 693/2364) plugins wit_loader::tests::component_with_undeclared_import_fails_to_instantiate
        PASS [   0.169s] ( 694/2364) plugins wit_loader::tests::load_component_for_category_routes_to_correct_id::case_1
        PASS [   0.169s] ( 695/2364) plugins wit_loader::tests::load_component_for_category_routes_to_correct_id::case_2
        PASS [   0.140s] ( 696/2364) plugins wit_loader::tests::load_component_for_category_routes_to_correct_id::case_3
        PASS [   0.140s] ( 697/2364) plugins wit_loader::tests::load_component_rejects_invalid_bytes
        PASS [   0.144s] ( 698/2364) plugins wit_loader::tests::load_component_rejects_oversized_payload
        PASS [   0.141s] ( 699/2364) plugins wit_loader::tests::load_component_succeeds_on_minimal_empty_component
        PASS [   0.136s] ( 700/2364) plugins wit_loader::tests::sandbox_with_undeclared_import_fails_at_link_time::case_1
        PASS [   0.135s] ( 701/2364) plugins wit_loader::tests::sandbox_with_undeclared_import_fails_at_link_time::case_2
        PASS [   0.141s] ( 702/2364) plugins wit_loader::tests::sandbox_with_undeclared_import_fails_at_link_time::case_3
        PASS [   0.145s] ( 703/2364) pulse-app::a11y_perf_workflow ci_workflow_invokes_xtask_capability_widening_check
        PASS [   0.146s] ( 704/2364) pulse-app::a11y_perf_workflow ci_workflow_builds_ui_before_a11y_run
        PASS [   0.146s] ( 705/2364) pulse-app::a11y_perf_workflow ci_workflow_invokes_xtask_perf_slo_load
        PASS [   0.150s] ( 706/2364) pulse-app::a11y_perf_workflow ci_workflow_invokes_xtask_test_a11y
        PASS [   0.150s] ( 707/2364) pulse-app::a11y_perf_workflow ci_workflow_invokes_xtask_verify_capability_matrix
        PASS [   0.154s] ( 708/2364) pulse-app::a11y_perf_workflow ci_workflow_preserves_workflow_level_contents_read_permission
        PASS [   0.155s] ( 709/2364) pulse-app::a11y_perf_workflow ci_workflow_uploads_a11y_violations_artifact
        PASS [   0.156s] ( 710/2364) pulse-app::a11y_perf_workflow ci_workflow_uploads_playwright_a11y_report_artifact
        PASS [   0.156s] ( 711/2364) pulse-app::a11y_perf_workflow ci_workflow_uses_sha_pin_discipline_unchanged
        PASS [   0.157s] ( 712/2364) pulse-app::config_validation config_updater_dialog_is_false
        PASS [   0.162s] ( 713/2364) pulse-app::config_validation capability_updater_permissions_scoped_to_updater_default
        PASS [   0.154s] ( 714/2364) pulse-app::config_validation config_updater_endpoint_matches_github_releases_pattern
        PASS [   0.141s] ( 715/2364) pulse-app::config_validation config_updater_pubkey_is_non_empty
        PASS [   0.146s] ( 716/2364) pulse-app::distribution_manifests update_channels_workflow_homebrew_desc_under_80_chars
        PASS [   0.150s] ( 717/2364) pulse-app::distribution_manifests update_channels_workflow_environment_scoping_on_secret_jobs
        PASS [   0.139s] ( 718/2364) pulse-app::distribution_manifests update_channels_workflow_references_canonical_bundle_artifact_names
        PASS [   0.144s] ( 719/2364) pulse-app::distribution_manifests update_channels_workflow_scoop_manifest_required_keys
        PASS [   0.143s] ( 720/2364) pulse-app::distribution_manifests update_channels_workflow_sha_pin_discipline
        PASS [   0.145s] ( 721/2364) pulse-app::distribution_manifests update_channels_workflow_targets_both_distribution_channels
        PASS [   0.144s] ( 722/2364) pulse-app::distribution_manifests update_channels_workflow_workflow_run_trigger_with_success_guard
        PASS [   0.150s] ( 723/2364) pulse-app::e2e_incidents_lifecycle acknowledge_not_found_returns_app_error_notfound
        PASS [   0.157s] ( 724/2364) pulse-app::e2e_incidents_lifecycle acknowledge_cooldown_rejects_second_attempt_via_registry
        PASS [   0.151s] ( 725/2364) pulse-app::e2e_incidents_lifecycle auto_resolution_persists_resolved_state_in_corpus
        PASS [   0.150s] ( 726/2364) pulse-app::e2e_incidents_lifecycle auto_resolution_resolves_active_past_window
        PASS [   0.149s] ( 727/2364) pulse-app::e2e_incidents_lifecycle auto_resolution_skips_within_window
        PASS [   0.153s] ( 728/2364) pulse-app::e2e_incidents_lifecycle broadcast_emits_bounded_payload_no_pii
        PASS [   0.153s] ( 729/2364) pulse-app::e2e_incidents_lifecycle create_to_resolved_via_resolver_returns_empty_active_list
        PASS [   0.149s] ( 730/2364) pulse-app::e2e_incidents_lifecycle explicit_resolve_then_re_resolve_returns_validation_error
        PASS [   0.151s] ( 731/2364) pulse-app::e2e_incidents_lifecycle mark_resolved_not_found_returns_app_error_notfound
        PASS [   0.161s] ( 732/2364) pulse-app::e2e_p2_snapshot_generate p2_pii_negative_canary_secret_attribute_not_in_markdown
        PASS [   0.156s] ( 733/2364) pulse-app::e2e_p2_snapshot_generate p2_snapshot_generate_emits_markdown_within_token_budget
        PASS [   0.151s] ( 734/2364) pulse-app::e2e_p4_plugin_lifecycle p4_negative_canary_path_traversal_in_plugin_dir_rejected_or_confined
        PASS [   0.159s] ( 735/2364) pulse-app::e2e_p4_plugin_lifecycle p4_negative_canary_nonexistent_plugin_dir_returns_empty_registry
        PASS [   0.161s] ( 736/2364) pulse-app::e2e_p4_plugin_lifecycle p4_plugin_lifecycle_discovers_fixture_component_in_data_transform_dir
        PASS [   0.161s] ( 737/2364) pulse-app::e2e_p5_health_ipc_surrogate p5_health_envelope_shape_matches_standard_contract
        PASS [   0.169s] ( 738/2364) pulse-app::e2e_p5_health_ipc_surrogate p5_health_envelope_serializes_to_json_with_required_keys
        PASS [   0.155s] ( 739/2364) pulse-app::e2e_p5_health_ipc_surrogate p5_health_serialized_message_does_not_leak_internal_paths
        PASS [   0.163s] ( 740/2364) pulse-app::e2e_p6_channel_arrow_ipc p6_broadcast_size_cap_invariant_holds
        PASS [   0.148s] ( 741/2364) pulse-app::e2e_p7_workspace_detect p7_detect_rejects_path_traversal_input
        PASS [   0.163s] ( 742/2364) pulse-app::e2e_p7_workspace_detect p7_detect_nonexistent_path_returns_canonicalization_failed
        PASS [   0.158s] ( 743/2364) pulse-app::e2e_p7_workspace_detect p7_detect_workspace_with_andromeda_marker_returns_marker_true
        PASS [   0.155s] ( 744/2364) pulse-app::e2e_p7_workspace_detect p7_detect_workspace_without_andromeda_marker_returns_marker_false
        PASS [   0.228s] ( 745/2364) pulse-app::e2e_p043_two_workspace_switch p043_workspace_switch_scopes_list_counter_and_previously_seen
        PASS [   0.163s] ( 746/2364) pulse-app::e2e_p7_workspace_detect p7_detect_with_git_repo_reports_vcs_git
        PASS [   0.165s] ( 747/2364) pulse-app::e2e_p95_export_for_training export_empty_corpus_returns_zero_records
        PASS [   0.209s] ( 748/2364) pulse-app::e2e_p95_export_for_training preview_returns_summary_without_writing_file
        PASS [   0.304s] ( 749/2364) pulse-app::e2e_p003_panic_hook_propagation p003_panic_propagates_to_receiver_panicked_broadcast_within_2s
        PASS [   0.190s] ( 750/2364) pulse-app::e2e_p95_export_for_training traversal_target_rejected_with_validation_error
        PASS [   0.227s] ( 751/2364) pulse-app::e2e_p95_export_for_training confirm_writes_expected_jsonl_with_canary_absent
        PASS [   0.138s] ( 752/2364) pulse-app::e2e_security_negative_canaries security_app_error_internal_serialized_message_no_internal_leaks
        PASS [   0.169s] ( 753/2364) pulse-app::e2e_security_negative_canaries security_app_error_ingest_serialized_message_no_internal_leaks
        PASS [   0.142s] ( 754/2364) pulse-app::e2e_security_negative_canaries security_app_error_not_found_serialized_message_no_internal_leaks
        PASS [   0.139s] ( 755/2364) pulse-app::e2e_security_negative_canaries security_app_error_plugin_serialized_message_no_internal_leaks
        PASS [   0.142s] ( 756/2364) pulse-app::e2e_security_negative_canaries security_app_error_storage_serialized_message_no_internal_leaks
        PASS [   0.138s] ( 757/2364) pulse-app::e2e_security_negative_canaries security_app_error_validation_serialized_message_no_internal_leaks
        PASS [   0.226s] ( 758/2364) pulse-app::e2e_pii_scrubber_persistence_coverage storm_persistence_pii_shaped_fingerprint_service_redacted_in_bincode_payload
        PASS [   0.234s] ( 759/2364) pulse-app::e2e_pii_scrubber_persistence_coverage lifecycle_persistence_pii_shaped_service_name_redacted_via_scrubber
        PASS [   0.249s] ( 760/2364) pulse-app::e2e_pii_scrubber_persistence_coverage baseline_persistence_pii_shaped_service_key_redacted_in_bincode_payload
        PASS [   0.249s] ( 761/2364) pulse-app::e2e_pii_scrubber_persistence_coverage drain_persistence_pii_canary_does_not_leak_into_corpus_bytes
        PASS [   0.189s] ( 762/2364) pulse-app::e2e_security_negative_canaries security_p035_report_excerpts_scrub_pii_and_preserve_span_structure
        PASS [   0.162s] ( 763/2364) pulse-app::e2e_service_lifecycle restart_event_subscription_triggers_bootstrapping_transition
        PASS [   0.266s] ( 764/2364) pulse-app::e2e_pii_scrubber_persistence_coverage lifecycle_persistence_pii_shaped_service_name_absent_from_at_rest_bytes
        PASS [   0.165s] ( 765/2364) pulse-app::e2e_service_lifecycle services_list_with_states_resolver_returns_typed_payload
        PASS [   0.204s] ( 766/2364) pulse-app::e2e_security_negative_canaries security_sql_injection_canary_on_metrics_query_router
        PASS [   0.206s] ( 767/2364) pulse-app::e2e_security_negative_canaries security_sql_injection_canary_on_logs_query_router
        PASS [   0.200s] ( 768/2364) pulse-app::e2e_security_negative_canaries security_sql_injection_canary_on_traces_query_router
        PASS [   0.428s] ( 769/2364) pulse-app::e2e_p1_otlp_grpc_to_traces_query p1_negative_canary_sql_injection_in_cursor_rejected_safely
        PASS [   0.219s] ( 770/2364) pulse-app::e2e_service_lifecycle heartbeat_emits_unknown_to_bootstrapping_on_first_activity
        PASS [   0.211s] ( 771/2364) pulse-app::e2e_service_lifecycle service_lifecycle_event_payload_has_no_pii_fields
        PASS [   0.393s] ( 772/2364) pulse-app::e2e_p6_channel_arrow_ipc p6_channel_spans_emits_arrow_ipc_decodable_payload
        PASS [   0.143s] ( 773/2364) pulse-app::integration_constellation_severity_workspace_key absent_published_key_falls_back_to_data_dir_on_both_ends
        PASS [   0.139s] ( 774/2364) pulse-app::integration_constellation_severity_workspace_key resolver_falls_back_to_data_dir_on_both_halves
        PASS [   0.141s] ( 775/2364) pulse-app::integration_constellation_severity_workspace_key resolver_key_equals_producer_workspace_on_detected
        PASS [   0.145s] ( 776/2364) pulse-app::integration_constellation_severity_workspace_key published_key_read_by_the_sidecar_equals_the_app_resolver_key
        PASS [   0.138s] ( 777/2364) pulse-app::integration_constellation_severity_workspace_key resolver_preserves_windows_extended_length_prefix
        PASS [   0.110s] ( 778/2364) pulse-app::integration_constellation_severity_workspace_key zero_incident_state_stays_empty
        PASS [   0.295s] ( 779/2364) pulse-app::e2e_security_negative_canaries security_workspace_wide_loopback_only_no_non_loopback_bind_literals
        PASS [   0.301s] ( 780/2364) pulse-app::e2e_service_lifecycle lifecycle_event_with_dormant_archived_thresholds_uses_settings_values
        PASS [   0.121s] ( 781/2364) pulse-app::integration_generation_damper changed_input_generates_under_a_constant_output_runner
        PASS [   0.124s] ( 782/2364) pulse-app::integration_generation_damper backoff_skips_before_the_damper_sees_the_digest
        PASS [   0.121s] ( 783/2364) pulse-app::integration_generation_damper failed_generation_is_retried_never_suppressed
        PASS [   0.167s] ( 784/2364) pulse-app::integration_corpus_retrieval_two_session boot_purge_wiring_reports_zero_on_fresh_corpus
        PASS [   0.100s] ( 785/2364) pulse-app::integration_generation_damper unchanged_digest_reemission_costs_zero_runner_calls
        PASS [   0.130s] ( 786/2364) pulse-app::integration_incident_write_guard a_fresh_write_still_applies_through_the_adapter
        PASS [   0.122s] ( 787/2364) pulse-app::integration_incident_write_guard an_externally_resolved_row_is_not_reverted_by_the_next_persist_cycle
        PASS [   0.124s] ( 788/2364) pulse-app::integration_incident_write_guard a_stale_write_declines_rather_than_erroring
        PASS [   0.135s] ( 789/2364) pulse-app::integration_incident_write_guard a_resolution_landing_inside_the_persist_write_span_survives
        PASS [   0.207s] ( 790/2364) pulse-app::integration_deterministic_l4_mode deterministic_mode_yields_reproducible_red_dot_incident
        PASS [   0.274s] ( 791/2364) pulse-app::integration_constellation_severity_workspace_key storm_incident_is_found_by_the_resolver_derived_filter_key
        PASS [   0.081s] ( 792/2364) pulse-app::integration_investigate_actions missing_buffer_is_storage_error
        PASS [   0.083s] ( 793/2364) pulse-app::integration_resolution_summary_attachment handle_digest_outcome_on_resolution_summary_digest_returns_success_when_runner_ok
        PASS [   0.095s] ( 794/2364) pulse-app::integration_real_llama_cli real_subprocess_round_trip_returns_schema_conformant_l4_output
        PASS [   0.095s] ( 795/2364) pulse-app::integration_resolution_summary_attachment handle_digest_outcome_on_malformed_resolution_summary_returns_parse_failure
        PASS [   0.742s] ( 796/2364) pulse-app::e2e_drain_template_assignment chunk_69_phase_b_drain_assigns_template_id_persists_log_templates_redacts_pii
        PASS [   0.298s] ( 797/2364) pulse-app::integration_findings_counter_persists_across_restart findings_counter_state_persists_across_app_restart
        PASS [   0.239s] ( 798/2364) pulse-app::integration_interpretation_attach dedupe_refreshes_latest_interpretation
        PASS [   0.243s] ( 799/2364) pulse-app::integration_interpretation_attach report_renders_full_brief_for_live_incident_with_attached_interpretation
        PASS [   0.250s] ( 800/2364) pulse-app::integration_interpretation_attach creation_attaches_latest_interpretation_to_incident
        PASS [   0.237s] ( 801/2364) pulse-app::integration_interpretation_attach report_stays_degraded_when_no_interpretation_attached
        PASS [   0.275s] ( 802/2364) pulse-app::integration_incident_producer_persists_across_restart produced_incident_persists_across_restart_with_scope_id
        PASS [   0.054s] ( 803/2364) pulse-app::integration_tier1_storm_one_incident cueless_digest_creates_no_incident
        PASS [   0.191s] ( 804/2364) pulse-app::integration_investigate_actions unknown_action_id_is_validation_error
        PASS [   0.196s] ( 805/2364) pulse-app::integration_investigate_actions runner_error_surfaces_never_silent
        PASS [   0.170s] ( 806/2364) pulse-app::integration_investigate_actions unparseable_output_surfaces_never_silent
        PASS [   0.047s] ( 807/2364) pulse-app::observability_pins allowlist_for_target_handles_prefixes_and_ticks
        PASS [   0.054s] ( 808/2364) pulse-app::observability_pins allowlist_for_target_extends_buffer_with_drain_heartbeat_fields
        PASS [   0.049s] ( 809/2364) pulse-app::observability_pins allowlist_for_target_resolves_baseline_migrate_field_set
        PASS [   0.153s] ( 810/2364) pulse-app::integration_resolution_summary_attachment l4_resolution_summary_attaches_to_resolved_incident
        PASS [   0.157s] ( 811/2364) pulse-app::integration_resolution_summary_attachment l4_resolution_summary_attachment_silently_skips_active_incident
        PASS [   0.056s] ( 812/2364) pulse-app::observability_pins allowlist_for_target_resolves_chunk_86_degraded_mode_and_retry_targets
        PASS [   0.237s] ( 813/2364) pulse-app::integration_investigate_actions empty_buffer_still_yields_a_result
        PASS [   0.239s] ( 814/2364) pulse-app::integration_investigate_actions investigate_does_not_log_telemetry_canary
        PASS [   0.159s] ( 815/2364) pulse-app::integration_resolution_summary_attachment l4_resolution_summary_attachment_silently_skips_unknown_incident
        PASS [   0.065s] ( 816/2364) pulse-app::observability_pins allowlist_for_target_resolves_chunk_87_mark_all_read_and_bulk_acknowledged_targets
        PASS [   0.253s] ( 817/2364) pulse-app::integration_investigate_actions deterministic_mode_is_reproducible
        PASS [   0.069s] ( 818/2364) pulse-app::observability_pins allowlist_for_target_resolves_chunk_92_incident_producer_targets
        PASS [   0.064s] ( 819/2364) pulse-app::observability_pins allowlist_for_target_resolves_chunk_97_diagnostics_snapshot_and_history_targets
        PASS [   0.283s] ( 820/2364) pulse-app::integration_investigate_actions deterministic_mode_each_action_yields_a_populated_result
        PASS [   0.067s] ( 821/2364) pulse-app::observability_pins allowlist_for_target_resolves_curation_field_set
        PASS [   0.066s] ( 822/2364) pulse-app::observability_pins allowlist_for_target_resolves_diagnostics_prefix_fallback_to_diagnostics_entry
        PASS [   0.058s] ( 823/2364) pulse-app::observability_pins allowlist_for_target_resolves_diagnostics_template_distribution_request_field_set
        PASS [   0.057s] ( 824/2364) pulse-app::observability_pins allowlist_for_target_resolves_drain_persistence_load_ok_field_set
        PASS [   0.053s] ( 825/2364) pulse-app::observability_pins allowlist_for_target_resolves_drain_persistence_unavailable_field_set
        PASS [   0.052s] ( 826/2364) pulse-app::observability_pins allowlist_for_target_resolves_duckdb_append_to_arrow_appender_fields
        PASS [   0.055s] ( 827/2364) pulse-app::observability_pins allowlist_for_target_resolves_introspection_namespace
        PASS [   0.059s] ( 828/2364) pulse-app::observability_pins allowlist_for_target_resolves_l4_inference_pipeline_targets
        PASS [   0.059s] ( 829/2364) pulse-app::observability_pins allowlist_for_target_resolves_lifecycle_corpus_restore_extended_field_set
        PASS [   0.059s] ( 830/2364) pulse-app::observability_pins allowlist_for_target_resolves_lifecycle_persist_field_set
        PASS [   0.063s] ( 831/2364) pulse-app::observability_pins allowlist_for_target_resolves_metric_activity_floor_bootstrap_state_field_set
        PASS [   0.062s] ( 832/2364) pulse-app::observability_pins allowlist_for_target_resolves_metric_pipeline_l1c_drain_assignment_latency_p99_microseconds_field_set
        PASS [   0.066s] ( 833/2364) pulse-app::observability_pins allowlist_for_target_resolves_metric_pipeline_l1c_drain_template_count_total_field_set
        PASS [   0.066s] ( 834/2364) pulse-app::observability_pins allowlist_for_target_resolves_metric_snapshot_token_count_ms_field_set
        PASS [   0.605s] ( 835/2364) pulse-app::e2e_storm_detection chunk_66_storm_detector_emits_suggested_at_5th_autonomous_at_10th
        PASS [   0.071s] ( 836/2364) pulse-app::observability_pins allowlist_for_target_resolves_metric_triage_lifecycle_state_distribution_field_set
        PASS [   0.166s] ( 837/2364) pulse-app::integration_tier1_storm_one_incident sustained_identical_fingerprint_storm_yields_exactly_one_incident
        PASS [   0.070s] ( 838/2364) pulse-app::observability_pins allowlist_for_target_resolves_metric_webgpu_frame_duration_ms
        PASS [   0.071s] ( 839/2364) pulse-app::observability_pins allowlist_for_target_resolves_pipeline_l1b_tracked_services_total_field_set
        PASS [   0.074s] ( 840/2364) pulse-app::observability_pins allowlist_for_target_resolves_service_cap_exceeded_field_set
        PASS [   0.078s] ( 841/2364) pulse-app::observability_pins allowlist_for_target_resolves_service_went_silent_evaluate_field_set
        PASS [   0.079s] ( 842/2364) pulse-app::observability_pins allowlist_for_target_resolves_services_list_with_states_request_field_set
        PASS [   0.084s] ( 843/2364) pulse-app::observability_pins allowlist_for_target_resolves_snapshot_clipboard_write_field_set
        PASS [   0.087s] ( 844/2364) pulse-app::observability_pins allowlist_for_target_resolves_snapshot_curate_field_set
        PASS [   0.091s] ( 845/2364) pulse-app::observability_pins allowlist_for_target_resolves_snapshot_generate_request_field_set
        PASS [   0.091s] ( 846/2364) pulse-app::observability_pins allowlist_for_target_resolves_snapshot_notification_dispatch_field_set
        PASS [   0.232s] ( 847/2364) pulse-app::integration_tier1_storm_one_incident storm_to_one_incident_is_reproducible
        PASS [   0.086s] ( 848/2364) pulse-app::observability_pins allowlist_for_target_resolves_snapshot_render_markdown_field_set
        PASS [   0.089s] ( 849/2364) pulse-app::observability_pins allowlist_for_target_resolves_snapshot_token_count_validate_field_set
        PASS [   0.617s] ( 850/2364) pulse-app::integration_config_hot_reload hot_reload_applies_cadence_change_and_publishes_new_settings
        PASS [   0.630s] ( 851/2364) pulse-app::integration_config_hot_reload hot_reload_out_of_range_value_rejected_and_retained
        PASS [   0.109s] ( 852/2364) pulse-app::observability_pins allowlist_for_target_resolves_storm_corpus_restore_field_set
        PASS [   0.104s] ( 853/2364) pulse-app::observability_pins allowlist_for_target_resolves_storm_detected_field_set
        PASS [   0.109s] ( 854/2364) pulse-app::observability_pins allowlist_for_target_resolves_storm_persist_field_set
        PASS [   0.644s] ( 855/2364) pulse-app::integration_config_hot_reload hot_reload_rejects_malformed_and_retains_previous
        PASS [   0.643s] ( 856/2364) pulse-app::integration_config_hot_reload hot_reload_restart_required_key_raises_notice
        PASS [   0.108s] ( 857/2364) pulse-app::observability_pins allowlist_for_target_resolves_triage_lifecycle_corpus_restore_field_set
        PASS [   0.106s] ( 858/2364) pulse-app::observability_pins allowlist_for_target_resolves_triage_lifecycle_tick_field_set
        PASS [   0.103s] ( 859/2364) pulse-app::observability_pins allowlist_for_target_resolves_triage_lifecycle_transition_field_set
        PASS [   0.109s] ( 860/2364) pulse-app::observability_pins allowlist_for_target_resolves_ui_bridge_error_namespace
        PASS [   0.113s] ( 861/2364) pulse-app::observability_pins allowlist_for_target_resolves_ui_layout_transition_to_expanded_field_set
        PASS [   0.115s] ( 862/2364) pulse-app::observability_pins allowlist_for_target_resolves_workspace_detect_field_set
        PASS [   0.313s] ( 863/2364) pulse-app::integration_resolution_summary_attachment l4_resolution_summary_no_broadcast_emission_on_attachment
        PASS [   0.110s] ( 864/2364) pulse-app::observability_pins allowlist_resolver_picks_chunk24_targets
        PASS [   0.115s] ( 865/2364) pulse-app::observability_pins allowlist_resolves_each_cadence_target_with_expected_fields
        PASS [   0.113s] ( 866/2364) pulse-app::observability_pins cadence_targets_ban_pii_fields_per_chunk_62_precedent
        PASS [   0.114s] ( 867/2364) pulse-app::observability_pins default_fields_present_when_ci_env_set
        PASS [   0.120s] ( 868/2364) pulse-app::observability_pins default_fields_absent_when_ci_env_unset
        PASS [   0.116s] ( 869/2364) pulse-app::observability_pins deployment_environment_returns_known_value
        PASS [   0.114s] ( 870/2364) pulse-app::observability_pins json_schema_conformance
        PASS [   0.109s] ( 871/2364) pulse-app::observability_pins log_basename_returns_filename_only
        PASS [   0.113s] ( 872/2364) pulse-app::observability_pins scrubber_passes_a11y_diagnostic_fields
        PASS [   0.120s] ( 873/2364) pulse-app::observability_pins scrubber_passes_allowlisted_field
        PASS [   0.115s] ( 874/2364) pulse-app::observability_pins scrubber_passes_app_boot_gpu_check_fields
        PASS [   0.121s] ( 875/2364) pulse-app::observability_pins scrubber_passes_app_boot_tray_init_fields
        PASS [   0.110s] ( 876/2364) pulse-app::observability_pins scrubber_passes_app_boot_webview_init_fields
        PASS [   0.106s] ( 877/2364) pulse-app::observability_pins scrubber_passes_app_boot_window_show_fields
        PASS [   0.115s] ( 878/2364) pulse-app::observability_pins scrubber_passes_buffer_retention_sweep_error_fields
        PASS [   0.111s] ( 879/2364) pulse-app::observability_pins scrubber_passes_buffer_retention_sweep_fields
        PASS [   0.112s] ( 880/2364) pulse-app::observability_pins scrubber_passes_buffer_schema_init_error_fields
        PASS [   0.118s] ( 881/2364) pulse-app::observability_pins scrubber_passes_buffer_schema_init_fields
        PASS [   0.119s] ( 882/2364) pulse-app::observability_pins scrubber_passes_buffer_tick_obs_plan_fields
        PASS [   0.121s] ( 883/2364) pulse-app::observability_pins scrubber_passes_config_load_retention_seconds_fields
        PASS [   0.122s] ( 884/2364) pulse-app::observability_pins scrubber_passes_duckdb_append_fields
        PASS [   0.121s] ( 885/2364) pulse-app::observability_pins scrubber_passes_extended_viz_allowlist_fields
        PASS [   0.120s] ( 886/2364) pulse-app::observability_pins scrubber_passes_grpc_rate_limit_fields
        PASS [   0.123s] ( 887/2364) pulse-app::observability_pins scrubber_passes_http_rate_limit_fields
        PASS [   0.124s] ( 888/2364) pulse-app::observability_pins scrubber_passes_ingest_tick_obs_plan_fields
        PASS [   0.131s] ( 889/2364) pulse-app::observability_pins scrubber_passes_metric_buffer_evicted_span_count_fields
        PASS [   0.129s] ( 890/2364) pulse-app::observability_pins scrubber_passes_metric_buffer_memory_bytes_fields
        PASS [   0.129s] ( 891/2364) pulse-app::observability_pins scrubber_passes_metric_ingest_channel_broadcast_subscribers_fields
        PASS [   0.122s] ( 892/2364) pulse-app::observability_pins scrubber_passes_metric_trace_error_count_fields
        PASS [   0.126s] ( 893/2364) pulse-app::observability_pins scrubber_passes_metric_prefix_fields
        PASS [   0.127s] ( 894/2364) pulse-app::observability_pins scrubber_passes_metric_trace_latency_percentiles_fields
        PASS [   0.126s] ( 895/2364) pulse-app::observability_pins scrubber_passes_metric_webgpu_frame_duration_ms_fields
        PASS [   0.130s] ( 896/2364) pulse-app::observability_pins scrubber_passes_plugins_tick_obs_plan_fields
        PASS [   0.128s] ( 897/2364) pulse-app::observability_pins scrubber_passes_port_validation_fields
        PASS [   0.127s] ( 898/2364) pulse-app::observability_pins scrubber_passes_tauri_channel_emit_error_fields
        PASS [   0.127s] ( 899/2364) pulse-app::observability_pins scrubber_passes_tauri_channel_emit_fields
        PASS [   0.125s] ( 900/2364) pulse-app::observability_pins scrubber_passes_tauri_channel_emit_size_exceeded_fields
        PASS [   0.125s] ( 901/2364) pulse-app::observability_pins scrubber_passes_tauri_channel_lag_fields
        PASS [   0.128s] ( 902/2364) pulse-app::observability_pins scrubber_passes_tick_suffix_fields
        PASS [   0.121s] ( 903/2364) pulse-app::observability_pins scrubber_passes_tray_visibility_toggle_fields
        PASS [   0.124s] ( 904/2364) pulse-app::observability_pins scrubber_passes_ui_layout_transition_fields
        PASS [   0.123s] ( 905/2364) pulse-app::observability_pins scrubber_passes_viz_query_error_fields
        PASS [   0.123s] ( 906/2364) pulse-app::observability_pins scrubber_passes_viz_query_traces_fields
        PASS [   0.123s] ( 907/2364) pulse-app::observability_pins scrubber_passes_viz_tick_obs_plan_fields
        PASS [   0.124s] ( 908/2364) pulse-app::observability_pins scrubber_redacts_non_allowlisted_app_boot_gpu_check_field
        PASS [   0.128s] ( 909/2364) pulse-app::observability_pins scrubber_redacts_non_allowlisted_app_boot_webview_init_field
        PASS [   0.125s] ( 910/2364) pulse-app::observability_pins scrubber_redacts_non_allowlisted_app_boot_window_show_field
        PASS [   0.126s] ( 911/2364) pulse-app::observability_pins scrubber_redacts_non_allowlisted_buffer_retention_sweep_error_field
        PASS [   0.122s] ( 912/2364) pulse-app::observability_pins scrubber_redacts_non_allowlisted_buffer_retention_sweep_field
        PASS [   0.126s] ( 913/2364) pulse-app::observability_pins scrubber_redacts_non_allowlisted_buffer_schema_init_error_field
        PASS [   0.125s] ( 914/2364) pulse-app::observability_pins scrubber_redacts_non_allowlisted_buffer_schema_init_field
        PASS [   0.124s] ( 915/2364) pulse-app::observability_pins scrubber_redacts_non_allowlisted_config_load_retention_seconds_field
        PASS [   0.123s] ( 916/2364) pulse-app::observability_pins scrubber_redacts_non_allowlisted_duckdb_append_field
        PASS [   0.127s] ( 917/2364) pulse-app::observability_pins scrubber_redacts_non_allowlisted_field
        PASS [   0.128s] ( 918/2364) pulse-app::observability_pins scrubber_redacts_non_allowlisted_field_on_each_tick_target
        PASS [   0.125s] ( 919/2364) pulse-app::observability_pins scrubber_redacts_non_allowlisted_metric_buffer_evicted_span_count_field
        PASS [   0.131s] ( 920/2364) pulse-app::observability_pins scrubber_redacts_non_allowlisted_metric_buffer_memory_bytes_field
        PASS [   0.126s] ( 921/2364) pulse-app::observability_pins scrubber_redacts_non_allowlisted_metric_ingest_channel_broadcast_subscribers_field
        PASS [   0.133s] ( 922/2364) pulse-app::observability_pins scrubber_redacts_non_allowlisted_metric_snapshot_token_count_ms_field
        PASS [   0.130s] ( 923/2364) pulse-app::observability_pins scrubber_redacts_non_allowlisted_metric_trace_error_count_field
        PASS [   0.134s] ( 924/2364) pulse-app::observability_pins scrubber_redacts_non_allowlisted_metric_trace_latency_percentiles_field
        PASS [   0.132s] ( 925/2364) pulse-app::observability_pins scrubber_redacts_non_allowlisted_metric_webgpu_frame_duration_ms_field
        PASS [   0.136s] ( 926/2364) pulse-app::observability_pins scrubber_redacts_non_allowlisted_port_validation_field
        PASS [   0.132s] ( 927/2364) pulse-app::observability_pins scrubber_redacts_non_allowlisted_rate_limit_field
        PASS [   0.134s] ( 928/2364) pulse-app::observability_pins scrubber_redacts_non_allowlisted_snapshot_aggregate_field
        PASS [   0.132s] ( 929/2364) pulse-app::observability_pins scrubber_redacts_non_allowlisted_snapshot_clipboard_write_field
        PASS [   0.138s] ( 930/2364) pulse-app::observability_pins scrubber_redacts_non_allowlisted_snapshot_curate_field
        PASS [   0.136s] ( 931/2364) pulse-app::observability_pins scrubber_redacts_non_allowlisted_snapshot_generate_request_field
        PASS [   0.137s] ( 932/2364) pulse-app::observability_pins scrubber_redacts_non_allowlisted_snapshot_notification_dispatch_field
        PASS [   0.136s] ( 933/2364) pulse-app::observability_pins scrubber_redacts_non_allowlisted_snapshot_render_markdown_field
        PASS [   0.133s] ( 934/2364) pulse-app::observability_pins scrubber_redacts_non_allowlisted_snapshot_token_count_validate_field
        PASS [   0.136s] ( 935/2364) pulse-app::observability_pins scrubber_redacts_non_allowlisted_tauri_channel_emit_error_field
        PASS [   0.135s] ( 936/2364) pulse-app::observability_pins scrubber_redacts_non_allowlisted_tauri_channel_emit_field
        PASS [   0.137s] ( 937/2364) pulse-app::observability_pins scrubber_redacts_non_allowlisted_tauri_channel_emit_size_exceeded_field
        PASS [   0.135s] ( 938/2364) pulse-app::observability_pins scrubber_redacts_non_allowlisted_tauri_channel_lag_field
        PASS [   0.137s] ( 939/2364) pulse-app::observability_pins scrubber_redacts_non_allowlisted_tray_visibility_toggle_field
        PASS [   0.154s] ( 940/2364) pulse-app::observability_pins scrubber_redacts_non_allowlisted_ui_layout_transition_field
        PASS [   0.154s] ( 941/2364) pulse-app::observability_pins scrubber_redacts_non_allowlisted_viz_query_error_field
        PASS [   0.150s] ( 942/2364) pulse-app::observability_pins scrubber_redacts_non_allowlisted_viz_query_traces_field
        PASS [   0.152s] ( 943/2364) pulse-app::observability_pins scrubber_redacts_non_allowlisted_workspace_detect_field
        PASS [   0.152s] ( 944/2364) pulse-app::observability_pins scrubber_redacts_query_parameter_value_on_viz_target
        PASS [   0.149s] ( 945/2364) pulse-app::observability_pins scrubber_redacts_unknown_target
        PASS [   0.152s] ( 946/2364) pulse-app::observability_pins subscriber_init_idempotent_under_test_repetition
        PASS [   0.145s] ( 947/2364) pulse-app::observability_pins timestamp_is_rfc3339_with_millis
        PASS [   0.156s] ( 948/2364) pulse-app::observability_pins validate_ci_run_id_accepts_digits
        PASS [   0.153s] ( 949/2364) pulse-app::observability_pins validate_ci_run_id_rejects_garbage
        PASS [   0.154s] ( 950/2364) pulse-app::observability_pins validate_git_commit_sha_accepts_lowercase_hex
        PASS [   0.151s] ( 951/2364) pulse-app::observability_pins validate_git_commit_sha_rejects_garbage
        PASS [   0.150s] ( 952/2364) pulse-app::quality_gate_workflow ci_workflow_downloads_coverage_baseline_artifact
        PASS [   0.157s] ( 953/2364) pulse-app::quality_gate_workflow ci_workflow_clippy_uses_deny_warnings
        PASS [   0.146s] ( 954/2364) pulse-app::quality_gate_workflow ci_workflow_downloads_criterion_baseline_artifact
        PASS [   0.144s] ( 955/2364) pulse-app::quality_gate_workflow ci_workflow_env_includes_ci_run_id
        PASS [   0.143s] ( 956/2364) pulse-app::quality_gate_workflow ci_workflow_invokes_ci_gates
        PASS [   0.144s] ( 957/2364) pulse-app::quality_gate_workflow ci_workflow_invokes_coverage_regression_check
        PASS [   0.143s] ( 958/2364) pulse-app::quality_gate_workflow ci_workflow_invokes_criterion_regression_check
        PASS [   0.143s] ( 959/2364) pulse-app::quality_gate_workflow ci_workflow_invokes_quarantine_tracking_check
        PASS [   0.143s] ( 960/2364) pulse-app::quality_gate_workflow ci_workflow_test_gates_no_continue_on_error
        PASS [   0.142s] ( 961/2364) pulse-app::quality_gate_workflow ci_workflow_uploads_criterion_artifact_unchanged
        PASS [   0.143s] ( 962/2364) pulse-app::quality_gate_workflow ci_workflow_uploads_logs_artifact_unchanged
        PASS [   0.139s] ( 963/2364) pulse-app::quality_gate_workflow nextest_ci_profile_enforces_zero_retries
        PASS [   0.120s] ( 964/2364) pulse-app::quality_gate_workflow nextest_default_profile_excludes_load_profiles_suite
        PASS [   0.120s] ( 965/2364) pulse-app::quality_gate_workflow nextest_load_profiles_profile_preserves_zero_flake_posture
        PASS [   0.133s] ( 966/2364) pulse-app::security_apperror_sanitization apperror_internal_constructor_does_not_inject_caller_context
        PASS [   0.145s] ( 967/2364) pulse-app::security_apperror_sanitization apperror_ingest_does_not_leak_pii_vectors
        PASS [   0.134s] ( 968/2364) pulse-app::security_apperror_sanitization apperror_internal_from_constant_message_does_not_leak_pii_vectors
        PASS [   0.129s] ( 969/2364) pulse-app::security_apperror_sanitization apperror_not_found_does_not_leak_pii_vectors
        PASS [   0.133s] ( 970/2364) pulse-app::security_apperror_sanitization apperror_plugin_does_not_leak_pii_vectors
        PASS [   0.131s] ( 971/2364) pulse-app::security_apperror_sanitization apperror_storage_does_not_leak_pii_vectors
        PASS [   0.124s] ( 972/2364) pulse-app::security_apperror_sanitization apperror_validation_does_not_leak_pii_vectors
        PASS [   0.124s] ( 973/2364) pulse-app::security_apperror_sanitization from_buffer_error_init_produces_sanitized_storage_variant
        PASS [   0.125s] ( 974/2364) pulse-app::security_apperror_sanitization from_plugins_error_produces_sanitized_plugin_or_internal_variant
        PASS [   0.125s] ( 975/2364) pulse-app::security_apperror_sanitization from_snapshot_error_propagates_sanitized_message_only
        PASS [   0.119s] ( 976/2364) pulse-app::security_apperror_sanitization from_viz_error_query_failed_produces_sanitized_storage_variant
        PASS [   0.123s] ( 977/2364) pulse-app::security_apperror_sanitization from_workspace_detector_error_produces_sanitized_variant
        PASS [   0.127s] ( 978/2364) pulse-app::security_path_env_var_canonicalization canonicalize_plugin_dir_rejects_traversal_path_without_leaking_canary
        PASS [   0.133s] ( 979/2364) pulse-app::security_path_env_var_canonicalization canonicalize_plugin_dir_handles_existing_valid_path_without_leaking_into_logs
        PASS [   0.139s] ( 980/2364) pulse-app::security_l4_parse_failure_does_not_leak_output l4_schema_violation_path_does_not_leak_canary_to_tracing
        PASS [   0.141s] ( 981/2364) pulse-app::security_l4_parse_failure_does_not_leak_output l4_parse_failure_path_does_not_leak_canary_to_tracing
        PASS [   0.134s] ( 982/2364) pulse-app::security_plugin_path_basename_only canonicalize_plugin_dir_returns_basename_in_traversal_rejection_error
        PASS [   0.133s] ( 983/2364) pulse-app::unit_baseline_persistence corpus_error_encryption_failed_maps_to_baseline_serialize
        PASS [   0.134s] ( 984/2364) pulse-app::unit_baseline_persistence corpus_error_keyring_unavailable_maps_to_sanitized_baseline_io
        PASS [   0.145s] ( 985/2364) pulse-app::unit_baseline_persistence corpus_error_decryption_failed_maps_to_baseline_deserialize
        PASS [   0.132s] ( 986/2364) pulse-app::unit_baseline_persistence corpus_error_query_failed_maps_to_sanitized_baseline_io
        PASS [   0.131s] ( 987/2364) pulse-app::unit_baseline_persistence corpus_error_schema_version_mismatch_maps_with_expected_constant
        PASS [   0.116s] ( 988/2364) pulse-app::unit_baseline_persistence metric_name_and_layer_constants_match_plan_spec
        PASS [   0.128s] ( 989/2364) pulse-app::unit_baseline_persistence load_returns_none_when_corpus_empty
        PASS [   0.137s] ( 990/2364) pulse-app::unit_baseline_persistence migrate_legacy_emits_failed_warn_on_corrupt_bytes
        PASS [   0.139s] ( 991/2364) pulse-app::unit_baseline_persistence migrate_legacy_failed_on_corrupt_bytes_preserves_legacy_file
        PASS [   0.132s] ( 992/2364) pulse-app::unit_baseline_persistence migrate_legacy_rejects_oversized_length_prefix_without_oom
        PASS [   0.127s] ( 993/2364) pulse-app::unit_baseline_persistence migrate_legacy_returns_noop_when_no_legacy_file
        PASS [   0.227s] ( 994/2364) pulse-app::security_plugin_path_basename_only discover_plugins_returns_basename_only_in_loaded_plugin
        PASS [   0.234s] ( 995/2364) pulse-app::security_plugin_path_basename_only discover_plugins_emits_basename_only_in_tracing_spans
        PASS [   0.123s] ( 996/2364) pulse-app::unit_close_signpost fires_every_time_when_notifications_enabled
        PASS [   0.129s] ( 997/2364) pulse-app::unit_close_signpost close_sends_app_to_tray_only_for_the_widget
        PASS [   0.128s] ( 998/2364) pulse-app::unit_close_signpost suppressed_when_notifications_disabled
        PASS [   0.201s] ( 999/2364) pulse-app::unit_baseline_persistence migrate_legacy_emits_completed_warn_log
        PASS [   0.204s] (1000/2364) pulse-app::unit_baseline_persistence migrate_legacy_completed_deletes_legacy_file_and_persists_to_corpus
        PASS [   0.189s] (1001/2364) pulse-app::unit_baseline_persistence migrate_legacy_idempotent_on_second_call
        PASS [   0.144s] (1002/2364) pulse-app::unit_config_watcher config_watch_error_category_is_sanitized_label
        PASS [   0.138s] (1003/2364) pulse-app::unit_config_watcher reevaluate_on_empty_registry_is_noop_but_marks_cadence_prospective
        PASS [   0.119s] (1004/2364) pulse-app::unit_config_watcher reevaluate_reclassifies_tracked_services_and_emits_transitions
        PASS [   0.115s] (1005/2364) pulse-app::unit_config_watcher settings_to_cadence_config_maps_fields
        PASS [   0.177s] (1006/2364) pulse-app::unit_baseline_persistence save_then_load_round_trips_baseline_state_through_corpus
        PASS [   0.122s] (1007/2364) pulse-app::unit_config_watcher settings_to_lifecycle_thresholds_maps_fields
        PASS [   0.181s] (1008/2364) pulse-app::unit_baseline_persistence save_writes_through_corpus_writer_save_pipeline_metric
        PASS [   0.134s] (1009/2364) pulse-app::unit_connection_router current_state_returns_receiver_failed_when_bind_failed
        PASS [   0.138s] (1010/2364) pulse-app::unit_connection_router current_state_returns_listening_when_no_ingest_and_bind_ok
        PASS [   0.122s] (1011/2364) pulse-app::unit_connection_router heartbeat_bind_status_ok_reports_not_failed
        PASS [   0.123s] (1012/2364) pulse-app::unit_connection_router heartbeat_bind_status_reports_failed_when_either_receiver_failed
        PASS [   0.214s] (1013/2364) pulse-app::unit_baseline_persistence pii_canary_not_present_in_corpus_db_raw_bytes
        PASS [   0.106s] (1014/2364) pulse-app::unit_consumer_stall_classification last_append_age_is_zero_before_the_first_append
        PASS [   0.111s] (1015/2364) pulse-app::unit_consumer_stall_classification last_append_age_is_whole_seconds_since_the_last_append
        PASS [   0.105s] (1016/2364) pulse-app::unit_consumer_stall_classification rows_advancing_is_healthy_regardless_of_channel_occupancy
        PASS [   0.108s] (1017/2364) pulse-app::unit_consumer_stall_classification stall_threshold_clears_the_in_spec_drain_window
        PASS [   0.090s] (1018/2364) pulse-app::unit_consumer_stall_classification static_rows_with_an_empty_channel_is_an_idle_producer
        PASS [   0.093s] (1019/2364) pulse-app::unit_consumer_stall_classification static_rows_with_queued_work_is_a_stalled_consumer
        PASS [   0.095s] (1020/2364) pulse-app::unit_degraded_mode_runtime initial_state_is_active_with_zero_counter
        PASS [   0.098s] (1021/2364) pulse-app::unit_degraded_mode_runtime interpretation_retry_error_to_app_error_covers_all_variants_with_sanitization
        PASS [   0.105s] (1022/2364) pulse-app::unit_degraded_mode_runtime current_snapshot_recomputes_backoff_seconds_remaining_against_clock
        PASS [   0.094s] (1023/2364) pulse-app::unit_degraded_mode_runtime interpretation_retry_error_to_app_error_sanitizes_inner_reason_strings
        PASS [   0.097s] (1024/2364) pulse-app::unit_degraded_mode_runtime is_in_backoff_returns_false_when_active
        PASS [   0.097s] (1025/2364) pulse-app::unit_degraded_mode_runtime is_in_backoff_returns_true_when_degraded_and_before_next_retry
        PASS [   0.101s] (1026/2364) pulse-app::unit_degraded_mode_runtime local_degraded_mode_emits_degraded_enter_warning_on_threshold
        PASS [   0.105s] (1027/2364) pulse-app::unit_degraded_mode_runtime local_degraded_mode_emits_degraded_exit_info_on_recovery
        PASS [   0.108s] (1028/2364) pulse-app::unit_degraded_mode_runtime local_degraded_mode_emits_degraded_exit_on_manual_retry_when_degraded
        PASS [   0.112s] (1029/2364) pulse-app::unit_degraded_mode_runtime local_degraded_mode_emits_no_events_when_active_throughout
        PASS [   0.134s] (1030/2364) pulse-app::unit_degraded_mode_runtime record_failure_advances_backoff_progression_2_5_10_min
        PASS [   0.131s] (1031/2364) pulse-app::unit_degraded_mode_runtime record_failure_at_threshold_transitions_to_degraded
        PASS [   0.133s] (1032/2364) pulse-app::unit_degraded_mode_runtime record_failure_below_threshold_keeps_active
        PASS [   0.125s] (1033/2364) pulse-app::unit_degraded_mode_runtime record_failure_outside_window_resets_counter
        PASS [   0.131s] (1034/2364) pulse-app::unit_degraded_mode_runtime record_success_after_degraded_resets_state
        PASS [   0.136s] (1035/2364) pulse-app::unit_degraded_mode_runtime trigger_manual_retry_resets_backoff_immediately
        PASS [   0.145s] (1036/2364) pulse-app::unit_deterministic_inference canned_arrays_sit_inside_the_schema_bounds
        PASS [   0.138s] (1037/2364) pulse-app::unit_deterministic_inference canned_output_carries_no_pii
        PASS [   0.144s] (1038/2364) pulse-app::unit_deterministic_inference canned_output_is_schema_valid_and_surface_autonomous
        PASS [   1.574s] (1039/2364) pulse-app::integration_corpus_retrieval_two_session legacy_unscrubbed_canary_never_reaches_the_digest
        PASS [   0.145s] (1040/2364) pulse-app::unit_deterministic_inference canned_output_populates_hypotheses_and_investigation_steps
        PASS [   0.144s] (1041/2364) pulse-app::unit_deterministic_inference canned_output_populates_the_graded_evidence_refs
        PASS [   0.147s] (1042/2364) pulse-app::unit_deterministic_inference env_gate_truthy_parse_table
        PASS [   1.577s] (1043/2364) pulse-app::integration_corpus_retrieval_two_session retrieval_events_carry_no_fingerprints_workspaces_or_incident_text
        PASS [   0.142s] (1044/2364) pulse-app::unit_deterministic_inference resolution_summary_kind_digest_takes_the_attach_branch
        PASS [   0.141s] (1045/2364) pulse-app::unit_deterministic_inference runner_is_loaded_and_returns_canned_output
        PASS [   1.607s] (1046/2364) pulse-app::integration_corpus_retrieval_two_session incident_from_session_a_surfaces_in_session_b_corpus_matches
        PASS [   0.186s] (1047/2364) pulse-app::unit_deterministic_inference canned_evidence_refs_survive_the_scrubber_unredacted
        PASS [   0.150s] (1048/2364) pulse-app::unit_diagnostics_router_retry_interpretation retry_interpretation_payload_excludes_pii_fields_in_serialization
        PASS [   0.150s] (1049/2364) pulse-app::unit_diagnostics_router_retry_interpretation retry_interpretation_payload_serializes_through_serde_json
        PASS [   0.197s] (1050/2364) pulse-app::unit_deterministic_inference canned_output_routes_every_non_resolution_digest_kind_to_create
        PASS [   1.621s] (1051/2364) pulse-app::integration_corpus_retrieval_two_session retrieval_caps_at_top_five_newest_matches
        PASS [   0.179s] (1052/2364) pulse-app::unit_diagnostics_router_retry_interpretation diagnostics_retry_interpretation_in_degraded_state_triggers_recovery
        PASS [   0.175s] (1053/2364) pulse-app::unit_diagnostics_router_retry_interpretation diagnostics_retry_interpretation_with_active_failures_triggers_reset
        PASS [   0.188s] (1054/2364) pulse-app::unit_diagnostics_router_retry_interpretation diagnostics_retry_interpretation_in_active_state_returns_no_op
        PASS [   0.159s] (1055/2364) pulse-app::unit_diagnostics_router_snapshot history_payload_serializes_round_trip
        PASS [   0.133s] (1056/2364) pulse-app::unit_diagnostics_router_snapshot snapshot_payload_serializes_and_excludes_pii_fields
        PASS [   0.157s] (1057/2364) pulse-app::unit_diagnostics_router_snapshot history_returns_stub_for_known_metric
        PASS [   0.192s] (1058/2364) pulse-app::unit_diagnostics_router_snapshot history_clamps_oversized_window_without_error
        PASS [   0.185s] (1059/2364) pulse-app::unit_diagnostics_router_snapshot history_rejects_unknown_metric_name
        PASS [   0.153s] (1060/2364) pulse-app::unit_diagnostics_router_snapshot snapshot_reflects_drain_template_count_after_ingest
        PASS [   0.149s] (1061/2364) pulse-app::unit_diagnostics_router_snapshot snapshot_returns_live_state_with_degraded_markers_for_unproduced_fields
        PASS [   0.147s] (1062/2364) pulse-app::unit_diagnostics_router_snapshot snapshot_returns_zero_template_count_for_fresh_miner
        PASS [   0.123s] (1063/2364) pulse-app::unit_diagnostics_router_template_distribution drain_error_to_app_error_init_variant_sanitized
        PASS [   0.127s] (1064/2364) pulse-app::unit_diagnostics_router_template_distribution drain_error_to_app_error_drain_variant_sanitized
        PASS [   0.143s] (1065/2364) pulse-app::unit_diagnostics_router_template_distribution drain_error_to_app_error_broadcast_size_cap_variant_sanitized
        PASS [   0.121s] (1066/2364) pulse-app::unit_diagnostics_router_template_distribution drain_error_to_app_error_invalid_batch_variant_sanitized
        PASS [   0.125s] (1067/2364) pulse-app::unit_diagnostics_router_template_distribution drain_error_to_app_error_schema_create_variant_sanitized
        PASS [   0.128s] (1068/2364) pulse-app::unit_diagnostics_router_template_distribution drift_indicator_payload_from_buffer_variant_round_trip
        PASS [   0.137s] (1069/2364) pulse-app::unit_diagnostics_router_template_distribution template_distribution_caps_at_top_n_constant
        PASS [   0.122s] (1070/2364) pulse-app::unit_diagnostics_router_template_distribution template_distribution_payload_serializes_through_serde_json
        PASS [   0.146s] (1071/2364) pulse-app::unit_diagnostics_router_template_distribution template_distribution_payload_drift_indicator_round_trips
        PASS [   0.140s] (1072/2364) pulse-app::unit_diagnostics_router_template_distribution template_distribution_returns_empty_payload_for_fresh_miner
        PASS [   0.142s] (1073/2364) pulse-app::unit_diagnostics_router_template_distribution template_distribution_returns_top_templates_after_ingest
        PASS [   0.118s] (1074/2364) pulse-app::unit_drain_persistence corpus_error_keyring_unavailable_maps_to_sanitized_buffer_drain
        PASS [   0.126s] (1075/2364) pulse-app::unit_drain_persistence corpus_error_decryption_failed_maps_to_sanitized_message
        PASS [   0.117s] (1076/2364) pulse-app::unit_drain_persistence corpus_error_query_failed_maps_to_sanitized_message
        PASS [   0.119s] (1077/2364) pulse-app::unit_drain_persistence metric_name_and_layer_constants_match_plan_spec
        PASS [   0.134s] (1078/2364) pulse-app::unit_drain_persistence load_returns_none_when_corpus_empty
        PASS [   0.130s] (1079/2364) pulse-app::unit_heartbeat_ticks emit_buffer_tick_emits_metric_buffer_memory_bytes_event
        PASS [   0.140s] (1080/2364) pulse-app::unit_heartbeat_ticks emit_buffer_tick_emits_metric_buffer_evicted_span_count_event_when_delta_positive
        PASS [   0.118s] (1081/2364) pulse-app::unit_heartbeat_ticks emit_buffer_tick_emits_target_and_fields
        PASS [   0.194s] (1082/2364) pulse-app::unit_digest_runtime_scrub pii_scrub_closure_redacts_jwt
        PASS [   0.198s] (1083/2364) pulse-app::unit_digest_runtime_scrub pii_scrub_closure_allows_clean_text
        PASS [   0.120s] (1084/2364) pulse-app::unit_heartbeat_ticks emit_buffer_tick_reflects_real_eviction_count_delta
        PASS [   0.129s] (1085/2364) pulse-app::unit_heartbeat_ticks emit_buffer_tick_emits_metric_pipeline_l1c_drain_template_count_total_when_miner_present
        PASS [   0.123s] (1086/2364) pulse-app::unit_heartbeat_ticks emit_buffer_tick_reflects_real_memory_bytes
        PASS [   0.125s] (1087/2364) pulse-app::unit_heartbeat_ticks emit_buffer_tick_reflects_real_rows_ingested_count
        PASS [   0.129s] (1088/2364) pulse-app::unit_heartbeat_ticks emit_buffer_tick_reflects_retention_window_active_after_flip
        PASS [   0.132s] (1089/2364) pulse-app::unit_heartbeat_ticks emit_buffer_tick_suppresses_metric_evicted_span_count_when_delta_zero
        PASS [   0.137s] (1090/2364) pulse-app::unit_heartbeat_ticks emit_buffer_tick_resets_drain_lru_evictions_counter_each_tick
        PASS [   0.140s] (1091/2364) pulse-app::unit_heartbeat_ticks emit_buffer_tick_suppresses_drain_metric_when_miner_not_threaded_in
        PASS [   0.142s] (1092/2364) pulse-app::unit_heartbeat_ticks emit_connection_tick_listening_when_no_ingest_and_bind_ok
        PASS [   0.194s] (1093/2364) pulse-app::unit_drain_persistence save_writes_through_corpus_writer_save_pipeline_metric
        PASS [   0.140s] (1094/2364) pulse-app::unit_heartbeat_ticks emit_connection_tick_receiver_failed_when_bind_failed
        PASS [   0.156s] (1095/2364) pulse-app::unit_heartbeat_ticks emit_buffer_tick_surfaces_drain_fields_when_miner_threaded_in
        PASS [   0.135s] (1096/2364) pulse-app::unit_heartbeat_ticks emit_connection_tick_receiving_after_ingest_recent
        PASS [   0.137s] (1097/2364) pulse-app::unit_heartbeat_ticks emit_ingest_tick_emits_per_stream_broadcast_subscribers_gauges
        PASS [   0.209s] (1098/2364) pulse-app::unit_drain_persistence save_then_load_round_trips_drain_state_through_corpus
        PASS [   0.122s] (1099/2364) pulse-app::unit_heartbeat_ticks emit_ingest_tick_emits_target_and_fields
        PASS [   0.124s] (1100/2364) pulse-app::unit_heartbeat_ticks emit_ingest_tick_reflects_real_broadcast_subscriber_sum
        PASS [   0.125s] (1101/2364) pulse-app::unit_heartbeat_ticks emit_ingest_tick_reflects_real_span_count_from_ingest_state
        PASS [   0.123s] (1102/2364) pulse-app::unit_heartbeat_ticks emit_plugins_tick_emits_target_and_fields
        PASS [   0.126s] (1103/2364) pulse-app::unit_heartbeat_ticks emit_plugins_tick_reflects_registry_invocation_counter
        PASS [   0.130s] (1104/2364) pulse-app::unit_heartbeat_ticks emit_viz_tick_emits_target_and_fields
        PASS [   0.121s] (1105/2364) pulse-app::unit_heartbeat_ticks emit_viz_tick_reflects_real_query_latency_avg
        PASS [   0.121s] (1106/2364) pulse-app::unit_heartbeat_ticks emit_viz_tick_reflects_real_subscribers_count
        PASS [   0.111s] (1107/2364) pulse-app::unit_heartbeat_ticks spawn_returns_five_handles_and_aborts_cleanly
        PASS [   0.113s] (1108/2364) pulse-app::unit_incident_persistence count_active_unread_filters_by_workspace
        PASS [   0.115s] (1109/2364) pulse-app::unit_incident_persistence count_active_unread_reflects_seeded_active_incidents
        PASS [   0.115s] (1110/2364) pulse-app::unit_incident_persistence count_active_unread_returns_zero_for_fresh_corpus
        PASS [   0.120s] (1111/2364) pulse-app::unit_incident_persistence count_active_unread_sql_injection_does_not_drop_table
        PASS [   0.126s] (1112/2364) pulse-app::unit_incident_persistence p043_project_scoped_memory_isolates_workspaces
        PASS [   0.127s] (1113/2364) pulse-app::unit_incident_persistence save_then_load_round_trips_active_incident
        PASS [   0.125s] (1114/2364) pulse-app::unit_incident_persistence update_incident_status_persists_acknowledge_state
        PASS [   0.125s] (1115/2364) pulse-app::unit_incident_persistence update_incident_status_resolved_excludes_from_active_list
        PASS [   0.163s] (1116/2364) pulse-app::unit_incident_persistence at_rest_encryption_blocks_plaintext_canary
        PASS [   0.129s] (1117/2364) pulse-app::unit_incident_producer dismiss_decision_creates_no_incident
        PASS [   0.165s] (1118/2364) pulse-app::unit_incident_persistence p042_cross_session_continuity
        PASS [   0.178s] (1119/2364) pulse-app::unit_incident_producer autonomous_severity_maps_to_error_and_autonomous_tier
        PASS [   0.164s] (1120/2364) pulse-app::unit_incident_producer distinct_fingerprint_same_service_still_coalesces_to_one_incident
        PASS [   0.152s] (1121/2364) pulse-app::unit_incident_producer no_triggering_cue_creates_no_incident
        PASS [   0.166s] (1122/2364) pulse-app::unit_incident_producer distinct_services_create_distinct_incidents
        PASS [   0.172s] (1123/2364) pulse-app::unit_incident_producer fingerprint_hashes_carry_only_model_refs_without_a_cue_fingerprint
        PASS [   0.175s] (1124/2364) pulse-app::unit_incident_producer fingerprint_hashes_union_appends_cue_fingerprint_to_model_refs
        PASS [   0.191s] (1125/2364) pulse-app::unit_incident_producer fingerprint_hashes_union_does_not_duplicate_a_copied_fingerprint
        PASS [   0.156s] (1126/2364) pulse-app::unit_incident_producer reflection_dismiss_creates_no_incident
        PASS [   0.190s] (1127/2364) pulse-app::unit_incident_producer incidents_without_a_cue_fingerprint_carry_an_empty_one
        PASS [   0.197s] (1128/2364) pulse-app::unit_incident_producer pii_canary_in_l4_text_is_scrubbed_before_persist
        PASS [   0.150s] (1129/2364) pulse-app::unit_incident_producer resolution_summary_output_creates_no_incident
        PASS [   0.149s] (1130/2364) pulse-app::unit_incident_producer severity_none_creates_no_incident
        PASS [   0.201s] (1131/2364) pulse-app::unit_incident_producer producer_evidence_trace_span_and_timestamps_are_empty_by_construction
        PASS [   0.195s] (1132/2364) pulse-app::unit_incident_producer producer_observability_is_aggregate_only
        PASS [   0.198s] (1133/2364) pulse-app::unit_incident_producer producer_writes_cue_fingerprint_not_the_model_authored_one
        PASS [   0.201s] (1134/2364) pulse-app::unit_incident_producer reemission_dedup_does_not_create_duplicate
        PASS [   0.197s] (1135/2364) pulse-app::unit_incident_producer reflection_dedups_one_per_workspace
        PASS [   0.200s] (1136/2364) pulse-app::unit_incident_producer reflection_high_confidence_surfaces_suggested
        PASS [   0.197s] (1137/2364) pulse-app::unit_incident_producer reflection_surface_creates_workspace_global_incident
        PASS [   0.167s] (1138/2364) pulse-app::unit_incidents_mark_all_read_router mark_all_read_on_empty_workspace_returns_zero_affected
        PASS [   0.172s] (1139/2364) pulse-app::unit_incidents_mark_all_read_router mark_all_read_marks_all_unread_and_returns_affected_count
        PASS [   0.180s] (1140/2364) pulse-app::unit_incidents_mark_all_read_router mark_all_read_is_idempotent_when_all_already_read
        PASS [   0.183s] (1141/2364) pulse-app::unit_incidents_mark_all_read_router mark_all_read_filters_by_workspace
        PASS [   0.201s] (1142/2364) pulse-app::unit_incident_producer surface_decision_creates_active_incident
        PASS [   0.166s] (1143/2364) pulse-app::unit_incidents_mark_all_read_router mark_all_read_payload_excludes_pii_fields_in_serialization
        PASS [   0.163s] (1144/2364) pulse-app::unit_incidents_mark_all_read_router mark_all_read_payload_serializes_through_serde_json
        PASS [   0.200s] (1145/2364) pulse-app::unit_incident_producer watch_decision_creates_curious_incident
        PASS [   0.152s] (1146/2364) pulse-app::unit_incidents_mark_all_read_router mark_all_read_persists_read_state_to_corpus
        PASS [   0.123s] (1147/2364) pulse-app::unit_incidents_mark_all_read_router mark_all_read_skips_resolved_incidents
        PASS [   0.129s] (1148/2364) pulse-app::unit_inference_runtime handle_digest_emits_model_tier_fallback_in_inference_request_event
        PASS [   0.134s] (1149/2364) pulse-app::unit_inference_runtime handle_digest_acute_primary_digest_does_not_select_reflection_prompt
        PASS [   0.131s] (1150/2364) pulse-app::unit_inference_runtime handle_digest_emits_prompt_version_v1_fallback_for_fallback_tier
        PASS [   0.132s] (1151/2364) pulse-app::unit_inference_runtime handle_digest_emits_prompt_version_v2_2_for_primary_tier
        PASS [   0.127s] (1152/2364) pulse-app::unit_inference_runtime handle_digest_model_not_configured_increments_runtime_error_counter
        PASS [   0.114s] (1153/2364) pulse-app::unit_inference_runtime handle_digest_never_logs_prompt_or_output_content
        PASS [   0.117s] (1154/2364) pulse-app::unit_inference_runtime handle_digest_output_too_large_increments_output_too_large_counter
        PASS [   0.119s] (1155/2364) pulse-app::unit_inference_runtime handle_digest_parse_failure_increments_parse_failure_counter
        PASS [   0.112s] (1156/2364) pulse-app::unit_inference_runtime handle_digest_runtime_error_increments_runtime_error_counter
        PASS [   0.113s] (1157/2364) pulse-app::unit_inference_runtime handle_digest_schema_violation_increments_schema_violation_counter
        PASS [   0.115s] (1158/2364) pulse-app::unit_inference_runtime handle_digest_selects_fallback_prompt_when_runner_tier_is_fallback
        PASS [   0.118s] (1159/2364) pulse-app::unit_inference_runtime handle_digest_selects_primary_prompt_when_runner_tier_is_primary
        PASS [   0.123s] (1160/2364) pulse-app::unit_inference_runtime handle_digest_selects_reflection_prompt_for_reflection_digest
        PASS [   0.124s] (1161/2364) pulse-app::unit_inference_runtime handle_digest_success_path_emits_counter_and_latency
        PASS [   0.125s] (1162/2364) pulse-app::unit_lifecycle_persistence corpus_error_encryption_failed_maps_to_serialize
        PASS [   0.127s] (1163/2364) pulse-app::unit_lifecycle_persistence corpus_error_decryption_failed_maps_to_deserialize
        PASS [   0.118s] (1164/2364) pulse-app::unit_lifecycle_persistence corpus_error_keyring_unavailable_maps_to_sanitized_io
        PASS [   0.119s] (1165/2364) pulse-app::unit_lifecycle_persistence corpus_error_query_failed_maps_to_sanitized_io
        PASS [   0.108s] (1166/2364) pulse-app::unit_lifecycle_persistence corpus_error_schema_mismatch_maps_to_typed_variant
        PASS [   0.113s] (1167/2364) pulse-app::unit_lifecycle_persistence load_returns_none_when_corpus_empty
        PASS [   0.120s] (1168/2364) pulse-app::unit_lifecycle_persistence parse_state_returns_none_for_unknown_text
        PASS [   0.124s] (1169/2364) pulse-app::unit_lifecycle_persistence parse_state_round_trips_all_seven_variants
        PASS [   0.136s] (1170/2364) pulse-app::unit_llamacli_inference allow_root_resolves_not_configured_when_unset
        PASS [   0.152s] (1171/2364) pulse-app::unit_llamacli_inference allow_root_resolves_enforced_for_a_real_directory
        PASS [   0.143s] (1172/2364) pulse-app::unit_llamacli_inference allow_root_resolves_unresolvable_for_a_file_rather_than_a_directory
        PASS [   0.144s] (1173/2364) pulse-app::unit_llamacli_inference allow_root_resolves_unresolvable_for_a_missing_directory
        PASS [   0.139s] (1174/2364) pulse-app::unit_llamacli_inference binary_target_routes_cpu_fallback_to_cpu_ngl_0
        PASS [   0.173s] (1175/2364) pulse-app::unit_lifecycle_persistence save_load_preserves_per_service_timestamps
        PASS [   0.142s] (1176/2364) pulse-app::unit_llamacli_inference binary_target_routes_cpu_primary_to_cpu_ngl_0
        PASS [   0.173s] (1177/2364) pulse-app::unit_lifecycle_persistence save_then_load_round_trips_three_services
        PASS [   0.143s] (1178/2364) pulse-app::unit_llamacli_inference binary_target_routes_gpu_fallback_to_cuda_ngl_99
        PASS [   0.179s] (1179/2364) pulse-app::unit_lifecycle_persistence save_persists_manual_override_field
        PASS [   0.141s] (1180/2364) pulse-app::unit_llamacli_inference binary_target_routes_gpu_primary_to_cuda_ngl_99
        PASS [   0.187s] (1181/2364) pulse-app::unit_lifecycle_persistence non_pii_service_name_passes_through_to_at_rest_text_column
        PASS [   0.183s] (1182/2364) pulse-app::unit_lifecycle_persistence save_upsert_overwrites_same_service_state
        PASS [   0.142s] (1183/2364) pulse-app::unit_llamacli_inference binary_target_routes_unknown_to_cpu_safe_default
        PASS [   0.146s] (1184/2364) pulse-app::unit_llamacli_inference canonicalize_accepts_existing_regular_file
        PASS [   0.145s] (1185/2364) pulse-app::unit_llamacli_inference canonicalize_rejects_directory_path
        PASS [   0.143s] (1186/2364) pulse-app::unit_llamacli_inference canonicalize_rejects_nonexistent_path
        PASS [   0.145s] (1187/2364) pulse-app::unit_llamacli_inference canonicalize_rejects_traversal_payload
        PASS [   0.144s] (1188/2364) pulse-app::unit_llamacli_inference classify_subprocess_failure_returns_binary_not_found_when_spawn_says_no_such_file
        PASS [   0.139s] (1189/2364) pulse-app::unit_llamacli_inference classify_subprocess_failure_returns_binary_not_found_when_spawn_says_not_found
        PASS [   0.137s] (1190/2364) pulse-app::unit_llamacli_inference classify_subprocess_failure_returns_exit_nonzero_silent_when_stderr_empty
        PASS [   0.140s] (1191/2364) pulse-app::unit_llamacli_inference classify_subprocess_failure_returns_exit_nonzero_with_stderr_when_present
        PASS [   0.140s] (1192/2364) pulse-app::unit_llamacli_inference classify_subprocess_failure_returns_exit_zero_unexpected_when_exit_zero
        PASS [   0.139s] (1193/2364) pulse-app::unit_llamacli_inference classify_subprocess_failure_returns_schema_invalid_when_grammar_mentioned
        PASS [   0.017s] (1194/2364) pulse-app::unit_llamacli_inference spawn_args_contain_log_disable_flag
        PASS [   0.140s] (1195/2364) pulse-app::unit_llamacli_inference confinement_comparison_canonicalizes_both_sides
        PASS [   0.135s] (1196/2364) pulse-app::unit_llamacli_inference construct_with_missing_env_vars_starts_in_error_state
        PASS [   0.133s] (1197/2364) pulse-app::unit_llamacli_inference extract_json_handles_escaped_quote_inside_string
        PASS [   0.104s] (1198/2364) pulse-app::unit_llamacli_inference extract_json_handles_nested_objects
        PASS [   0.103s] (1199/2364) pulse-app::unit_llamacli_inference extract_json_handles_pure_json_no_framing
        PASS [   0.105s] (1200/2364) pulse-app::unit_llamacli_inference extract_json_ignores_braces_inside_strings
        PASS [   0.108s] (1201/2364) pulse-app::unit_llamacli_inference extract_json_returns_json_parse_failed_when_braces_unbalanced
        PASS [   0.111s] (1202/2364) pulse-app::unit_llamacli_inference extract_json_returns_json_parse_failed_when_no_open_brace
        PASS [   0.111s] (1203/2364) pulse-app::unit_llamacli_inference extract_json_strips_real_b9305_banner_and_perf_stats_framing
        PASS [   0.113s] (1204/2364) pulse-app::unit_llamacli_inference extract_json_truncates_long_snippet_in_error
        PASS [   0.118s] (1205/2364) pulse-app::unit_llamacli_inference generate_constrained_returns_not_configured_when_env_vars_missing
        PASS [   0.118s] (1206/2364) pulse-app::unit_llamacli_inference load_from_env_returns_not_configured_when_env_vars_missing
        PASS [   0.120s] (1207/2364) pulse-app::unit_llamacli_inference mark_error_returns_status_to_error
        PASS [   0.124s] (1208/2364) pulse-app::unit_llamacli_inference mark_loaded_transitions_status_and_records_identity
        PASS [   0.130s] (1209/2364) pulse-app::unit_llamacli_inference mark_loading_transitions_status_to_loading
        PASS [   0.128s] (1210/2364) pulse-app::unit_llamacli_inference mark_transitions_broadcast_to_subscribers
        PASS [   2.797s] (1211/2364) pulse-app::e2e_p1_otlp_grpc_to_traces_query p1_otlp_grpc_to_traces_query_returns_ingested_rows
        PASS [   0.135s] (1212/2364) pulse-app::unit_llamacli_inference path_rejection_labels_are_bounded_and_distinct
        PASS [   0.130s] (1213/2364) pulse-app::unit_llamacli_inference prompt_bound_accepts_a_realistic_multi_line_prompt
        PASS [   2.705s] (1214/2364) pulse-app::e2e_pii_bare_credential_stored_field bare_provider_key_in_log_body_is_redacted_before_storage
        PASS [   0.130s] (1215/2364) pulse-app::unit_llamacli_inference prompt_bound_accepts_the_measured_real_model_envelope
        PASS [   2.706s] (1216/2364) pulse-app::e2e_pii_bare_credential_stored_field bare_provider_key_in_span_event_exception_message_is_redacted_before_storage
        PASS [   0.150s] (1217/2364) pulse-app::unit_llamacli_inference prompt_bound_rejects_an_embedded_nul
        PASS [   0.148s] (1218/2364) pulse-app::unit_llamacli_inference prompt_bound_rejects_an_over_long_prompt
        PASS [   0.146s] (1219/2364) pulse-app::unit_llamacli_inference prompt_bound_rejects_other_c0_control_characters
        PASS [   0.147s] (1220/2364) pulse-app::unit_llamacli_inference prompt_rejection_labels_are_bounded_and_distinct
        PASS [   0.266s] (1221/2364) pulse-app::unit_llamacli_inference classify_subprocess_failure_returns_spawn_failed_for_generic_none_exit
        PASS [   0.146s] (1222/2364) pulse-app::unit_llamacli_inference spawn_args_contain_max_tokens_cap_arg
        PASS [   0.145s] (1223/2364) pulse-app::unit_llamacli_inference spawn_args_contain_model_path_and_schema_file_args
        PASS [   0.146s] (1224/2364) pulse-app::unit_llamacli_inference spawn_args_contain_ngl_routing_per_profile
        PASS [   0.146s] (1225/2364) pulse-app::unit_llamacli_inference spawn_args_contain_prompt_via_p_arg
        PASS [   0.143s] (1226/2364) pulse-app::unit_llamacli_inference spawn_args_contain_simple_io_and_no_display_prompt_flags
        PASS [   0.146s] (1227/2364) pulse-app::unit_llamacli_inference spawn_args_contain_single_turn_flag
        PASS [   0.148s] (1228/2364) pulse-app::unit_llamacli_inference validate_path_accepts_an_out_of_tree_file_when_no_root_is_declared
        PASS [   0.148s] (1229/2364) pulse-app::unit_llamacli_inference validate_path_accepts_an_out_of_tree_file_when_the_root_contains_it
        PASS [   0.146s] (1230/2364) pulse-app::unit_llamacli_inference validate_path_rejects_directory_target
        PASS [   0.149s] (1231/2364) pulse-app::unit_llamacli_inference validate_path_rejects_every_candidate_when_the_allow_root_is_unresolvable
        PASS [   0.145s] (1232/2364) pulse-app::unit_llamacli_inference validate_path_rejects_nonexistent_target
        PASS [   0.146s] (1233/2364) pulse-app::unit_llamacli_inference validate_path_rejects_over_long_input
        PASS [   0.147s] (1234/2364) pulse-app::unit_llamacli_inference validate_path_rejects_target_outside_the_allow_root
        PASS [   0.147s] (1235/2364) pulse-app::unit_llamacli_inference validate_path_rejects_traversal_component_before_canonicalizing
        PASS [   0.151s] (1236/2364) pulse-app::unit_observability_allowlist_bootstrap_window bootstrap_window_override_allows_every_field_its_emit_site_emits
        PASS [   0.154s] (1237/2364) pulse-app::unit_observability_allowlist_bootstrap_window bootstrap_window_override_admits_no_per_service_identifier
        PASS [   0.148s] (1238/2364) pulse-app::unit_observability_allowlist_bootstrap_window no_bare_triage_prefix_key_shadows_the_leaf
        PASS [   0.148s] (1239/2364) pulse-app::unit_observability_allowlist_close_signpost signpost_never_admits_content_or_coordinate_fields
        PASS [   0.155s] (1240/2364) pulse-app::unit_observability_allowlist_close_signpost signpost_leaf_carries_exactly_the_emitted_field_set
        PASS [   0.149s] (1241/2364) pulse-app::unit_observability_allowlist_close_signpost signpost_resolves_to_an_exact_leaf
        PASS [   0.154s] (1242/2364) pulse-app::unit_observability_allowlist_consumer_stall stall_fields_are_absent_from_the_buffer_fallback_set
        PASS [   0.154s] (1243/2364) pulse-app::unit_observability_allowlist_consumer_stall stalled_leaf_carries_exactly_the_emitted_field_set
        PASS [   0.164s] (1244/2364) pulse-app::unit_observability_allowlist_consumer_stall buffer_tick_carries_the_drain_progress_fields
        PASS [   0.156s] (1245/2364) pulse-app::unit_observability_allowlist_consumer_stall stalled_resolves_to_an_exact_leaf
        PASS [   0.165s] (1246/2364) pulse-app::unit_observability_allowlist_corpus_key corpus_targets_are_not_served_by_a_bare_prefix_entry
        PASS [   0.166s] (1247/2364) pulse-app::unit_observability_allowlist_corpus_key corpus_open_error_resolves_and_allows_its_error_kind
        PASS [   0.145s] (1248/2364) pulse-app::unit_observability_allowlist_corpus_key corpus_targets_carry_no_key_material_or_identity_fields
        PASS [   0.146s] (1249/2364) pulse-app::unit_observability_allowlist_corpus_key disposition_target_allows_its_outcome_and_counts
        PASS [   0.148s] (1250/2364) pulse-app::unit_observability_allowlist_corpus_key keychain_fallback_target_allows_its_bounded_fields
        PASS [   0.148s] (1251/2364) pulse-app::unit_observability_allowlist_corpus_key undecryptable_read_target_allows_only_the_aggregate_fields
        PASS [   0.150s] (1252/2364) pulse-app::unit_observability_allowlist_cue_tick cue_tick_leaf_carries_exactly_the_emitted_field_set
        PASS [   0.156s] (1253/2364) pulse-app::unit_observability_allowlist_cue_tick cadence_tick_carries_the_cycle_rate
        PASS [   0.149s] (1254/2364) pulse-app::unit_observability_allowlist_cue_tick cue_tick_leaf_unmutes_the_suppression_diagnostic
        PASS [   0.149s] (1255/2364) pulse-app::unit_observability_allowlist_cue_tick cue_tick_resolves_to_an_exact_leaf
        PASS [   0.147s] (1256/2364) pulse-app::unit_observability_allowlist_cue_tick no_bare_triage_prefix_key_can_serve_the_cue_tick_target
        PASS [   0.149s] (1257/2364) pulse-app::unit_observability_allowlist_delegated_timing delegated_timing_targets_resolve_to_their_own_leaf_not_the_bare_metric_fallback
        PASS [   0.156s] (1258/2364) pulse-app::unit_observability_allowlist_delegated_timing delegated_timing_targets_admit_no_per_service_identifier
        PASS [   0.145s] (1259/2364) pulse-app::unit_observability_allowlist_delegated_timing each_delegated_timing_target_allows_every_field_its_emit_site_emits
        PASS [   0.158s] (1260/2364) pulse-app::unit_observability_allowlist_feed buffer_tick_allows_the_three_feed_fields
        PASS [   0.155s] (1261/2364) pulse-app::unit_observability_allowlist_feed degraded_boot_target_is_not_served_by_a_prefix_fallback
        PASS [   0.148s] (1262/2364) pulse-app::unit_observability_allowlist_feed degraded_boot_target_resolves_to_its_own_leaf_entry
        PASS [   0.150s] (1263/2364) pulse-app::unit_observability_allowlist_feed feed_fields_are_aggregate_only
        PASS [   0.152s] (1264/2364) pulse-app::unit_observability_allowlist_generation_damper damper_counters_are_absent_from_the_metric_fallback_set
        PASS [   0.157s] (1265/2364) pulse-app::unit_observability_allowlist_generation_damper backoff_heartbeat_leaf_carries_exactly_the_completed_field_set
        PASS [   0.151s] (1266/2364) pulse-app::unit_observability_allowlist_generation_damper damper_fields_are_absent_from_the_interpretation_fallback_set
        PASS [   0.139s] (1267/2364) pulse-app::unit_observability_allowlist_generation_damper damper_transition_resolves_to_an_exact_leaf
        PASS [   0.145s] (1268/2364) pulse-app::unit_observability_allowlist_generation_damper damper_leaf_carries_exactly_the_emitted_field_set
        PASS [   0.142s] (1269/2364) pulse-app::unit_observability_allowlist_incident_diagnostics incident_persist_allows_its_counts_and_bounded_kind
        PASS [   0.155s] (1270/2364) pulse-app::unit_observability_allowlist_incident_diagnostics every_incident_target_resolves_to_a_distinct_exact_leaf
        PASS [   0.143s] (1271/2364) pulse-app::unit_observability_allowlist_incident_diagnostics incident_corpus_restore_allows_its_kind_and_restored_count
        PASS [   0.148s] (1272/2364) pulse-app::unit_observability_allowlist_incident_diagnostics incident_persist_allows_the_declined_write_count
        PASS [   0.139s] (1273/2364) pulse-app::unit_observability_allowlist_incident_diagnostics incident_persist_allows_the_reconciled_count
        PASS [   0.140s] (1274/2364) pulse-app::unit_observability_allowlist_incident_diagnostics incident_targets_never_allow_identity_or_workspace_fields
        PASS [   0.145s] (1275/2364) pulse-app::unit_observability_allowlist_incident_diagnostics list_active_request_allows_its_item_count
        PASS [   0.146s] (1276/2364) pulse-app::unit_observability_allowlist_incident_diagnostics no_widening_prefix_key_shadows_the_incident_leaves
        PASS [   0.141s] (1277/2364) pulse-app::unit_observability_allowlist_incident_diagnostics persist_fields_are_absent_from_any_triage_prefix_fallback
        PASS [   0.151s] (1278/2364) pulse-app::unit_observability_allowlist_ipc_rejection ipc_rejection_never_admits_payload_or_command_content
        PASS [   0.153s] (1279/2364) pulse-app::unit_observability_allowlist_ipc_rejection ipc_rejection_leaf_carries_exactly_the_emitted_field_set
        PASS [   0.147s] (1280/2364) pulse-app::unit_observability_allowlist_ipc_rejection ipc_rejection_resolves_to_an_exact_leaf
        PASS [   0.149s] (1281/2364) pulse-app::unit_observability_allowlist_ipc_rejection no_bare_ui_key_can_serve_dotted_ui_targets
        PASS [   0.143s] (1282/2364) pulse-app::unit_observability_allowlist_l4_path_guard allow_root_resolves_to_an_exact_leaf
        PASS [   0.155s] (1283/2364) pulse-app::unit_observability_allowlist_l4_path_guard allow_root_leaf_carries_exactly_the_emitted_field_set
        PASS [   0.145s] (1284/2364) pulse-app::unit_observability_allowlist_l4_path_guard load_error_leaf_carries_exactly_the_emitted_field_set
        PASS [   0.147s] (1285/2364) pulse-app::unit_observability_allowlist_l4_path_guard load_error_resolves_to_an_exact_leaf
        PASS [   0.148s] (1286/2364) pulse-app::unit_observability_allowlist_l4_path_guard the_bare_interpretation_fallback_cannot_serve_either_target
        PASS [   0.158s] (1287/2364) pulse-app::unit_observability_allowlist_redaction_counter buffer_tick_allows_the_redaction_counter_its_emit_site_emits
        PASS [   0.146s] (1288/2364) pulse-app::unit_observability_allowlist_redaction_counter redaction_counter_never_admits_value_bearing_fields
        PASS [   0.148s] (1289/2364) pulse-app::unit_observability_allowlist_redaction_counter redaction_counter_rides_the_same_entry_as_the_rest_of_the_tick
        PASS [   0.142s] (1290/2364) pulse-app::unit_observability_allowlist_sweep auto_resolve_tick_leaf_matches_emit_site_exactly
        PASS [   0.158s] (1291/2364) pulse-app::unit_observability_allowlist_sweep auto_resolve_tick_has_no_fallback_to_hide_behind
        PASS [   0.142s] (1292/2364) pulse-app::unit_observability_allowlist_sweep boot_pid_leaf_is_basename_only
        PASS [   0.147s] (1293/2364) pulse-app::unit_observability_allowlist_sweep boot_tracing_init_leaf_is_basename_only
        PASS [   0.149s] (1294/2364) pulse-app::unit_observability_allowlist_sweep buffer_tick_carries_append_rejections
        PASS [   0.140s] (1295/2364) pulse-app::unit_observability_allowlist_sweep cue_leaves_carry_persistence_not_the_seconds_lie
        PASS [   0.144s] (1296/2364) pulse-app::unit_observability_allowlist_sweep l1a_labels_are_absent_from_the_bare_metric_fallback_set
        PASS [   0.147s] (1297/2364) pulse-app::unit_observability_allowlist_sweep l1a_q7_fallback_leaf_matches_emit_site_exactly
        PASS [   0.149s] (1298/2364) pulse-app::unit_observability_allowlist_sweep l1a_q7_timeout_leaf_matches_emit_site_exactly
        PASS [   0.148s] (1299/2364) pulse-app::unit_observability_allowlist_sweep l1a_query_count_total_leaf_matches_emit_site_exactly
        PASS [   0.141s] (1300/2364) pulse-app::unit_observability_allowlist_sweep l1a_query_latency_leaf_matches_emit_site_exactly
        PASS [   0.145s] (1301/2364) pulse-app::unit_observability_allowlist_sweep model_load_leaf_matches_emit_site_union_exactly
        PASS [   0.149s] (1302/2364) pulse-app::unit_observability_allowlist_sweep model_load_leaf_no_longer_registers_the_never_emitted_field
        PASS [   0.148s] (1303/2364) pulse-app::unit_observability_allowlist_sweep no_bare_interpretation_prefix_key_exists
        PASS [   0.157s] (1304/2364) pulse-app::unit_observability_allowlist_sweep pulse_app_src_carries_no_new_dead_test_attributes
        PASS [   0.151s] (1305/2364) pulse-app::unit_observability_allowlist_window_navigation navigation_leaf_carries_exactly_the_emitted_field_set
        PASS [   0.161s] (1306/2364) pulse-app::unit_observability_allowlist_window_navigation navigation_does_not_leak_into_the_bare_app_fallback
        PASS [   0.151s] (1307/2364) pulse-app::unit_observability_allowlist_window_navigation navigation_never_admits_the_url_or_window_content
        PASS [   0.148s] (1308/2364) pulse-app::unit_observability_allowlist_window_navigation navigation_resolves_to_an_exact_leaf
        PASS [   0.165s] (1309/2364) pulse-app::unit_plugins_router list_returns_empty_envelope_when_registry_empty
        PASS [   0.176s] (1310/2364) pulse-app::unit_plugins_router invoke_not_found_plugin_returns_app_error_plugin
        PASS [   0.173s] (1311/2364) pulse-app::unit_services_router list_with_states_enriches_priority_tier_from_active_service_incidents
        PASS [   0.169s] (1312/2364) pulse-app::unit_services_router list_with_states_reflects_manual_override_with_no_severity
        PASS [   0.158s] (1313/2364) pulse-app::unit_services_router list_with_states_returns_empty_for_fresh_registry
        PASS [   0.168s] (1314/2364) pulse-app::unit_snapshot_runtime preset_prompts_returns_all_four_canonical_entries
        PASS [   0.161s] (1315/2364) pulse-app::unit_snapshot_runtime preset_to_budget_maps_each_variant_to_matching_budget
        PASS [   0.176s] (1316/2364) pulse-app::unit_snapshot_runtime preset_label_maps_each_variant_to_lowercase_string
        PASS [   0.203s] (1317/2364) pulse-app::unit_plugins_router list_returns_loaded_plugin_dtos
        PASS [   0.225s] (1318/2364) pulse-app::unit_plugins_router invoke_disallowed_capability_returns_app_error_plugin
        PASS [   0.207s] (1319/2364) pulse-app::unit_plugins_router invoke_records_cumulative_counter_regardless_of_outcome
        PASS [   0.226s] (1320/2364) pulse-app::unit_plugins_router invoke_allowed_capability_returns_success
        PASS [   0.226s] (1321/2364) pulse-app::unit_plugins_router invoke_each_category_accepts_declared_export
        PASS [   0.171s] (1322/2364) pulse-app::unit_span_observers adapter_delegates_observe_span_to_baseline_state
        PASS [   0.174s] (1323/2364) pulse-app::unit_span_observers adapter_can_be_held_as_dyn_span_observer
        PASS [   0.169s] (1324/2364) pulse-app::unit_span_observers composite_observer_fans_out_to_all_inner_observers
        PASS [   0.168s] (1325/2364) pulse-app::unit_span_observers composite_observer_with_empty_inner_is_noop
        PASS [   0.169s] (1326/2364) pulse-app::unit_span_observers restart_adapter_can_be_held_as_dyn_span_observer
        PASS [   0.169s] (1327/2364) pulse-app::unit_span_observers restart_adapter_dispatches_observe_span_to_detector
        PASS [   0.168s] (1328/2364) pulse-app::unit_span_observers storm_adapter_can_be_held_as_dyn_fingerprint_observer
        PASS [   0.169s] (1329/2364) pulse-app::unit_span_observers storm_adapter_dispatches_observe_fingerprint_to_detector
        PASS [   0.171s] (1330/2364) pulse-app::unit_storage_router corpus_error_keyring_unavailable_maps_to_app_error_storage
        PASS [   0.177s] (1331/2364) pulse-app::unit_storage_router corpus_error_io_sanitized_no_kind_detail_in_message
        PASS [   0.169s] (1332/2364) pulse-app::unit_storage_router corpus_error_query_failed_sanitized_message
        PASS [   0.168s] (1333/2364) pulse-app::unit_storage_router corpus_error_schema_version_mismatch_sanitized
        PASS [   0.166s] (1334/2364) pulse-app::unit_storage_router path_returns_memory_marker_for_in_memory_corpus
        PASS [   0.184s] (1335/2364) pulse-app::unit_storage_router inspect_payload_includes_all_five_tables
        PASS [   0.174s] (1336/2364) pulse-app::unit_storage_router inspect_returns_zero_records_for_fresh_corpus
        PASS [   0.167s] (1337/2364) pulse-app::unit_storm_persistence corpus_error_encryption_failed_maps_to_serialize
        PASS [   0.170s] (1338/2364) pulse-app::unit_storm_persistence corpus_error_decryption_failed_maps_to_deserialize
        PASS [   0.169s] (1339/2364) pulse-app::unit_storm_persistence corpus_error_keyring_unavailable_maps_to_sanitized_io
        PASS [   0.127s] (1340/2364) pulse-app::unit_storm_persistence corpus_error_query_failed_maps_to_sanitized_io
        PASS [   0.131s] (1341/2364) pulse-app::unit_storm_persistence corpus_error_schema_mismatch_maps_to_typed_variant
        PASS [   0.122s] (1342/2364) pulse-app::unit_storm_persistence load_returns_none_when_corpus_empty
        PASS [   0.126s] (1343/2364) pulse-app::unit_storm_persistence metric_name_and_layer_constants_match_plan_spec
        PASS [   0.127s] (1344/2364) pulse-app::unit_storm_persistence save_then_load_round_trips_snapshot
        PASS [   0.131s] (1345/2364) pulse-app::unit_storm_persistence save_writes_through_corpus_writer_pipeline_metric_slot
        PASS [   0.137s] (1346/2364) pulse-app::unit_streams_api streams_api_impl_constructor_holds_senders
        PASS [   0.140s] (1347/2364) pulse-app::unit_streams_api streams_api_impl_clones_share_senders
        PASS [   0.145s] (1348/2364) pulse-app::unit_training_export build_preview_summary_handles_empty_corpus
        PASS [   0.153s] (1349/2364) pulse-app::unit_training_export resolve_default_target_uses_injected_timestamp_under_downloads
        PASS [   0.169s] (1350/2364) pulse-app::unit_storm_persistence save_then_restore_preserves_dedup_fingerprints
        PASS [   0.158s] (1351/2364) pulse-app::unit_training_export validate_export_target_accepts_existing_parent
        PASS [   0.205s] (1352/2364) pulse-app::unit_storm_persistence non_pii_canary_in_fingerprint_service_redacted_by_encryption_at_rest
        PASS [   0.161s] (1353/2364) pulse-app::unit_training_export validate_export_target_rejects_nonexistent_parent
        PASS [   0.157s] (1354/2364) pulse-app::unit_training_export validate_export_target_rejects_parent_dir_traversal
        PASS [   0.195s] (1355/2364) pulse-app::unit_training_export build_preview_summary_counts_by_status_and_severity_with_date_range
        PASS [   0.194s] (1356/2364) pulse-app::unit_training_export count_redactions_counts_redacted_fields
        PASS [   0.156s] (1357/2364) pulse-app::unit_tray_glyph_menu build_glyph_pixels_has_some_lit_pixels
        PASS [   0.169s] (1358/2364) pulse-app::unit_tray_glyph_menu build_glyph_image_returns_image_with_correct_dimensions
        PASS [   0.197s] (1359/2364) pulse-app::unit_training_export incident_row_to_export_record_maps_fields_and_restamps_metadata
        PASS [   0.157s] (1360/2364) pulse-app::unit_tray_glyph_menu build_glyph_pixels_outer_ring_present
        PASS [   0.159s] (1361/2364) pulse-app::unit_tray_glyph_menu build_glyph_pixels_returns_32x32_rgba_buffer
        PASS [   0.201s] (1362/2364) pulse-app::unit_training_export scrub_redacts_pii_in_exported_text_fields
        PASS [   0.161s] (1363/2364) pulse-app::unit_tray_glyph_menu build_glyph_pixels_white_opaque_or_fully_transparent
        PASS [   0.199s] (1364/2364) pulse-app::unit_training_export serialize_jsonl_produces_one_valid_json_object_per_line
        PASS [   0.146s] (1365/2364) pulse-app::unit_tray_glyph_menu menu_id_constants_align_with_obs_allowlist_value_set
        PASS [   0.151s] (1366/2364) pulse-app::unit_tray_glyph_menu sanitize_menu_id_collapses_unknown_to_constant
        PASS [   0.155s] (1367/2364) pulse-app::unit_tray_glyph_menu tray_error_display_does_not_leak_internals
        PASS [   0.159s] (1368/2364) pulse-app::unit_window_constraints in_band_returns_none
        PASS [   0.163s] (1369/2364) pulse-app::unit_window_constraints degenerate_zero_returns_none
        PASS [   0.160s] (1370/2364) pulse-app::unit_window_constraints min_size_floor_is_in_band
        PASS [   0.159s] (1371/2364) pulse-app::unit_window_constraints near_band_edges_return_none
        PASS [   0.159s] (1372/2364) pulse-app::unit_window_constraints too_tall_reduces_height_into_band
        PASS [   0.157s] (1373/2364) pulse-app::unit_window_constraints too_wide_reduces_width_into_band
        PASS [   0.143s] (1374/2364) pulse-app::unit_window_geometry load_missing_file_returns_default
        PASS [   0.176s] (1375/2364) pulse-app::unit_window_geometry geometry_store_records_in_memory_and_flush_persists
        PASS [   0.140s] (1376/2364) pulse-app::unit_window_geometry record_then_position_roundtrips_in_memory
        PASS [   0.161s] (1377/2364) pulse-app::unit_window_geometry load_corrupt_file_returns_default_without_panic
        PASS [   0.150s] (1378/2364) pulse-app::unit_window_geometry save_then_load_roundtrips_through_disk
        PASS [   0.132s] (1379/2364) pulse-app::unit_window_shell compute_snap_position_bottom_right_insets_from_bottom_right_corner
        PASS [   0.148s] (1380/2364) pulse-app::unit_window_shell compute_snap_position_bottom_left_insets_from_bottom_edge
        PASS [   0.131s] (1381/2364) pulse-app::unit_window_shell compute_snap_position_handles_negative_monitor_origin
        PASS [   0.120s] (1382/2364) pulse-app::unit_window_shell compute_snap_position_respects_non_zero_monitor_origin
        PASS [   0.120s] (1383/2364) pulse-app::unit_window_shell compute_snap_position_top_left_insets_by_margin_from_origin
        PASS [   0.124s] (1384/2364) pulse-app::unit_window_shell compute_snap_position_top_right_insets_from_right_edge
        PASS [   0.130s] (1385/2364) pulse-app::unit_window_shell detect_tray_api_matches_target_os
        PASS [   0.121s] (1386/2364) pulse-app::unit_window_shell detect_tray_api_returns_enumerated_value
        PASS [   0.124s] (1387/2364) pulse-app::unit_window_shell detect_webview_backend_matches_target_os
        PASS [   0.128s] (1388/2364) pulse-app::unit_window_shell detect_webview_backend_returns_enumerated_value
        PASS [   0.130s] (1389/2364) pulse-app::unit_window_shell detect_wgpu_backend_returns_enumerated_value
        PASS [   0.135s] (1390/2364) pulse-app::unit_window_shell sanitize_window_label_collapses_unknown_to_constant
        PASS [   0.138s] (1391/2364) pulse-app::unit_window_shell widget_position_label_collapses_to_bounded_enum
        PASS [   0.134s] (1392/2364) pulse-app::window_chrome_config main_window_opens_centered
        PASS [   0.143s] (1393/2364) pulse-app::window_chrome_config default_capability_grants_window_drag_and_controls
        PASS [   0.151s] (1394/2364) pulse-app::bin/pulse-app tests::resolve_port_overflow_env_returns_invalid_port_err
        PASS [   0.151s] (1395/2364) pulse-app::bin/pulse-app tests::resolve_port_privileged_env_returns_invalid_port_err
        PASS [   0.149s] (1396/2364) pulse-app::bin/pulse-app tests::resolve_port_spec_default_via_env_returns_ok
        PASS [   0.149s] (1397/2364) pulse-app::bin/pulse-app tests::resolve_port_unparseable_env_returns_invalid_port_err
        PASS [   0.145s] (1398/2364) pulse-app::bin/pulse-app tests::resolve_port_unset_env_returns_default
        PASS [   0.147s] (1399/2364) pulse-app::bin/pulse-app tests::resolve_port_valid_non_privileged_returns_ok
        PASS [   0.153s] (1400/2364) pulse-app::bin/pulse-app tests::resolve_port_zero_env_returns_invalid_port_err
        PASS [   0.153s] (1401/2364) pulse-app::bin/pulse-app tests::resolve_retention_seconds_above_max_falls_back_to_default
        PASS [   0.153s] (1402/2364) pulse-app::bin/pulse-app tests::resolve_retention_seconds_at_max_boundary_returns_max
        PASS [   0.153s] (1403/2364) pulse-app::bin/pulse-app tests::resolve_retention_seconds_at_min_boundary_returns_min
        PASS [   0.143s] (1404/2364) pulse-app::bin/pulse-app tests::resolve_retention_seconds_below_min_falls_back_to_default
        PASS [   0.140s] (1405/2364) pulse-app::bin/pulse-app tests::resolve_retention_seconds_in_range_returns_parsed_value
        PASS [   0.216s] (1406/2364) pulse-app::bin/pulse-app tests::emit_taurpc_bindings
        PASS [   0.162s] (1407/2364) pulse-app::bin/pulse-app tests::resolve_retention_seconds_unparseable_falls_back_to_default
        PASS [   0.153s] (1408/2364) security scrubber::tests::scrubbed_value_is_redacted_returns_false_for_allowed_variant
        PASS [   0.168s] (1409/2364) pulse-app::bin/pulse-app tests::resolve_retention_seconds_unset_returns_default
        PASS [   0.157s] (1410/2364) security scrubber::tests::scrubbed_value_is_redacted_returns_true_for_redacted_variant
        PASS [   0.213s] (1411/2364) security scrubber::tests::scrubber_allows_non_pii_values::case_1
        PASS [   0.211s] (1412/2364) security scrubber::tests::scrubber_allows_non_pii_values::case_2
        PASS [   0.206s] (1413/2364) security scrubber::tests::scrubber_allows_non_pii_values::case_3
        PASS [   0.207s] (1414/2364) security scrubber::tests::scrubber_allows_non_pii_values::case_4
        PASS [   0.208s] (1415/2364) security scrubber::tests::scrubber_allows_non_pii_values::case_5
        PASS [   0.211s] (1416/2364) security scrubber::tests::scrubber_allows_non_pii_values::case_6
        PASS [   0.210s] (1417/2364) security scrubber::tests::scrubber_allows_non_pii_values::case_7
        PASS [   0.205s] (1418/2364) security scrubber::tests::scrubber_allows_non_pii_values::case_8
        PASS [   0.211s] (1419/2364) security scrubber::tests::scrubber_allows_non_pii_values::case_9
        PASS [   0.208s] (1420/2364) security scrubber::tests::scrubber_preserves_key_and_predicate_column_identities::case_01
        PASS [   0.216s] (1421/2364) security scrubber::tests::scrubber_preserves_key_and_predicate_column_identities::case_02
        PASS [   0.213s] (1422/2364) security scrubber::tests::scrubber_preserves_key_and_predicate_column_identities::case_03
        PASS [   0.212s] (1423/2364) security scrubber::tests::scrubber_preserves_key_and_predicate_column_identities::case_04
        PASS [   0.207s] (1424/2364) security scrubber::tests::scrubber_preserves_key_and_predicate_column_identities::case_05
        PASS [   0.210s] (1425/2364) security scrubber::tests::scrubber_preserves_key_and_predicate_column_identities::case_06
        PASS [   0.211s] (1426/2364) security scrubber::tests::scrubber_preserves_key_and_predicate_column_identities::case_07
        PASS [   0.210s] (1427/2364) security scrubber::tests::scrubber_preserves_key_and_predicate_column_identities::case_08
        PASS [   0.207s] (1428/2364) security scrubber::tests::scrubber_preserves_key_and_predicate_column_identities::case_09
        PASS [   0.208s] (1429/2364) security scrubber::tests::scrubber_preserves_key_and_predicate_column_identities::case_11
        PASS [   0.209s] (1430/2364) security scrubber::tests::scrubber_preserves_key_and_predicate_column_identities::case_12
        PASS [   0.220s] (1431/2364) security scrubber::tests::scrubber_preserves_key_and_predicate_column_identities::case_10
        PASS [   0.211s] (1432/2364) security scrubber::tests::scrubber_preserves_key_and_predicate_column_identities::case_14
        PASS [   0.214s] (1433/2364) security scrubber::tests::scrubber_preserves_key_and_predicate_column_identities::case_13
        PASS [   0.207s] (1434/2364) security scrubber::tests::scrubber_preserves_key_and_predicate_column_identities::case_15
        PASS [   0.333s] (1435/2364) security scrubber::tests::redacted_variant_never_carries_value_content
        PASS [   0.211s] (1436/2364) security scrubber::tests::scrubber_preserves_key_and_predicate_column_identities::case_16
        PASS [   0.206s] (1437/2364) security scrubber::tests::scrubber_redacts_each_p047_category::case_01
        PASS [   0.195s] (1438/2364) security scrubber::tests::scrubber_redacts_each_p047_category::case_02
        PASS [   0.198s] (1439/2364) security scrubber::tests::scrubber_redacts_each_p047_category::case_04
        PASS [   0.202s] (1440/2364) security scrubber::tests::scrubber_redacts_each_p047_category::case_03
        PASS [   0.205s] (1441/2364) security scrubber::tests::scrubber_redacts_each_p047_category::case_05
        PASS [   0.124s] (1442/2364) snapshot attribute_filter::tests::filter_drops_all_verbose_keys
        PASS [   0.128s] (1443/2364) snapshot attribute_filter::tests::filter_count_aggregates_across_multi_span_input
        PASS [   0.117s] (1444/2364) snapshot attribute_filter::tests::filter_empty_input_returns_empty_result
        PASS [   0.154s] (1445/2364) security scrubber::tests::scrubber_redacts_each_p047_category::case_06
        PASS [   0.120s] (1446/2364) snapshot attribute_filter::tests::filter_exact_match_rejects_near_keys
        PASS [   0.160s] (1447/2364) security scrubber::tests::scrubber_redacts_each_p047_category::case_07
        PASS [   0.163s] (1448/2364) security scrubber::tests::scrubber_redacts_each_p047_category::case_08
        PASS [   0.116s] (1449/2364) snapshot attribute_filter::tests::filter_keeps_all_allowlisted_keys
        PASS [   0.161s] (1450/2364) security scrubber::tests::scrubber_redacts_each_p047_category::case_09
        PASS [   0.119s] (1451/2364) snapshot attribute_filter::tests::filter_mixed_keeps_and_drops_per_allowlist
        PASS [   0.120s] (1452/2364) snapshot attribute_filter::tests::filter_preserves_short_value_unchanged
        PASS [   0.159s] (1453/2364) security scrubber::tests::scrubber_redacts_each_p047_category::case_10
        PASS [   0.115s] (1454/2364) snapshot attribute_filter::tests::filter_span_with_no_attributes_emits_zero_counts
        PASS [   0.158s] (1455/2364) security scrubber::tests::scrubber_redacts_each_p047_category::case_11
        PASS [   0.114s] (1456/2364) snapshot attribute_filter::tests::filter_truncates_at_utf8_char_boundary
        PASS [   0.112s] (1457/2364) snapshot attribute_filter::tests::filter_truncates_long_value_with_ellipsis
        PASS [   0.112s] (1458/2364) snapshot contract::tests::curate_empty_input_returns_empty_output
        PASS [   0.114s] (1459/2364) snapshot contract::tests::curate_single_span_returns_trivial_output
        PASS [   0.106s] (1460/2364) snapshot contract::tests::curate_two_identical_spans_collapses_dedup_count
        PASS [   0.105s] (1461/2364) snapshot contract::tests::error_display_includes_kind_and_reason
        PASS [   0.109s] (1462/2364) snapshot contract::tests::format_error_budget_exceeded_display_contains_actual_and_budget
        PASS [   0.104s] (1463/2364) snapshot contract::tests::markdown_report_default_uses_balanced_budget_and_none_truncation
        PASS [   0.108s] (1464/2364) snapshot contract::tests::markdown_report_round_trips_through_serde
        PASS [   0.108s] (1465/2364) snapshot contract::tests::truncation_state_default_is_none
        PASS [   0.113s] (1466/2364) snapshot contract::tests::truncation_state_round_trips_through_serde
        PASS [   0.112s] (1467/2364) snapshot markdown::tests::format_markdown_anomaly_evidence_survives_under_budget_pressure
        PASS [   0.111s] (1468/2364) snapshot markdown::tests::format_markdown_anomaly_section_appears_before_critical_path_before_aggregation
        PASS [   0.112s] (1469/2364) snapshot markdown::tests::format_markdown_attribute_value_escapes_markdown_structural_chars
        PASS [   0.107s] (1470/2364) snapshot markdown::tests::format_markdown_attribute_value_truncated_with_ellipsis
        PASS [   0.107s] (1471/2364) snapshot markdown::tests::format_markdown_emits_h1_h2_h3_hierarchy
        PASS [   0.105s] (1472/2364) snapshot markdown::tests::format_markdown_empty_input_produces_minimal_output
        PASS [   0.108s] (1473/2364) snapshot markdown::tests::format_markdown_global_aggregation_emitted_in_constellation_section
        PASS [   0.112s] (1474/2364) snapshot markdown::tests::format_markdown_h1_h2_anchors_stable_across_budget_presets
        PASS [   0.116s] (1475/2364) snapshot markdown::tests::format_markdown_monospace_split_trace_ids_in_backticks
        PASS [   0.117s] (1476/2364) snapshot markdown::tests::format_markdown_no_orphan_anchors
        PASS [   0.118s] (1477/2364) snapshot markdown::tests::format_markdown_phase_d_returns_err_when_anomalies_alone_exceed_budget
        PASS [   0.129s] (1478/2364) snapshot markdown::tests::format_markdown_voice_audit_no_banned_strings
        PASS [   0.129s] (1479/2364) snapshot markdown::tests::format_markdown_with_balanced_budget_500_spans_under_budget
        PASS [   0.132s] (1480/2364) snapshot token_budget::tests::as_token_count_returns_locked_constants
        PASS [   0.136s] (1481/2364) snapshot markdown::tests::format_markdown_with_conservative_budget_500_spans_truncates_attributes_or_spans
        PASS [   0.131s] (1482/2364) snapshot token_budget::tests::default_is_balanced
        PASS [   0.136s] (1483/2364) snapshot token_budget::tests::label_matches_serde_repr
        PASS [   0.136s] (1484/2364) snapshot token_budget::tests::round_trips_through_serde
        PASS [   0.139s] (1485/2364) snapshot token_budget::tests::serializes_snake_case
        PASS [   0.151s] (1486/2364) triage baseline::activity_floor::tests::bootstrap_state_is_ready_exactly_at_the_window_edge
        PASS [   0.156s] (1487/2364) triage baseline::activity_floor::tests::bootstrap_state_honours_a_non_default_window
        PASS [   0.151s] (1488/2364) triage baseline::activity_floor::tests::bootstrap_state_returns_learning_for_first_hour
        PASS [   0.148s] (1489/2364) triage baseline::activity_floor::tests::bootstrap_state_returns_learning_when_never_observed
        PASS [   0.150s] (1490/2364) triage baseline::activity_floor::tests::bootstrap_state_returns_ready_after_first_hour
        PASS [   0.150s] (1491/2364) triage baseline::activity_floor::tests::bucket_index_for_handles_negative_timestamps_safely
        PASS [   0.150s] (1492/2364) triage baseline::activity_floor::tests::bucket_index_for_wraps_modulo_bucket_count
        PASS [   0.149s] (1493/2364) triage baseline::activity_floor::tests::current_quiet_duration_seconds_increases_with_time_since_last_observe
        PASS [   0.154s] (1494/2364) triage baseline::activity_floor::tests::current_quiet_duration_seconds_returns_zero_before_first_observation
        PASS [   0.160s] (1495/2364) triage baseline::activity_floor::tests::new_initializes_empty_state
        PASS [   0.155s] (1496/2364) triage baseline::activity_floor::tests::observe_advances_last_observed_and_current_bucket
        PASS [   0.154s] (1497/2364) triage baseline::activity_floor::tests::observe_crossing_24h_boundary_resets_stale_bucket
        PASS [   0.157s] (1498/2364) triage baseline::activity_floor::tests::observe_crossing_bucket_boundary_advances_bucket_index
        PASS [   0.157s] (1499/2364) triage baseline::activity_floor::tests::observe_within_same_24h_cycle_does_not_reset_buckets
        PASS [   0.156s] (1500/2364) triage baseline::activity_floor::tests::observe_within_same_bucket_does_not_advance_bucket_index
        PASS [   0.174s] (1501/2364) triage baseline::activity_floor::tests::p95_historical_quiet_duration_returns_none_before_two_observations
        PASS [   0.175s] (1502/2364) triage baseline::activity_floor::tests::p95_historical_quiet_duration_returns_some_after_multiple_observations
        PASS [   0.182s] (1503/2364) triage baseline::activity_floor::tests::prop_bucket_index_always_in_range
        PASS [   0.178s] (1504/2364) triage baseline::activity_floor::tests::serde_round_trip_preserves_buckets_and_digest
        PASS [   0.175s] (1505/2364) triage baseline::error::tests::error_category_groups_io_serialize_permission
        PASS [   0.164s] (1506/2364) triage baseline::error::tests::error_display_does_not_leak_raw_paths_or_chain
        PASS [   0.193s] (1507/2364) triage baseline::activity_floor::tests::prop_observe_never_panics_under_arbitrary_timestamps
        PASS [   0.167s] (1508/2364) triage baseline::ewma::tests::ewma_alpha_one_replaces_value
        PASS [   0.164s] (1509/2364) triage baseline::ewma::tests::ewma_alpha_zero_keeps_initial_value
        PASS [   0.174s] (1510/2364) triage baseline::ewma::tests::ewma_converges_toward_constant_input
        PASS [   0.172s] (1511/2364) triage baseline::ewma::tests::ewma_first_observation_returns_value_directly
        PASS [   0.171s] (1512/2364) triage baseline::ewma::tests::ewma_serde_round_trip_preserves_state
        PASS [   0.173s] (1513/2364) triage baseline::rolling_window::tests::rolling_window_empty_mean_is_zero
        PASS [   0.162s] (1514/2364) triage baseline::rolling_window::tests::rolling_window_respects_capacity
        PASS [   0.202s] (1515/2364) triage baseline::ewma::tests::ewma_bounded_within_observed_min_max
        PASS [   0.164s] (1516/2364) triage baseline::rolling_window::tests::rolling_window_serde_round_trip
        PASS [   0.166s] (1517/2364) triage baseline::rolling_window::tests::rolling_window_sum_and_mean
        PASS [   0.177s] (1518/2364) triage baseline::rolling_window::tests::rolling_window_length_never_exceeds_capacity
        PASS [   0.280s] (1519/2364) triage baseline::activity_floor::tests::prop_24h_rolling_invariant
        PASS [   0.167s] (1520/2364) triage baseline::sql::tests::q7_default_timeout_matches_spec
        PASS [   0.142s] (1521/2364) triage baseline::sql::tests::sql_aggregation_error_category_covers_all_variants
        PASS [   0.148s] (1522/2364) triage baseline::tdigest_pair::tests::percentile_empty_returns_none
        PASS [   0.153s] (1523/2364) triage baseline::tdigest_pair::tests::percentile_after_inserts_returns_some
        PASS [   0.154s] (1524/2364) triage baseline::tdigest_pair::tests::percentile_monotonic_p50_le_p95_le_p99
        PASS [   0.164s] (1525/2364) triage baseline::tdigest_pair::tests::serde_round_trip_preserves_state
        PASS [   0.167s] (1526/2364) triage baseline::tdigest_pair::tests::swap_no_op_before_window_elapses
        PASS [   0.164s] (1527/2364) triage baseline::tdigest_pair::tests::swap_rotates_current_to_previous_after_window
        PASS [   0.168s] (1528/2364) triage baseline::tests::bootstrap_state_applies_window_on_the_resume_path_not_just_fresh
        PASS [   0.165s] (1529/2364) triage baseline::tests::bootstrap_state_emits_cold_start_metric
        PASS [   0.166s] (1530/2364) triage baseline::tests::bootstrap_state_resets_when_persistence_stale_beyond_threshold
        PASS [   0.172s] (1531/2364) triage baseline::tests::bootstrap_state_returns_fresh_when_persistence_empty
        PASS [   0.173s] (1532/2364) triage baseline::tests::bootstrap_state_returns_fresh_when_persistence_none
        PASS [   0.159s] (1533/2364) triage baseline::tests::bootstrap_state_returns_loaded_when_persistence_fresh
        PASS [   0.248s] (1534/2364) triage baseline::sql::tests::triage_sql_state_clones_share_connection
        PASS [   0.143s] (1535/2364) triage baseline::tests::current_unix_nanos_returns_positive_value
        PASS [   0.123s] (1536/2364) triage baseline::tests::deserialized_state_defaults_to_the_non_zero_window
        PASS [   0.110s] (1537/2364) triage baseline::tests::observe_span_drops_empty_operation_name_from_tdigest
        PASS [   0.376s] (1538/2364) triage baseline::sql::tests::q1_empty_table_returns_empty_vec
        PASS [   0.130s] (1539/2364) triage baseline::tests::observe_span_populates_operation_latency_tdigest
        PASS [   0.372s] (1540/2364) triage baseline::sql::tests::q5_returns_cardinality_per_service
        PASS [   0.301s] (1541/2364) triage baseline::sql::tests::window_filter_excludes_old_rows
        PASS [   0.117s] (1542/2364) triage baseline::tests::observe_span_populates_service_baseline
        PASS [   0.378s] (1543/2364) triage baseline::sql::tests::q6_returns_high_severity_logs
        PASS [   0.318s] (1544/2364) triage baseline::sql::tests::sql_injection_via_duration_param_is_blocked
        PASS [   0.398s] (1545/2364) triage baseline::sql::tests::q3_returns_fingerprints_with_count_ge_2
        PASS [   0.390s] (1546/2364) triage baseline::sql::tests::q4_returns_caller_callee_pairs
        PASS [   0.160s] (1547/2364) triage baseline::tests::observe_span_enforces_service_cardinality_cap
        PASS [   0.127s] (1548/2364) triage baseline::tests::observe_span_routes_to_activity_floor_observe
        PASS [   0.417s] (1549/2364) triage baseline::sql::tests::q2_orders_by_error_count_desc
        PASS [   0.360s] (1550/2364) triage baseline::sql::tests::q7_primary_under_normal_timeout_returns_normal_results
        PASS [   0.388s] (1551/2364) triage baseline::sql::tests::q7_fallback_fires_on_zero_timeout
        PASS [   0.359s] (1552/2364) triage baseline::sql::tests::q7_returns_critical_path_for_slow_traces
        PASS [   0.133s] (1553/2364) triage baseline::tests::observe_span_with_empty_service_increments_drops
        PASS [   0.432s] (1554/2364) triage baseline::sql::tests::q1_returns_red_metrics_per_service
        PASS [   0.123s] (1555/2364) triage baseline::tests::operation_key_is_deterministic_and_includes_service_prefix
        PASS [   0.124s] (1556/2364) triage baseline::tests::operation_name_distinguishes_two_operations_on_same_service
        PASS [   0.122s] (1557/2364) triage baseline::tests::operation_name_round_trips_through_baseline_to_snapshot
        PASS [   0.113s] (1558/2364) triage baseline::tests::persist_on_shutdown_emits_shutdown_kind_metric
        PASS [   0.109s] (1559/2364) triage baseline::tests::run_persist_cycle_advances_persisted_at_via_trait
        PASS [   0.105s] (1560/2364) triage baseline::tests::run_persist_cycle_emits_corpus_basename_field
        PASS [   0.106s] (1561/2364) triage baseline::tests::run_persist_cycle_emits_error_event_on_persistence_failure
        PASS [   0.114s] (1562/2364) triage baseline::tests::run_persist_cycle_emits_tick_and_persist_metric_events
        PASS [   0.469s] (1563/2364) triage baseline::sql::tests::all_blocking_queries_safe_to_re_run
        PASS [   0.111s] (1564/2364) triage baseline::tests::run_persist_cycle_round_trip_preserves_service_state_via_trait
        PASS [   0.102s] (1565/2364) triage baseline::tests::service_identity_missing_emits_single_aggregate_warn_per_tick
        PASS [   0.087s] (1566/2364) triage baseline::tests::silence_snapshot_reaches_ready_under_a_short_boot_resolved_window
        PASS [   0.090s] (1567/2364) triage cadence::broadcast::tests::cadence_event_broadcast_default_matches_new
        PASS [   0.088s] (1568/2364) triage cadence::broadcast::tests::cadence_event_broadcast_round_trips_payload
        PASS [   0.091s] (1569/2364) triage cadence::broadcast::tests::cadence_event_broadcast_send_with_no_subscribers_is_benign
        PASS [   0.093s] (1570/2364) triage cadence::broadcast::tests::cadence_event_broadcast_starts_zero_subscribers
        PASS [   0.095s] (1571/2364) triage cadence::broadcast::tests::cadence_event_broadcast_subscribe_increments_count
        PASS [   0.100s] (1572/2364) triage cadence::broadcast::tests::cadence_event_payload_has_no_string_fields
        PASS [   0.101s] (1573/2364) triage cadence::broadcast::tests::digest_trigger_broadcast_default_starts_zero_subscribers
        PASS [   0.105s] (1574/2364) triage cadence::broadcast::tests::digest_trigger_broadcast_round_trips_cue_including_scope_id
        PASS [   0.106s] (1575/2364) triage cadence::broadcast::tests::stream_name_matches_pulse_uri_convention
        PASS [   0.109s] (1576/2364) triage cadence::config::tests::accelerated_at_floor_passes_and_below_floor_rejects
        PASS [   0.414s] (1577/2364) triage baseline::tdigest_pair::tests::percentile_monotonic_property
        PASS [   0.112s] (1578/2364) triage cadence::config::tests::baseline_at_floor_passes_and_below_floor_rejects
        PASS [   0.117s] (1579/2364) triage cadence::config::tests::default_passes_validation
        PASS [   0.119s] (1580/2364) triage cadence::config::tests::reflection_at_floor_passes_and_below_floor_rejects
        PASS [   0.134s] (1581/2364) triage cadence::config::tests::safety_floor_invariant
        PASS [   0.133s] (1582/2364) triage cadence::config::tests::tier2_acceleration_enabled_false_passes_validation
        PASS [   0.132s] (1583/2364) triage cadence::coordinator::tests::mode_label_returns_bounded_four_value_enumeration
        PASS [   0.138s] (1584/2364) triage cadence::coordinator::tests::run_one_coordinator_cycle_does_not_leak_pii_canary_into_broadcast_payload
        PASS [   0.142s] (1585/2364) triage cadence::coordinator::tests::run_one_coordinator_cycle_emits_event_with_cue_metadata_for_tier1
        PASS [   0.147s] (1586/2364) triage cadence::coordinator::tests::run_one_coordinator_cycle_emits_event_to_broadcast
        PASS [   0.150s] (1587/2364) triage cadence::coordinator::tests::run_one_coordinator_cycle_handles_partial_query_failures
        PASS [   0.150s] (1588/2364) triage cadence::coordinator::tests::run_one_coordinator_cycle_invokes_all_seven_queries_for_tier3
        PASS [   0.235s] (1589/2364) triage baseline::tests::service_cap_exceeded_emits_aggregate_warn_per_tick
        PASS [   0.154s] (1590/2364) triage cadence::coordinator::tests::run_one_coordinator_cycle_reflection_emits_reflection_mode
        PASS [   0.145s] (1591/2364) triage cadence::coordinator::tests::run_one_coordinator_cycle_runs_tier2_on_non_cpu_primary_profile
        PASS [   0.148s] (1592/2364) triage cadence::coordinator::tests::run_one_coordinator_cycle_skips_tier2_when_hardware_profile_is_cpu_primary
        PASS [   0.160s] (1593/2364) triage cadence::coordinator::tests::unknown_hardware_profile_returns_unknown
        PASS [   0.164s] (1594/2364) triage contract::tests::attention_cue_round_trips_through_serde
        PASS [   0.157s] (1595/2364) triage contract::tests::cue_kind_reflection_trend_serializes_snake_case
        PASS [   0.159s] (1596/2364) triage contract::tests::cue_kind_round_trips_through_serde
        PASS [   0.205s] (1597/2364) triage cadence::coordinator::tests::start_cadence_coordinator_responds_to_tier1_autonomous_cue
        PASS [   0.203s] (1598/2364) triage cadence::coordinator::tests::start_cadence_coordinator_responds_to_tier2_suggested_cadence_trigger
        PASS [   0.197s] (1599/2364) triage cadence::coordinator::tests::start_cadence_coordinator_spawnable_and_abortable
        PASS [   0.162s] (1600/2364) triage contract::tests::cue_kind_serializes_snake_case
        PASS [   0.161s] (1601/2364) triage contract::tests::cue_scope_round_trips_through_serde
        PASS [   0.159s] (1602/2364) triage contract::tests::cue_scope_serializes_snake_case
        PASS [   0.164s] (1603/2364) triage contract::tests::digest_cue_ref_deserializes_payload_without_fingerprint_field
        PASS [   0.168s] (1604/2364) triage contract::tests::digest_kind_round_trips_through_serde
        PASS [   0.164s] (1605/2364) triage contract::tests::digest_kind_serializes_snake_case
        PASS [   0.166s] (1606/2364) triage contract::tests::digest_round_trips_through_serde
        PASS [   0.152s] (1607/2364) triage contract::tests::evidence_refs_round_trips_through_serde
        PASS [   0.234s] (1608/2364) triage cadence::coordinator::tests::start_cadence_coordinator_survives_config_hot_reload
        PASS [   0.159s] (1609/2364) triage contract::tests::hex_lower_encodes_full_width_lowercase
        PASS [   0.164s] (1610/2364) triage contract::tests::incident_deserializes_pre_chunk_86_payload_without_resolution_summary_field
        PASS [   0.162s] (1611/2364) triage contract::tests::incident_round_trips_through_serde
        PASS [   0.163s] (1612/2364) triage contract::tests::incident_status_round_trips_through_serde
        PASS [   0.161s] (1613/2364) triage contract::tests::incident_status_serializes_snake_case
        PASS [   0.163s] (1614/2364) triage contract::tests::priority_tier_round_trips_through_serde
        PASS [   0.161s] (1615/2364) triage contract::tests::priority_tier_serializes_snake_case
        PASS [   0.165s] (1616/2364) triage contract::tests::scrubbed_clone_passes_cue_fingerprint_through_untouched
        PASS [   0.165s] (1617/2364) triage contract::tests::severity_round_trips_through_serde
        PASS [   0.167s] (1618/2364) triage contract::tests::severity_serializes_snake_case
        PASS [   0.169s] (1619/2364) triage cue::broadcast::tests::attention_cue_broadcast_round_trips_payload
        PASS [   0.123s] (1620/2364) triage cue::broadcast::tests::attention_cue_broadcast_send_with_no_subscribers_is_benign
        PASS [   0.123s] (1621/2364) triage cue::broadcast::tests::attention_cue_broadcast_starts_zero_subscribers
        PASS [   0.124s] (1622/2364) triage cue::broadcast::tests::attention_cue_broadcast_subscribe_increments_count
        PASS [   0.126s] (1623/2364) triage cue::broadcast::tests::cadence_trigger_channel_round_trips_payload
        PASS [   0.124s] (1624/2364) triage cue::broadcast::tests::cadence_trigger_channel_starts_zero_subscribers
        PASS [   0.130s] (1625/2364) triage cue::broadcast::tests::channel_name_uses_kebab_case_label
        PASS [   0.133s] (1626/2364) triage cue::broadcast::tests::stream_name_matches_pulse_uri_convention
        PASS [   0.140s] (1627/2364) triage cue::classify::tests::classify_priority_decision_boundary::case_1
        PASS [   0.141s] (1628/2364) triage cue::classify::tests::classify_priority_decision_boundary::case_2
        PASS [   0.145s] (1629/2364) triage cue::classify::tests::classify_priority_decision_boundary::case_3
        PASS [   0.140s] (1630/2364) triage cue::classify::tests::classify_priority_decision_boundary::case_4
        PASS [   1.041s] (1631/2364) snapshot markdown::tests::format_markdown_token_count_invariant
        PASS [   0.141s] (1632/2364) triage cue::classify::tests::classify_priority_decision_boundary::case_5
        PASS [   0.142s] (1633/2364) triage cue::classify::tests::classify_priority_decision_boundary::case_6
        PASS [   0.141s] (1634/2364) triage cue::classify::tests::classify_priority_decision_boundary::case_7
        PASS [   0.816s] (1635/2364) triage baseline::sql::tests::q7_outer_limit_100_caps_results
        PASS [   0.141s] (1636/2364) triage cue::classify::tests::classify_priority_decision_boundary::case_8
        PASS [   0.142s] (1637/2364) triage cue::classify::tests::classify_priority_decision_boundary::case_9
        PASS [   0.145s] (1638/2364) triage cue::classify::tests::classify_priority_nan_inputs_return_curious
        PASS [   0.144s] (1639/2364) triage cue::classify::tests::cue_kind_label_matches_serde_snake_case
        PASS [   0.144s] (1640/2364) triage cue::classify::tests::dual_condition_bypass_matrix::case_1
        PASS [   0.141s] (1641/2364) triage cue::classify::tests::dual_condition_bypass_matrix::case_2
        PASS [   0.143s] (1642/2364) triage cue::classify::tests::dual_condition_bypass_matrix::case_3
        PASS [   0.140s] (1643/2364) triage cue::classify::tests::dual_condition_bypass_matrix::case_4
        PASS [   0.143s] (1644/2364) triage cue::classify::tests::dual_condition_bypass_matrix::case_5
        PASS [   0.141s] (1645/2364) triage cue::classify::tests::dual_condition_bypass_matrix::case_6
        PASS [   0.143s] (1646/2364) triage cue::classify::tests::dual_condition_bypass_matrix::case_7
        PASS [   0.143s] (1647/2364) triage cue::classify::tests::dual_condition_bypass_nan_inputs_return_false
        PASS [   0.142s] (1648/2364) triage cue::classify::tests::dual_condition_bypass_respects_configured_absolute_error_rate_override
        PASS [   0.141s] (1649/2364) triage cue::classify::tests::dual_condition_bypass_respects_configured_multiplier_override
        PASS [   0.138s] (1650/2364) triage cue::classify::tests::priority_tier_label_matches_serde_snake_case
        PASS [   0.142s] (1651/2364) triage cue::emitter::tests::cue_latch_admits_a_newly_observed_condition
        PASS [   0.140s] (1652/2364) triage cue::emitter::tests::cue_latch_admits_again_after_the_refractory_window_elapses
        PASS [   0.140s] (1653/2364) triage cue::emitter::tests::cue_latch_admits_immediately_when_the_tier_escalates
        PASS [   0.140s] (1654/2364) triage cue::emitter::tests::cue_latch_bounds_the_measured_wedge_shape
        PASS [   0.136s] (1655/2364) triage cue::emitter::tests::cue_latch_evicts_a_cleared_condition_so_recurrence_admits_immediately
        PASS [   0.142s] (1656/2364) triage cue::emitter::tests::cue_latch_holds_the_bound_across_the_scenario_s_multi_window_gap
        PASS [   0.140s] (1657/2364) triage cue::emitter::tests::cue_latch_keys_on_kind_and_scope_so_distinct_conditions_stay_independent
        PASS [   0.134s] (1658/2364) triage cue::emitter::tests::cue_latch_refuses_a_de_escalation_inside_the_window
        PASS [   0.135s] (1659/2364) triage cue::emitter::tests::cue_latch_refuses_an_unchanged_repeat_inside_the_refractory_window
        PASS [   0.137s] (1660/2364) triage cue::emitter::tests::run_one_emit_cycle_autonomous_tier_does_not_fan_to_cadence_triggers
        PASS [   0.485s] (1661/2364) triage cadence::coordinator::tests::start_cadence_coordinator_tier2_skipped_on_cpu_primary_profile
        PASS [   0.138s] (1662/2364) triage cue::emitter::tests::run_one_emit_cycle_does_not_emit_service_went_silent_during_bootstrap
        PASS [   0.137s] (1663/2364) triage cue::emitter::tests::run_one_emit_cycle_drops_short_persistence_error_spike_in_active_window
        PASS [   0.140s] (1664/2364) triage cue::emitter::tests::run_one_emit_cycle_emits_cue_to_broadcast_topic
        PASS [   0.140s] (1665/2364) triage cue::emitter::tests::run_one_emit_cycle_emits_evaluation_span_with_threshold_fields
        PASS [   0.143s] (1666/2364) triage cue::emitter::tests::run_one_emit_cycle_emits_metric_per_cue
        PASS [   0.142s] (1667/2364) triage cue::emitter::tests::run_one_emit_cycle_emits_service_went_silent_cue_post_bootstrap
        PASS [   0.144s] (1668/2364) triage cue::emitter::tests::run_one_emit_cycle_emits_service_went_silent_evaluate_aggregate_event
        PASS [   0.144s] (1669/2364) triage cue::emitter::tests::run_one_emit_cycle_emits_suppression_check_per_cue
        PASS [   0.141s] (1670/2364) triage cue::emitter::tests::run_one_emit_cycle_emits_tick_event_with_zero_cues_on_empty_state
        PASS [   0.146s] (1671/2364) triage cue::emitter::tests::run_one_emit_cycle_keeps_high_magnitude_spike_in_active_window_via_bypass
        PASS [   0.145s] (1672/2364) triage cue::emitter::tests::run_one_emit_cycle_pii_canary_does_not_leak_into_tracing_fields
        PASS [   0.145s] (1673/2364) triage cue::emitter::tests::run_one_emit_cycle_surfaces_sustained_spike_inside_active_restart_window
        PASS [   0.146s] (1674/2364) triage cue::emitter::tests::run_one_emit_cycle_tier_two_fans_to_cadence_triggers
        PASS [   0.146s] (1675/2364) triage cue::evaluate::tests::error_rate_floor_stays_at_ten_samples_distinct_from_latency_floor
        PASS [   0.144s] (1676/2364) triage cue::evaluate::tests::evaluate_service_went_silent_attribute_poisoning_does_not_bypass_bootstrap
        PASS [   0.144s] (1677/2364) triage cue::evaluate::tests::evaluate_service_went_silent_bursty_pattern_keeps_quiet_phases_silent
        PASS [   0.145s] (1678/2364) triage cue::evaluate::tests::evaluate_service_went_silent_during_bootstrap_returns_no_cues_even_when_quiet_long
        PASS [   0.147s] (1679/2364) triage cue::evaluate::tests::evaluate_service_went_silent_empty_state_returns_no_cues
        PASS [   0.147s] (1680/2364) triage cue::evaluate::tests::evaluate_service_went_silent_high_frequency_service_clamped_to_min_floor
        PASS [   0.146s] (1681/2364) triage cue::evaluate::tests::evaluate_service_went_silent_low_frequency_service_preserves_learned_p95
        PASS [   0.149s] (1682/2364) triage cue::evaluate::tests::evaluate_service_went_silent_post_bootstrap_above_p95_returns_cue
        PASS [   0.147s] (1683/2364) triage cue::evaluate::tests::evaluate_service_went_silent_post_bootstrap_below_p95_returns_no_cues
        PASS [   0.151s] (1684/2364) triage cue::evaluate::tests::evaluate_thresholds_below_warmup_returns_no_cues
        PASS [   0.203s] (1685/2364) triage cue::emitter::tests::start_emitter_spawnable_and_abortable
        PASS [   0.141s] (1686/2364) triage cue::evaluate::tests::evaluate_thresholds_classification_flips_when_multiplier_raised
        PASS [   0.145s] (1687/2364) triage cue::evaluate::tests::evaluate_thresholds_empty_service_name_excluded_from_cues
        PASS [   0.146s] (1688/2364) triage cue::evaluate::tests::evaluate_thresholds_empty_state_returns_no_cues
        PASS [   0.659s] (1689/2364) triage cadence::coordinator::tests::start_cadence_coordinator_ignores_suggested_cue_on_the_attention_broadcast
        PASS [   0.152s] (1690/2364) triage cue::evaluate::tests::evaluate_thresholds_error_rate_above_threshold_emits_cue
        PASS [   0.165s] (1691/2364) triage cue::evaluate::tests::evaluate_thresholds_fast_latency_does_not_emit_cue
        PASS [   0.171s] (1692/2364) triage cue::evaluate::tests::evaluate_thresholds_latency_above_threshold_emits_cue
        PASS [   0.169s] (1693/2364) triage cue::evaluate::tests::evaluate_thresholds_low_error_rate_does_not_emit_cue
        PASS [   0.171s] (1694/2364) triage cue::evaluate::tests::evaluate_thresholds_priority_tier_classifies_by_magnitude_and_samples
        PASS [   0.168s] (1695/2364) triage cue::evaluate::tests::latency_gate_admits_operations_at_min_latency_samples
        PASS [   0.169s] (1696/2364) triage cue::evaluate::tests::latency_gate_excludes_operations_below_min_latency_samples
        PASS [   0.168s] (1697/2364) triage cue::thresholds::tests::default_thresholds_match_chunk_spec_constants
        PASS [   0.169s] (1698/2364) triage cue::thresholds::tests::from_env_carries_the_resolved_bound_into_the_field
        PASS [   0.167s] (1699/2364) triage cue::thresholds::tests::from_env_unset_is_byte_identical_to_default
        PASS [   0.168s] (1700/2364) triage cue::thresholds::tests::resolve_bootstrap_window_accepts_bounded_override
        PASS [   0.168s] (1701/2364) triage cue::thresholds::tests::resolve_bootstrap_window_rejects_at_or_above_window_duration
        PASS [   0.165s] (1702/2364) triage cue::thresholds::tests::resolve_bootstrap_window_rejects_zero_empty_and_unparseable
        PASS [   0.165s] (1703/2364) triage cue::thresholds::tests::resolve_bootstrap_window_trims_surrounding_whitespace
        PASS [   0.165s] (1704/2364) triage cue::thresholds::tests::resolve_bootstrap_window_unset_yields_default
        PASS [   0.164s] (1705/2364) triage cue::thresholds::tests::thresholds_round_trip_through_serde
        PASS [   0.157s] (1706/2364) triage cue::thresholds::tests::validate_default_thresholds_succeeds
        PASS [   0.157s] (1707/2364) triage cue::thresholds::tests::validate_rejects_absolute_bypass_error_rate_above_one
        PASS [   0.158s] (1708/2364) triage cue::thresholds::tests::validate_rejects_base_error_rate_above_one
        PASS [   0.157s] (1709/2364) triage cue::thresholds::tests::validate_rejects_magnitude_bypass_multiplier_below_or_equal_one
        PASS [   0.154s] (1710/2364) triage cue::thresholds::tests::validate_rejects_nan_latency_multiplier
        PASS [   0.152s] (1711/2364) triage cue::thresholds::tests::validate_rejects_nan_magnitude_bypass_multiplier
        PASS [   0.154s] (1712/2364) triage cue::thresholds::tests::validate_rejects_nan_quiet_duration_percentile
        PASS [   0.152s] (1713/2364) triage cue::thresholds::tests::validate_rejects_negative_error_rate_multiplier
        PASS [   0.150s] (1714/2364) triage cue::thresholds::tests::validate_rejects_percentile_outside_unit_range
        PASS [   0.149s] (1715/2364) triage cue::thresholds::tests::validate_rejects_quiet_duration_percentile_outside_unit_range
        PASS [   0.153s] (1716/2364) triage cue::thresholds::tests::validate_rejects_zero_absolute_bypass_latency_ms
        PASS [   0.155s] (1717/2364) triage cue::thresholds::tests::validate_rejects_zero_base_latency
        PASS [   0.154s] (1718/2364) triage cue::thresholds::tests::validate_rejects_zero_bootstrap_window_seconds
        PASS [   0.156s] (1719/2364) triage cue::thresholds::tests::validate_rejects_zero_min_latency_samples
        PASS [   0.155s] (1720/2364) triage cue::thresholds::tests::validate_rejects_zero_quiet_duration_percentile
        PASS [   0.155s] (1721/2364) triage cue::thresholds::tests::validate_rejects_zero_restart_gap_threshold_seconds
        PASS [   0.146s] (1722/2364) triage cue::thresholds::tests::validate_rejects_zero_restart_suppression_window_seconds
        PASS [   0.143s] (1723/2364) triage cue::thresholds::tests::validate_rejects_zero_suppression_persistence_cutoff_samples
        PASS [   0.146s] (1724/2364) triage cue::thresholds::tests::validate_rejects_zero_tick_interval
        PASS [   0.156s] (1725/2364) triage digest::assembler::tests::hex_lower_encodes_q3_fingerprint_bytes
        PASS [   0.157s] (1726/2364) triage digest::assembler::tests::render_payload_includes_five_recent_commits_per_p032
        PASS [   0.156s] (1727/2364) triage digest::broadcast::tests::digest_broadcast_default_matches_new
        PASS [   0.154s] (1728/2364) triage digest::broadcast::tests::digest_broadcast_round_trips_payload
        PASS [   0.160s] (1729/2364) triage digest::broadcast::tests::digest_broadcast_send_with_no_subscribers_is_benign
        PASS [   0.157s] (1730/2364) triage digest::broadcast::tests::digest_broadcast_starts_zero_subscribers
        PASS [   0.159s] (1731/2364) triage digest::broadcast::tests::digest_broadcast_subscribe_increments_count
        PASS [   0.163s] (1732/2364) triage digest::broadcast::tests::multiple_subscribers_each_receive_send
        PASS [   0.162s] (1733/2364) triage digest::broadcast::tests::stream_name_matches_pulse_uri_convention
        PASS [   0.165s] (1734/2364) triage digest::damper::tests::bypass_kinds_are_never_suppressed
        PASS [   0.167s] (1735/2364) triage digest::damper::tests::changed_projection_generates_and_reports_the_released_run
        PASS [   0.169s] (1736/2364) triage digest::damper::tests::changed_service_rows_generate
        PASS [   0.168s] (1737/2364) triage digest::damper::tests::cleared_cue_condition_evicts_so_a_new_episode_reanalyzes
        PASS [   0.169s] (1738/2364) triage digest::damper::tests::counters_track_runs_and_suppressions
        PASS [   0.168s] (1739/2364) triage digest::damper::tests::distinct_identities_damp_independently
        PASS [   0.170s] (1740/2364) triage digest::damper::tests::first_seen_generates_then_unchanged_suppresses
        PASS [   0.171s] (1741/2364) triage digest::damper::tests::interval_identity_survives_the_reflection_gap
        PASS [   0.171s] (1742/2364) triage digest::damper::tests::retrieval_context_is_outside_the_projection
        PASS [   0.170s] (1743/2364) triage digest::damper::tests::state_updates_only_on_recorded_success
        PASS [   0.170s] (1744/2364) triage digest::queue::tests::active_incident_bypass_does_not_replace
        PASS [   0.170s] (1745/2364) triage digest::queue::tests::active_incident_queue_caps_at_5_drops_oldest
        PASS [   0.172s] (1746/2364) triage digest::queue::tests::default_push_different_workspaces_both_queued
        PASS [   0.174s] (1747/2364) triage digest::queue::tests::first_default_push_returns_queued
        PASS [   0.167s] (1748/2364) triage digest::queue::tests::reflection_lww_per_workspace
        PASS [   0.172s] (1749/2364) triage digest::queue::tests::second_default_push_same_workspace_returns_replaced
        PASS [   0.172s] (1750/2364) triage digest::queue::tests::tier1_caps_at_3_drops_oldest
        PASS [   0.139s] (1751/2364) triage digest::queue::tests::tier1_never_lww_each_push_queued
        PASS [   0.139s] (1752/2364) triage digest::retrieval::tests::format_corpus_match_line_carries_fingerprint_title_age_outcome
        PASS [   0.141s] (1753/2364) triage digest::retrieval::tests::noop_source_returns_empty_candidates
        PASS [   0.144s] (1754/2364) triage digest::retrieval::tests::select_corpus_matches_empty_fingerprint_never_matches_empty_set_entry
        PASS [   0.139s] (1755/2364) triage digest::retrieval::tests::select_corpus_matches_keeps_fingerprint_matches_only
        PASS [   0.144s] (1756/2364) triage digest::retrieval::tests::select_corpus_matches_keeps_scope_matches
        PASS [   0.141s] (1757/2364) triage digest::retrieval::tests::select_corpus_matches_ranks_by_recency_and_caps_at_limit
        PASS [   0.138s] (1758/2364) triage digest::retrieval::tests::select_previously_seen_excludes_self_and_matches_fingerprint
        PASS [   0.140s] (1759/2364) triage digest::retrieval::tests::select_previously_seen_matches_scope_when_fingerprints_differ
        PASS [   0.139s] (1760/2364) triage digest::retrieval::tests::select_previously_seen_none_scope_never_matches_none_scope
        PASS [   0.137s] (1761/2364) triage incident::broadcast::tests::broadcast_capacity_matches_sibling_precedent
        PASS [   0.138s] (1762/2364) triage incident::broadcast::tests::incident_lifecycle_broadcast_round_trips_payload
        PASS [   0.138s] (1763/2364) triage incident::broadcast::tests::incident_lifecycle_broadcast_send_with_no_subscribers_is_benign
        PASS [   0.137s] (1764/2364) triage incident::broadcast::tests::incident_lifecycle_broadcast_starts_zero_subscribers
        PASS [   0.138s] (1765/2364) triage incident::broadcast::tests::incident_lifecycle_broadcast_subscribe_increments_count
        PASS [   0.138s] (1766/2364) triage incident::broadcast::tests::incident_lifecycle_event_has_no_pii_fields
        PASS [   0.137s] (1767/2364) triage incident::broadcast::tests::incident_lifecycle_event_serde_round_trips
        PASS [   0.136s] (1768/2364) triage incident::broadcast::tests::stream_name_matches_pulse_uri_convention
        PASS [   0.139s] (1769/2364) triage incident::persistence::tests::default_ack_cooldown_matches_spec_p_023
        PASS [   0.138s] (1770/2364) triage incident::persistence::tests::default_auto_resolve_window_matches_spec_p_022
        PASS [   0.141s] (1771/2364) triage incident::persistence::tests::default_persist_interval_matches_sibling_precedent
        PASS [   0.139s] (1772/2364) triage incident::persistence::tests::error_category_labels_stable
        PASS [   0.140s] (1773/2364) triage incident::persistence::tests::persist_cycle_reconciles_before_writing_so_the_stale_row_is_not_re_offered
        PASS [   0.144s] (1774/2364) triage incident::persistence::tests::reconcile_is_a_no_op_when_registry_and_durable_agree
        PASS [   0.140s] (1775/2364) triage incident::persistence::tests::reconcile_kind_label_is_stable
        PASS [   0.141s] (1776/2364) triage incident::persistence::tests::reconcile_only_touches_the_named_workspace
        PASS [   0.146s] (1777/2364) triage incident::persistence::tests::reconcile_resolves_nothing_when_the_durable_read_fails
        PASS [   0.144s] (1778/2364) triage incident::persistence::tests::reconcile_resolves_registry_rows_absent_from_the_durable_active_set
        PASS [   0.142s] (1779/2364) triage incident::persistence::tests::run_incident_persist_cycle_persists_each_active_incident
        PASS [   0.140s] (1780/2364) triage incident::persistence::tests::tracing_target_names_stable
        PASS [   0.142s] (1781/2364) triage incident::registry::tests::acknowledge_active_succeeds
        PASS [   0.155s] (1782/2364) triage incident::registry::tests::acknowledge_after_cooldown_window_succeeds
        PASS [   0.157s] (1783/2364) triage incident::registry::tests::acknowledge_already_acknowledged_returns_invalid_transition
        PASS [   0.154s] (1784/2364) triage incident::registry::tests::acknowledge_different_workspace_bypasses_cooldown
        PASS [   0.157s] (1785/2364) triage incident::registry::tests::acknowledge_not_found_returns_not_found
        PASS [   0.154s] (1786/2364) triage incident::registry::tests::acknowledge_within_cooldown_for_same_kind_scope_workspace_rejects
        PASS [   0.154s] (1787/2364) triage incident::registry::tests::attach_interpretation_summary_rejects_resolved_incident
        PASS [   0.155s] (1788/2364) triage incident::registry::tests::attach_interpretation_summary_returns_not_found_for_unknown_id
        PASS [   0.154s] (1789/2364) triage incident::registry::tests::attach_interpretation_summary_writes_to_acknowledged_incident
        PASS [   0.159s] (1790/2364) triage incident::registry::tests::attach_interpretation_summary_writes_to_active_incident
        PASS [   0.156s] (1791/2364) triage incident::registry::tests::attach_resolution_summary_rejects_active_incident
        PASS [   0.159s] (1792/2364) triage incident::registry::tests::attach_resolution_summary_returns_not_found_for_unknown_id
        PASS [   0.156s] (1793/2364) triage incident::registry::tests::attach_resolution_summary_writes_summary_to_resolved_incident
        PASS [   0.158s] (1794/2364) triage incident::registry::tests::error_category_labels_stable
        PASS [   0.155s] (1795/2364) triage incident::registry::tests::evaluate_auto_resolution_includes_acknowledged
        PASS [   0.154s] (1796/2364) triage incident::registry::tests::evaluate_auto_resolution_returns_active_past_window
        PASS [   0.156s] (1797/2364) triage incident::registry::tests::evaluate_auto_resolution_skips_resolved
        PASS [   0.154s] (1798/2364) triage incident::registry::tests::from_persisted_hydrates_registry
        PASS [   0.152s] (1799/2364) triage incident::registry::tests::insert_and_get_round_trips
        PASS [   0.150s] (1800/2364) triage incident::registry::tests::list_active_filters_by_workspace_and_resolved
        PASS [   0.151s] (1801/2364) triage incident::registry::tests::mark_all_read_filters_by_workspace
        PASS [   0.151s] (1802/2364) triage incident::registry::tests::mark_all_read_marks_all_unread_in_workspace_and_returns_ids
        PASS [   0.145s] (1803/2364) triage incident::registry::tests::mark_all_read_on_empty_workspace_returns_empty_vec
        PASS [   0.148s] (1804/2364) triage incident::registry::tests::mark_all_read_skips_already_read_incidents
        PASS [   0.147s] (1805/2364) triage incident::registry::tests::mark_all_read_skips_resolved_incidents
        PASS [   0.148s] (1806/2364) triage incident::registry::tests::mark_read_sets_read_at
        PASS [   0.149s] (1807/2364) triage incident::registry::tests::mark_resolved_acknowledged_succeeds
        PASS [   0.132s] (1808/2364) triage incident::registry::tests::mark_resolved_active_succeeds
        PASS [   0.137s] (1809/2364) triage incident::registry::tests::mark_resolved_already_resolved_returns_invalid_transition
        PASS [   0.138s] (1810/2364) triage incident::registry::tests::mark_resolved_not_found_returns_not_found
        PASS [   0.139s] (1811/2364) triage incident::registry::tests::observe_reemission_on_resolved_rejects
        PASS [   0.142s] (1812/2364) triage incident::registry::tests::observe_reemission_updates_timestamp
        PASS [   0.141s] (1813/2364) triage incident::registry::tests::registry_starts_empty
        PASS [   0.145s] (1814/2364) triage incident::state_machine::tests::cooldown_expiry_computes_5min_from_now
        PASS [   0.147s] (1815/2364) triage incident::state_machine::tests::cooldown_expiry_saturates_on_overflow
        PASS [   0.144s] (1816/2364) triage incident::state_machine::tests::is_valid_incident_transition_accepts_spec_edges
        PASS [   0.143s] (1817/2364) triage incident::state_machine::tests::is_valid_incident_transition_rejects_reverse_progression
        PASS [   0.139s] (1818/2364) triage incident::state_machine::tests::is_valid_incident_transition_rejects_self_loops
        PASS [   0.141s] (1819/2364) triage incident::state_machine::tests::should_auto_resolve_at_boundary_is_true
        PASS [   0.140s] (1820/2364) triage incident::state_machine::tests::should_auto_resolve_false_within_window
        PASS [   0.143s] (1821/2364) triage incident::state_machine::tests::should_auto_resolve_true_after_window
        PASS [   0.143s] (1822/2364) triage incident::state_machine::tests::status_label_matches_snake_case_serde
        PASS [   0.141s] (1823/2364) triage incident::state_machine::tests::status_label_round_trips_through_serde
        PASS [   0.141s] (1824/2364) triage lifecycle::broadcast::tests::broadcast_capacity_matches_sibling_precedent
        PASS [   0.144s] (1825/2364) triage lifecycle::broadcast::tests::service_lifecycle_broadcast_round_trips_payload
        PASS [   0.144s] (1826/2364) triage lifecycle::broadcast::tests::service_lifecycle_broadcast_send_with_no_subscribers_is_benign
        PASS [   0.145s] (1827/2364) triage lifecycle::broadcast::tests::service_lifecycle_broadcast_starts_zero_subscribers
        PASS [   0.142s] (1828/2364) triage lifecycle::broadcast::tests::service_lifecycle_broadcast_subscribe_increments_count
        PASS [   0.146s] (1829/2364) triage lifecycle::broadcast::tests::service_lifecycle_event_has_no_pii_fields
        PASS [   0.143s] (1830/2364) triage lifecycle::broadcast::tests::service_lifecycle_event_serde_round_trips
        PASS [   0.146s] (1831/2364) triage lifecycle::broadcast::tests::stream_name_matches_pulse_uri_convention
        PASS [   0.145s] (1832/2364) triage lifecycle::persistence::tests::fake_persistence_load_returns_none_by_default
        PASS [   0.143s] (1833/2364) triage lifecycle::persistence::tests::fake_persistence_load_returns_seeded_entries
        PASS [   0.145s] (1834/2364) triage lifecycle::persistence::tests::lifecycle_error_category_groups_io_serialize_permission
        PASS [   0.144s] (1835/2364) triage lifecycle::persistence::tests::run_persist_cycle_emits_error_on_failure
        PASS [   0.142s] (1836/2364) triage lifecycle::persistence::tests::run_persist_cycle_round_trips_state_via_fake_persistence
        PASS [   0.139s] (1837/2364) triage lifecycle::persistence::tests::services_to_entries_preserves_state_and_manual_override
        PASS [   0.137s] (1838/2364) triage lifecycle::registry::tests::count_by_state_orders_variants_consistently
        PASS [   0.139s] (1839/2364) triage lifecycle::registry::tests::list_all_returns_per_service_items_with_effective_state
        PASS [   0.134s] (1840/2364) triage lifecycle::registry::tests::next_natural_state_active_to_quiet_at_threshold
        PASS [   0.131s] (1841/2364) triage lifecycle::registry::tests::next_natural_state_archived_is_absorbing
        PASS [   0.136s] (1842/2364) triage lifecycle::registry::tests::next_natural_state_bootstrapping_stays_when_learning
        PASS [   0.137s] (1843/2364) triage lifecycle::registry::tests::next_natural_state_bootstrapping_to_active_when_ready
        PASS [   0.138s] (1844/2364) triage lifecycle::registry::tests::next_natural_state_dormant_to_archived_at_archived_threshold
        PASS [   0.138s] (1845/2364) triage lifecycle::registry::tests::next_natural_state_quiet_to_active_on_zero_quiet
        PASS [   0.138s] (1846/2364) triage lifecycle::registry::tests::next_natural_state_quiet_to_silent_at_p95
        PASS [   0.138s] (1847/2364) triage lifecycle::registry::tests::next_natural_state_quiet_uses_fallback_when_no_p95
        PASS [   0.137s] (1848/2364) triage lifecycle::registry::tests::next_natural_state_silent_to_dormant_at_dormant_threshold
        PASS [   0.135s] (1849/2364) triage lifecycle::registry::tests::next_natural_state_silent_to_quiet_when_activity_returns
        PASS [   0.140s] (1850/2364) triage lifecycle::registry::tests::next_natural_state_unknown_to_bootstrapping
        PASS [   0.136s] (1851/2364) triage lifecycle::registry::tests::registry_starts_empty
        PASS [   0.136s] (1852/2364) triage lifecycle::registry::tests::set_manual_override_clearing_emits_event_when_natural_differs
        PASS [   0.137s] (1853/2364) triage lifecycle::registry::tests::set_manual_override_forces_state_regardless_of_activity
        PASS [   0.141s] (1854/2364) triage lifecycle::registry::tests::set_manual_override_returns_none_when_effective_state_unchanged
        PASS [   0.136s] (1855/2364) triage lifecycle::registry::tests::set_state_on_corpus_restore_drops_empty_service
        PASS [   0.139s] (1856/2364) triage lifecycle::registry::tests::set_state_on_corpus_restore_preserves_persisted_last_seen
        PASS [   0.139s] (1857/2364) triage lifecycle::registry::tests::set_state_on_corpus_restore_stamps_boot_time_when_no_prior_entry
        PASS [   0.139s] (1858/2364) triage lifecycle::registry::tests::set_state_on_restart_bypasses_archived
        PASS [   0.139s] (1859/2364) triage lifecycle::registry::tests::set_state_on_restart_creates_bootstrapping_entry
        PASS [   0.139s] (1860/2364) triage lifecycle::registry::tests::set_state_on_restart_drops_empty_service
        PASS [   0.133s] (1861/2364) triage lifecycle::registry::tests::set_state_on_restart_respects_manual_override
        PASS [   0.137s] (1862/2364) triage lifecycle::registry::tests::set_state_on_restart_skips_when_already_bootstrapping
        PASS [   0.140s] (1863/2364) triage lifecycle::registry::tests::state_index_is_total_and_distinct
        PASS [   0.140s] (1864/2364) triage lifecycle::registry::tests::tick_all_advances_bootstrapping_to_active_when_bootstrap_ready
        PASS [   0.138s] (1865/2364) triage lifecycle::registry::tests::tick_all_emits_one_event_per_transition
        PASS [   0.138s] (1866/2364) triage lifecycle::registry::tests::tick_all_first_observation_creates_bootstrapping_entry
        PASS [   0.140s] (1867/2364) triage lifecycle::registry::tests::tick_all_returns_empty_when_baseline_empty
        PASS [   0.138s] (1868/2364) triage lifecycle::registry::tests::tick_all_skips_empty_service_name_snapshots
        PASS [   0.140s] (1869/2364) triage lifecycle::state_machine::tests::is_valid_transition_accepts_spec_edges
        PASS [   0.140s] (1870/2364) triage lifecycle::state_machine::tests::is_valid_transition_rejects_reverse_natural_progression
        PASS [   0.140s] (1871/2364) triage lifecycle::state_machine::tests::is_valid_transition_rejects_self_loops
        PASS [   0.141s] (1872/2364) triage lifecycle::state_machine::tests::is_valid_transition_rejects_skipping_edges
        PASS [   0.159s] (1873/2364) triage lifecycle::state_machine::tests::service_lifecycle_state_round_trips_through_serde
        PASS [   0.157s] (1874/2364) triage lifecycle::state_machine::tests::service_lifecycle_state_serializes_snake_case
        PASS [   0.163s] (1875/2364) triage lifecycle::state_machine::tests::transition_trigger_serializes_snake_case
        PASS [   0.157s] (1876/2364) triage lifecycle::tests::default_lifecycle_heartbeat_interval_matches_obs_rule
        PASS [   0.157s] (1877/2364) triage lifecycle::tests::emit_tick_observability_emits_aggregate_transition_events
        PASS [   0.157s] (1878/2364) triage lifecycle::tests::emit_tick_observability_emits_tick_and_metrics_on_empty_registry
        PASS [   0.160s] (1879/2364) triage lifecycle::tests::emit_tick_observability_excludes_per_service_pii_fields
        PASS [   0.155s] (1880/2364) triage lifecycle::tests::emit_tick_observability_field_set_excludes_banned_pii_keys
        PASS [   0.158s] (1881/2364) triage lifecycle::tests::state_label_matches_snake_case_serde
        PASS [   0.156s] (1882/2364) triage pattern::broadcast::tests::broadcast_capacity_matches_cue_precedent
        PASS [   0.156s] (1883/2364) triage pattern::broadcast::tests::restart_event_broadcast_round_trips_payload
        PASS [   0.156s] (1884/2364) triage pattern::broadcast::tests::restart_event_broadcast_send_with_no_subscribers_is_benign
        PASS [   0.156s] (1885/2364) triage pattern::broadcast::tests::restart_event_broadcast_starts_zero_subscribers
        PASS [   0.157s] (1886/2364) triage pattern::broadcast::tests::restart_event_broadcast_subscribe_increments_count
        PASS [   0.157s] (1887/2364) triage pattern::broadcast::tests::restart_event_payload_has_no_pii_fields
        PASS [   0.157s] (1888/2364) triage pattern::broadcast::tests::restart_event_payload_serde_round_trips_through_serde
        PASS [   0.156s] (1889/2364) triage pattern::broadcast::tests::stream_name_matches_pulse_uri_convention
        PASS [   0.157s] (1890/2364) triage pattern::detector::tests::above_threshold_gap_then_resume_emits_event
        PASS [   0.156s] (1891/2364) triage pattern::detector::tests::default_heartbeat_interval_matches_obs_rule
        PASS [   0.158s] (1892/2364) triage pattern::detector::tests::detect_cycle_stats_match_emitted_count
        PASS [   0.157s] (1893/2364) triage pattern::detector::tests::first_observation_never_emits
        PASS [   0.156s] (1894/2364) triage pattern::detector::tests::multiple_services_tracked_independently
        PASS [   0.155s] (1895/2364) triage pattern::detector::tests::observation_with_decreasing_timestamp_no_emit
        PASS [   0.157s] (1896/2364) triage pattern::detector::tests::observe_and_dispatch_benign_without_subscribers
        PASS [   0.157s] (1897/2364) triage pattern::detector::tests::observe_and_dispatch_increments_emit_count_on_gap
        PASS [   0.157s] (1898/2364) triage pattern::detector::tests::observe_span_with_empty_service_dropped
        PASS [   0.141s] (1899/2364) triage pattern::detector::tests::pii_negative_canary_in_restart_emit
        PASS [   0.144s] (1900/2364) triage pattern::detector::tests::run_one_detect_cycle_reports_zero_when_empty
        PASS [   0.139s] (1901/2364) triage pattern::detector::tests::sub_threshold_gap_does_not_emit
        PASS [   0.142s] (1902/2364) triage pattern::detector::tests::tracing_emission_uses_identifier_class_fields_only
        PASS [   0.144s] (1903/2364) triage pattern::persistence::tests::fake_persistence_load_returns_none_by_default
        PASS [   0.143s] (1904/2364) triage pattern::persistence::tests::fake_persistence_load_returns_seeded_snapshot
        PASS [   0.143s] (1905/2364) triage pattern::persistence::tests::run_persist_cycle_emits_error_on_failure
        PASS [   0.145s] (1906/2364) triage pattern::persistence::tests::run_persist_cycle_invokes_save_via_fake_persistence
        PASS [   0.143s] (1907/2364) triage pattern::persistence::tests::storm_error_category_groups_io_serialize_permission
        PASS [   0.145s] (1908/2364) triage pattern::persistence::tests::storm_state_snapshot_round_trips_through_bincode
        PASS [   0.146s] (1909/2364) triage pattern::storm::tests::default_thresholds_match_spec
        PASS [   0.146s] (1910/2364) triage pattern::storm::tests::distinct_fingerprints_yield_distinct_cue_fingerprints
        PASS [   0.148s] (1911/2364) triage pattern::storm::tests::fingerprint_to_hex_prefix_yields_8_lowercase_hex_chars
        PASS [   0.146s] (1912/2364) triage pattern::storm::tests::observe_and_dispatch_storm_benign_without_subscribers
        PASS [   0.146s] (1913/2364) triage pattern::storm::tests::observe_and_dispatch_storm_broadcasts_cue_on_threshold_crossing
        PASS [   0.145s] (1914/2364) triage pattern::storm::tests::pii_negative_canary_storm_emit_does_not_leak_service_canary
        PASS [   0.143s] (1915/2364) triage pattern::storm::tests::record_occurrence_10_occurrences_emits_autonomous_at_10th_after_suggested_at_5th
        PASS [   0.146s] (1916/2364) triage pattern::storm::tests::record_occurrence_11th_in_30s_does_not_re_emit_post_autonomous
        PASS [   0.145s] (1917/2364) triage pattern::storm::tests::record_occurrence_4_occurrences_in_30s_returns_none
        PASS [   0.145s] (1918/2364) triage pattern::storm::tests::record_occurrence_5_occurrences_in_30s_returns_suggested
        PASS [   0.144s] (1919/2364) triage pattern::storm::tests::record_occurrence_60_spreads_with_max_4_in_any_30s_returns_none
        PASS [   0.144s] (1920/2364) triage pattern::storm::tests::record_occurrence_first_observation_returns_none
        PASS [   0.146s] (1921/2364) triage pattern::storm::tests::record_occurrence_per_fingerprint_isolation
        PASS [   0.145s] (1922/2364) triage pattern::storm::tests::record_occurrence_window_reset_after_full_expiration_re_emits_suggested
        PASS [   0.143s] (1923/2364) triage pattern::storm::tests::record_occurrence_with_empty_service_dropped
        PASS [   0.143s] (1924/2364) triage pattern::storm::tests::run_one_storm_cycle_keeps_recent_fingerprints
        PASS [   0.143s] (1925/2364) triage pattern::storm::tests::run_one_storm_cycle_prunes_expired_fingerprints
        PASS [   0.141s] (1926/2364) triage pattern::storm::tests::run_one_storm_cycle_reports_zero_on_empty_detector
        PASS [   0.143s] (1927/2364) triage pattern::storm::tests::synthesized_cue_carries_full_width_hex_fingerprint_not_the_tracing_prefix
        PASS [   0.143s] (1928/2364) triage pattern::storm::tests::tracing_emission_uses_identifier_class_fields_only
        PASS [   0.142s] (1929/2364) triage pattern::suppression::tests::bypass_reason_labels_match_metric_field_values
        PASS [   0.142s] (1930/2364) triage pattern::suppression::tests::bypass_reason_round_trips_through_serde
        PASS [   0.141s] (1931/2364) triage pattern::suppression::tests::bypass_scenario_12x_4pct_bypasses_via_relative
        PASS [   0.139s] (1932/2364) triage pattern::suppression::tests::bypass_scenario_6x_7pct_bypasses_via_absolute
        PASS [   0.140s] (1933/2364) triage pattern::suppression::tests::bypass_scenario_8x_3pct_does_not_bypass_suppression
        PASS [   0.139s] (1934/2364) triage pattern::suppression::tests::dual_condition_bypass_scenarios_during_active_restart_window::case_1
        PASS [   0.137s] (1935/2364) triage pattern::suppression::tests::dual_condition_bypass_scenarios_during_active_restart_window::case_2
        PASS [   0.140s] (1936/2364) triage pattern::suppression::tests::dual_condition_bypass_scenarios_during_active_restart_window::case_3
        PASS [   0.135s] (1937/2364) triage pattern::suppression::tests::evaluate_after_window_expires_does_not_suppress
        PASS [   0.135s] (1938/2364) triage pattern::suppression::tests::evaluate_keeps_long_persistence_error_rate_spike_in_active_window
        PASS [   0.137s] (1939/2364) triage pattern::suppression::tests::evaluate_keeps_non_error_rate_spike_kinds_in_active_window
        PASS [   0.138s] (1940/2364) triage pattern::suppression::tests::evaluate_relative_bypass_priority_over_absolute
        PASS [   0.138s] (1941/2364) triage pattern::suppression::tests::evaluate_suppresses_short_persistence_error_rate_spike_in_active_window
        PASS [   0.135s] (1942/2364) triage pattern::suppression::tests::evaluate_with_no_active_windows_keeps_all_cues
        PASS [   0.136s] (1943/2364) triage pattern::suppression::tests::evaluate_with_no_scope_id_does_not_match_any_window
        PASS [   0.134s] (1944/2364) triage pattern::suppression::tests::record_restart_opens_window
        PASS [   0.135s] (1945/2364) triage pattern::suppression::tests::suppression_state_starts_empty
        PASS [   0.137s] (1946/2364) triage pattern::suppression::tests::window_per_service_tracked_independently
        PASS [   0.138s] (1947/2364) ui-bridge contract::tests::app_error_ingest_serializes_to_stable_sanitized_shape
        PASS [   0.146s] (1948/2364) ui-bridge contract::tests::app_error_ingest_round_trips_through_serde
        PASS [   0.140s] (1949/2364) ui-bridge contract::tests::app_error_internal_helper_constructs_internal_variant
        PASS [   0.136s] (1950/2364) ui-bridge contract::tests::app_error_internal_round_trips_through_serde
        PASS [   0.130s] (1951/2364) ui-bridge contract::tests::app_error_not_found_round_trips_through_serde
        PASS [   0.136s] (1952/2364) ui-bridge contract::tests::app_error_plugin_round_trips_through_serde
        PASS [   0.134s] (1953/2364) ui-bridge contract::tests::app_error_storage_round_trips_through_serde
        PASS [   0.132s] (1954/2364) ui-bridge contract::tests::app_error_validation_round_trips_through_serde
        PASS [   0.134s] (1955/2364) ui-bridge contract::tests::app_info_serializes_with_required_fields
        PASS [   0.135s] (1956/2364) ui-bridge contract::tests::from_bind_failed_collapses_to_constant_message_no_struct_name_leak
        PASS [   0.132s] (1957/2364) ui-bridge contract::tests::from_buffer_append_collapses_to_constant_message
        PASS [   0.135s] (1958/2364) ui-bridge contract::tests::from_buffer_broadcast_encode_collapses_to_constant_message_no_reason_leak
        PASS [   0.134s] (1959/2364) ui-bridge contract::tests::from_buffer_broadcast_size_cap_collapses_to_constant_message_no_byte_count_leak
        PASS [   0.136s] (1960/2364) ui-bridge contract::tests::from_buffer_connection_lost_collapses_to_constant_message
        PASS [   0.139s] (1961/2364) ui-bridge contract::tests::from_buffer_emits_tracing_warn_at_correct_target
        PASS [   0.133s] (1962/2364) ui-bridge contract::tests::from_buffer_init_collapses_to_constant_message_no_struct_name_leak
        PASS [   0.134s] (1963/2364) ui-bridge contract::tests::from_buffer_invalid_batch_collapses_to_constant_message
        PASS [   1.480s] (1964/2364) triage digest::assembler::tests::assemble_with_noop_source_yields_empty_matches
        PASS [   1.493s] (1965/2364) triage digest::assembler::tests::assemble_matches_on_q1_service_scope_when_fingerprints_differ
        PASS [   1.487s] (1966/2364) triage digest::assembler::tests::assemble_routes_corpus_match_lines_through_scrub_closure
        PASS [   1.502s] (1967/2364) triage digest::assembler::tests::assemble_degrades_to_empty_matches_on_retrieval_error
        PASS [   0.153s] (1968/2364) ui-bridge contract::tests::from_buffer_retention_collapses_to_constant_message_no_struct_name_leak
        PASS [   0.149s] (1969/2364) ui-bridge contract::tests::from_buffer_schema_create_collapses_to_constant_message
        PASS [   1.504s] (1970/2364) triage digest::assembler::tests::assemble_populates_corpus_matches_from_fingerprint_match
        PASS [   0.149s] (1971/2364) ui-bridge contract::tests::from_buffer_strips_plain_language_anti_patterns::case_1
        PASS [   0.148s] (1972/2364) ui-bridge contract::tests::from_buffer_strips_plain_language_anti_patterns::case_2
        PASS [   0.150s] (1973/2364) ui-bridge contract::tests::from_channel_full_collapses_to_constant_message
        PASS [   0.149s] (1974/2364) ui-bridge contract::tests::from_ingest_emits_tracing_warn_at_correct_target
        PASS [   0.148s] (1975/2364) ui-bridge contract::tests::from_ingest_strips_plain_language_anti_patterns::case_1
        PASS [   0.149s] (1976/2364) ui-bridge contract::tests::from_ingest_strips_plain_language_anti_patterns::case_2
        PASS [   0.146s] (1977/2364) ui-bridge contract::tests::from_invalid_port_collapses_to_constant_message
        PASS [   0.137s] (1978/2364) ui-bridge contract::tests::from_invariant_message_does_not_leak_kind_or_lengths
        PASS [   0.139s] (1979/2364) ui-bridge contract::tests::from_invariant_violation_collapses_to_constant_message
        PASS [   0.143s] (1980/2364) ui-bridge contract::tests::from_mcp_server_env_var_disabled_collapses_to_constant_message_no_leak
        PASS [   0.146s] (1981/2364) ui-bridge contract::tests::from_mcp_server_env_var_disabled_emits_tracing_warn_at_internal_target
        PASS [   0.146s] (1982/2364) ui-bridge contract::tests::from_mcp_server_io_error_emits_tracing_warn_at_internal_target
        PASS [   0.144s] (1983/2364) ui-bridge contract::tests::from_mcp_server_json_rpc_framing_collapses_to_constant_message_no_leak
        PASS [   0.143s] (1984/2364) ui-bridge contract::tests::from_mcp_server_rmcp_init_collapses_to_constant_message_no_leak
        PASS [   0.144s] (1985/2364) ui-bridge contract::tests::from_mcp_server_tool_args_invalid_collapses_to_constant_message_no_leak
        PASS [   0.141s] (1986/2364) ui-bridge contract::tests::from_mcp_server_tool_dispatch_failed_collapses_to_constant_message_no_leak
        PASS [   0.140s] (1987/2364) ui-bridge contract::tests::from_plugins_capability_rejected_collapses_to_plugin_no_leak
        PASS [   0.142s] (1988/2364) ui-bridge contract::tests::from_plugins_capability_rejected_emits_tracing_warn_at_plugin_target
        PASS [   0.142s] (1989/2364) ui-bridge contract::tests::from_plugins_component_instantiate_collapses_to_plugin_no_leak
        PASS [   0.140s] (1990/2364) ui-bridge contract::tests::from_plugins_load_failed_collapses_to_plugin_no_leak
        PASS [   0.138s] (1991/2364) ui-bridge contract::tests::from_plugins_load_failed_emits_tracing_warn_at_plugin_target
        PASS [   0.136s] (1992/2364) ui-bridge contract::tests::from_plugins_not_found_collapses_to_plugin_constant_message
        PASS [   0.140s] (1993/2364) ui-bridge contract::tests::from_plugins_not_found_emits_tracing_warn_at_plugin_target
        PASS [   0.142s] (1994/2364) ui-bridge contract::tests::from_plugins_path_canonicalization_failed_collapses_to_validation
        PASS [   0.131s] (1995/2364) ui-bridge contract::tests::from_plugins_path_canonicalization_failed_emits_tracing_warn_at_validation_target
        PASS [   0.137s] (1996/2364) ui-bridge contract::tests::from_plugins_placeholder_collapses_to_constant_message_no_leak
        PASS [   0.141s] (1997/2364) ui-bridge contract::tests::from_plugins_placeholder_emits_tracing_warn_at_internal_target
        PASS [   0.142s] (1998/2364) ui-bridge contract::tests::from_plugins_resource_limit_exceeded_collapses_to_plugin_no_leak
        PASS [   0.140s] (1999/2364) ui-bridge contract::tests::from_plugins_resource_limit_exceeded_emits_tracing_warn_at_plugin_target
        PASS [   0.143s] (2000/2364) ui-bridge contract::tests::from_plugins_wit_load_collapses_to_plugin_no_leak
        PASS [   0.147s] (2001/2364) ui-bridge contract::tests::from_serve_failed_collapses_to_constant_message
        PASS [   0.143s] (2002/2364) ui-bridge contract::tests::from_snapshot_emits_tracing_warn_at_internal_target
        PASS [   0.146s] (2003/2364) ui-bridge contract::tests::from_snapshot_empty_input_collapses_to_constant_message
        PASS [   0.143s] (2004/2364) ui-bridge contract::tests::from_snapshot_invalid_span_record_collapses_to_constant_message_no_kind_leak
        PASS [   0.144s] (2005/2364) ui-bridge contract::tests::from_snapshot_latency_degenerate_collapses_to_constant_message_no_reason_leak
        PASS [   0.145s] (2006/2364) ui-bridge contract::tests::from_snapshot_orphan_parent_span_collapses_to_constant_message_no_id_leak
        PASS [   0.143s] (2007/2364) ui-bridge contract::tests::from_snapshot_serializes_to_internal_kind_with_no_leak::case_1
        PASS [   0.144s] (2008/2364) ui-bridge contract::tests::from_snapshot_serializes_to_internal_kind_with_no_leak::case_2
        PASS [   0.142s] (2009/2364) ui-bridge contract::tests::from_snapshot_serializes_to_internal_kind_with_no_leak::case_3
        PASS [   0.142s] (2010/2364) ui-bridge contract::tests::from_snapshot_serializes_to_internal_kind_with_no_leak::case_4
        PASS [   0.142s] (2011/2364) ui-bridge contract::tests::from_viz_connection_lost_collapses_to_constant_message
        PASS [   0.142s] (2012/2364) ui-bridge contract::tests::from_viz_decode_collapses_to_constant_message_no_struct_name_leak
        PASS [   0.142s] (2013/2364) ui-bridge contract::tests::from_viz_invalid_argument_emits_tracing_warn_at_validation_target
        PASS [   0.140s] (2014/2364) ui-bridge contract::tests::from_viz_invalid_argument_preserves_field_strips_reason_internals
        PASS [   0.142s] (2015/2364) ui-bridge contract::tests::from_viz_query_failed_collapses_to_constant_message_no_leak
        PASS [   0.141s] (2016/2364) ui-bridge contract::tests::from_viz_query_failed_emits_tracing_warn_at_storage_target
        PASS [   0.141s] (2017/2364) ui-bridge contract::tests::from_viz_query_failed_serializes_to_stable_sanitized_shape
        PASS [   0.142s] (2018/2364) ui-bridge contract::tests::from_viz_strips_plain_language_anti_patterns::case_1
        PASS [   0.142s] (2019/2364) ui-bridge contract::tests::from_workspace_detector_canonicalization_failed_collapses_to_validation_no_leak
        PASS [   0.140s] (2020/2364) ui-bridge contract::tests::from_workspace_detector_io_failure_collapses_to_storage_no_leak
        PASS [   0.144s] (2021/2364) ui-bridge contract::tests::from_workspace_detector_io_failure_emits_tracing_warn_at_storage_target
        PASS [   0.141s] (2022/2364) ui-bridge contract::tests::from_workspace_detector_path_traversal_collapses_to_validation_no_leak
        PASS [   0.144s] (2023/2364) ui-bridge contract::tests::from_workspace_detector_path_traversal_emits_tracing_warn_at_validation_target
        PASS [   0.141s] (2024/2364) ui-bridge contract::tests::ready_envelope_serializes_with_required_fields
        PASS [   0.140s] (2025/2364) ui-bridge contract::tests::settings_default_always_on_top_is_true
        PASS [   0.142s] (2026/2364) ui-bridge contract::tests::settings_default_cadence_knobs_match_route_spec
        PASS [   0.140s] (2027/2364) ui-bridge contract::tests::settings_default_drain_knobs_match_route_spec
        PASS [   0.141s] (2028/2364) ui-bridge contract::tests::settings_default_lifecycle_thresholds_are_3600_and_86400
        PASS [   0.142s] (2029/2364) ui-bridge contract::tests::settings_default_notifications_enabled_true_mcp_disabled
        PASS [   0.140s] (2030/2364) ui-bridge contract::tests::settings_default_retention_seconds_is_600
        PASS [   0.141s] (2031/2364) ui-bridge contract::tests::settings_default_snapshot_format_is_markdown
        PASS [   0.141s] (2032/2364) ui-bridge contract::tests::settings_default_snapshot_preset_is_balanced
        PASS [   0.141s] (2033/2364) ui-bridge contract::tests::settings_default_theme_is_dark
        PASS [   0.140s] (2034/2364) ui-bridge contract::tests::settings_default_widget_position_is_top_right
        PASS [   0.142s] (2035/2364) ui-bridge contract::tests::settings_partial_deserialize_uses_defaults_for_missing_cadence_fields
        PASS [   0.141s] (2036/2364) ui-bridge contract::tests::settings_partial_deserialize_uses_defaults_for_missing_drain_fields
        PASS [   0.143s] (2037/2364) ui-bridge contract::tests::settings_partial_deserialize_uses_defaults_for_missing_fields
        PASS [   0.142s] (2038/2364) ui-bridge contract::tests::settings_partial_deserialize_uses_defaults_for_missing_snapshot_fields
        PASS [   0.141s] (2039/2364) ui-bridge contract::tests::settings_round_trips_through_serde
        PASS [   0.141s] (2040/2364) ui-bridge contract::tests::settings_serde_round_trips_lifecycle_thresholds
        PASS [   0.143s] (2041/2364) ui-bridge contract::tests::settings_validate_accepts_cadence_extremes_within_range
        PASS [   0.140s] (2042/2364) ui-bridge contract::tests::settings_validate_accepts_default_cadence_knobs
        PASS [   0.144s] (2043/2364) ui-bridge contract::tests::settings_validate_accepts_default_drain_knobs
        PASS [   0.143s] (2044/2364) ui-bridge contract::tests::settings_validate_accepts_default_lifecycle_thresholds
        PASS [   0.144s] (2045/2364) ui-bridge contract::tests::settings_validate_accepts_drain_extremes_within_range
        PASS [   0.142s] (2046/2364) ui-bridge contract::tests::settings_validate_accepts_in_range_retention
        PASS [   0.143s] (2047/2364) ui-bridge contract::tests::settings_validate_rejects_above_max_cadence_baseline
        PASS [   0.142s] (2048/2364) ui-bridge contract::tests::settings_validate_rejects_above_max_drain_depth
        PASS [   0.141s] (2049/2364) ui-bridge contract::tests::settings_validate_rejects_above_max_drain_max_clusters
        PASS [   0.142s] (2050/2364) ui-bridge contract::tests::settings_validate_rejects_above_max_drain_similarity_x100
        PASS [   0.142s] (2051/2364) ui-bridge contract::tests::settings_validate_rejects_above_max_retention
        PASS [   0.140s] (2052/2364) ui-bridge contract::tests::settings_validate_rejects_archived_below_dormant
        PASS [   0.142s] (2053/2364) ui-bridge contract::tests::settings_validate_rejects_below_min_cadence_accelerated
        PASS [   0.140s] (2054/2364) ui-bridge contract::tests::settings_validate_rejects_below_min_cadence_baseline
        PASS [   0.140s] (2055/2364) ui-bridge contract::tests::settings_validate_rejects_below_min_cadence_reflection
        PASS [   0.141s] (2056/2364) ui-bridge contract::tests::settings_validate_rejects_below_min_drain_depth
        PASS [   0.141s] (2057/2364) ui-bridge contract::tests::settings_validate_rejects_below_min_drain_max_clusters
        PASS [   0.141s] (2058/2364) ui-bridge contract::tests::settings_validate_rejects_below_min_drain_similarity_x100
        PASS [   0.159s] (2059/2364) ui-bridge contract::tests::settings_validate_rejects_below_min_lifecycle_dormant
        PASS [   0.155s] (2060/2364) ui-bridge contract::tests::settings_validate_rejects_below_min_retention
        PASS [   0.157s] (2061/2364) ui-bridge contract::tests::settings_validate_rejects_zero_lifecycle_archived
        PASS [   0.159s] (2062/2364) ui-bridge contract::tests::snapshot_format_serializes_lowercase
        PASS [   0.157s] (2063/2364) ui-bridge contract::tests::snapshot_preset_serializes_snake_case
        PASS [   0.161s] (2064/2364) ui-bridge contract::tests::theme_serializes_lowercase
        PASS [   0.160s] (2065/2364) ui-bridge contract::tests::widget_position_serializes_kebab_case
        PASS [   0.164s] (2066/2364) ui-bridge health::introspection_tests::app_info_returns_andromeda_pulse_name_and_compile_time_versions
        PASS [   0.162s] (2067/2364) ui-bridge health::introspection_tests::get_settings_returns_default_when_config_file_missing
        PASS [   0.163s] (2068/2364) ui-bridge health::introspection_tests::health_returns_envelope_with_six_subsystems
        PASS [   0.165s] (2069/2364) ui-bridge health::introspection_tests::ready_buffer_stats_zero_without_buffer_state
        PASS [   0.173s] (2070/2364) ui-bridge health::introspection_tests::get_settings_returns_storage_error_when_config_unparseable
        PASS [   0.163s] (2071/2364) ui-bridge health::introspection_tests::ready_populates_buffer_stats_from_buffer_state
        PASS [   0.161s] (2072/2364) ui-bridge health::introspection_tests::ready_reports_mcp_server_enabled_from_features
        PASS [   0.163s] (2073/2364) ui-bridge health::introspection_tests::ready_returns_envelope_with_required_check_keys
        PASS [   0.163s] (2074/2364) ui-bridge health::introspection_tests::update_settings_rejects_above_max_retention
        PASS [   0.172s] (2075/2364) ui-bridge health::introspection_tests::update_settings_persists_to_config_toml_and_get_returns_round_trip
        PASS [   0.164s] (2076/2364) ui-bridge health::introspection_tests::update_settings_rejects_below_min_retention_with_validation_error
        PASS [   0.162s] (2077/2364) ui-bridge health::tests::current_health_degrades_on_buffer_init_failure
        PASS [   0.161s] (2078/2364) ui-bridge health::tests::current_health_degrades_on_buffer_retention_failure
        PASS [   0.163s] (2079/2364) ui-bridge health::tests::current_health_degrades_on_http_bind_failure
        PASS [   0.161s] (2080/2364) ui-bridge health::tests::current_health_degrades_on_ingest_channel_saturated
        PASS [   0.162s] (2081/2364) ui-bridge health::tests::current_health_degrades_on_viz_query_failure
        PASS [   0.161s] (2082/2364) ui-bridge health::tests::current_health_includes_six_subsystems_when_no_state_registered
        PASS [   0.162s] (2083/2364) ui-bridge health::tests::heartbeat_state_buffer_connection_slot_starts_empty
        PASS [   0.162s] (2084/2364) ui-bridge health::tests::heartbeat_state_ingest_channel_slot_starts_empty
        PASS [   0.162s] (2085/2364) ui-bridge health::tests::heartbeat_state_otlp_bind_slot_starts_empty
        PASS [   0.163s] (2086/2364) ui-bridge health::tests::heartbeat_state_otlp_http_bind_slot_starts_empty
        PASS [   0.162s] (2087/2364) ui-bridge health::tests::heartbeat_state_records_and_reads_per_module
        PASS [   0.165s] (2088/2364) ui-bridge health::tests::heartbeat_state_records_buffer_connection_ok_and_failed
        PASS [   0.164s] (2089/2364) ui-bridge health::tests::heartbeat_state_records_buffer_connection_retention_failed
        PASS [   0.147s] (2090/2364) ui-bridge health::tests::heartbeat_state_records_ingest_channel_ok_and_saturated
        PASS [   0.152s] (2091/2364) ui-bridge health::tests::heartbeat_state_records_otlp_bind_ok_and_failed
        PASS [   0.150s] (2092/2364) ui-bridge health::tests::heartbeat_state_records_otlp_http_bind_ok_and_failed
        PASS [   0.147s] (2093/2364) ui-bridge health::tests::heartbeat_state_records_viz_query_ok_and_failed
        PASS [   0.149s] (2094/2364) ui-bridge health::tests::heartbeat_state_viz_query_slot_starts_empty
        PASS [   0.146s] (2095/2364) ui-bridge health::tests::placeholders_includes_six_subsystems_with_no_ticks
        PASS [   0.147s] (2096/2364) ui-bridge health::tests::subsystem_status_initialized_has_no_tick
        PASS [   0.142s] (2097/2364) ui-bridge telemetry::tests::capture_helper_records_synchronous_emission
        PASS [   0.144s] (2098/2364) ui-bridge telemetry::tests::coerce_window_label_collapses_unknown_to_constant
        PASS [   0.140s] (2099/2364) ui-bridge telemetry::tests::constellation_hue_latency_input_rejects_unknown_severity_tier
        PASS [   0.137s] (2100/2364) ui-bridge telemetry::tests::delegated_timing_resolvers_reject_non_finite_duration
        PASS [   0.141s] (2101/2364) ui-bridge telemetry::tests::frame_duration_input_rejects_unknown_wgpu_backend
        PASS [   0.145s] (2102/2364) ui-bridge telemetry::tests::frame_duration_input_round_trips_through_serde
        PASS [   0.145s] (2103/2364) ui-bridge telemetry::tests::hue_severity_tier_serializes_lowercase_bounded_labels
        PASS [   0.145s] (2104/2364) ui-bridge telemetry::tests::ipc_rejection_category_serializes_snake_case_bounded_labels
        PASS [   0.145s] (2105/2364) ui-bridge telemetry::tests::ipc_rejection_input_rejects_unknown_category
        PASS [   0.143s] (2106/2364) ui-bridge telemetry::tests::record_constellation_discovery_latency_emits_exact_target_with_aggregate_count
        PASS [   0.147s] (2107/2364) ui-bridge telemetry::tests::record_constellation_discovery_latency_rejects_implausible_count
        PASS [   0.151s] (2108/2364) ui-bridge telemetry::tests::record_constellation_hue_latency_emits_exact_target_with_severity_label
        PASS [   0.151s] (2109/2364) ui-bridge telemetry::tests::record_findings_counter_refresh_emits_exact_target
        PASS [   0.150s] (2110/2364) ui-bridge telemetry::tests::record_frame_ms_emits_tracing_info_at_metric_target_on_success
        PASS [   0.151s] (2111/2364) ui-bridge telemetry::tests::record_frame_ms_returns_validation_error_on_nan
        PASS [   0.152s] (2112/2364) ui-bridge telemetry::tests::record_frame_ms_returns_validation_error_on_negative_duration
        PASS [   0.151s] (2113/2364) ui-bridge telemetry::tests::record_ipc_rejection_emits_at_warn_level
        PASS [   0.154s] (2114/2364) ui-bridge telemetry::tests::record_ipc_rejection_emits_exact_target_with_coerced_label_and_category
        PASS [   0.152s] (2115/2364) ui-bridge telemetry::tests::record_ipc_rejection_rejects_implausible_payload_bytes_without_emitting
        PASS [   0.151s] (2116/2364) ui-bridge telemetry::tests::timing_method_serializes_lowercase
        PASS [   0.150s] (2117/2364) ui-bridge telemetry::tests::validate_discovered_count_accepts_zero_and_max_boundary
        PASS [   0.153s] (2118/2364) ui-bridge telemetry::tests::validate_discovered_count_rejects_above_max
        PASS [   0.147s] (2119/2364) ui-bridge telemetry::tests::validate_duration_ms_accepts_max_boundary
        PASS [   0.150s] (2120/2364) ui-bridge telemetry::tests::validate_duration_ms_accepts_typical_60fps_frame
        PASS [   0.148s] (2121/2364) ui-bridge telemetry::tests::validate_duration_ms_accepts_zero
        PASS [   0.148s] (2122/2364) ui-bridge telemetry::tests::validate_duration_ms_rejects_above_max
        PASS [   0.151s] (2123/2364) ui-bridge telemetry::tests::validate_duration_ms_rejects_nan
        PASS [   0.149s] (2124/2364) ui-bridge telemetry::tests::validate_duration_ms_rejects_negative
        PASS [   0.150s] (2125/2364) ui-bridge telemetry::tests::validate_duration_ms_rejects_negative_infinity
        PASS [   0.150s] (2126/2364) ui-bridge telemetry::tests::validate_duration_ms_rejects_positive_infinity
        PASS [   0.150s] (2127/2364) ui-bridge telemetry::tests::validate_payload_bytes_accepts_zero_and_max_boundary
        PASS [   0.152s] (2128/2364) ui-bridge telemetry::tests::validate_payload_bytes_rejects_above_max
        PASS [   0.151s] (2129/2364) ui-bridge telemetry::tests::webview_backend_serializes_lowercase
        PASS [   0.149s] (2130/2364) ui-bridge telemetry::tests::wgpu_backend_serializes_lowercase_per_obs_cardinality_discipline
        PASS [   0.153s] (2131/2364) ui-bridge workspace_ipc::tests::ctx_to_dto_extracts_basenames_only
        PASS [   0.155s] (2132/2364) ui-bridge workspace_ipc::tests::detect_emits_info_at_workspace_detect_target_for_marker_dir
        PASS [   0.153s] (2133/2364) ui-bridge workspace_ipc::tests::detect_returns_validation_appror_for_nonexistent_path
        PASS [   0.155s] (2134/2364) ui-bridge workspace_ipc::tests::detect_returns_validation_appror_for_traversal_path
        PASS [   0.155s] (2135/2364) viz contract::tests::error_connection_lost_displays_constant
        PASS [   0.148s] (2136/2364) viz contract::tests::error_decode_displays_reason
        PASS [   0.148s] (2137/2364) viz contract::tests::error_invalid_argument_carries_field_and_reason
        PASS [   0.150s] (2138/2364) viz contract::tests::error_query_failed_displays_reason
        PASS [   0.146s] (2139/2364) viz contract::tests::heartbeat_payload_default_state_is_all_zero
        PASS [   0.148s] (2140/2364) viz contract::tests::heartbeat_payload_reflects_recorded_query_latency_avg
        PASS [   0.147s] (2141/2364) viz contract::tests::heartbeat_payload_reflects_subscribers_active_count
        PASS [   0.151s] (2142/2364) viz query::tests::compute_window_with_cursor_inside_window_uses_cursor_as_end
        PASS [   0.145s] (2143/2364) viz query::tests::compute_window_with_cursor_outside_window_clamps_end_to_start
        PASS [   0.149s] (2144/2364) viz query::tests::compute_window_without_cursor_uses_max_as_end
        PASS [   0.145s] (2145/2364) viz query::tests::cursor_round_trip_preserves_value
        PASS [   0.148s] (2146/2364) viz query::tests::decode_cursor_rejects_garbage_after_prefix
        PASS [   0.147s] (2147/2364) viz query::tests::decode_cursor_rejects_unprefixed_input
        PASS [   0.148s] (2148/2364) viz query::tests::hex_encode_round_trips_known_bytes
        PASS [   0.146s] (2149/2364) viz query::tests::log_row_round_trips_through_serde_with_new_fields
        PASS [   0.148s] (2150/2364) viz query::tests::metric_row_round_trips_through_serde_with_new_fields
        PASS [   0.178s] (2151/2364) viz query::tests::trace_row_round_trips_through_serde_with_new_fields
        PASS [   0.176s] (2152/2364) viz query::tests::validate_args_accepts_in_range
        PASS [   0.180s] (2153/2364) viz query::tests::validate_args_rejects_above_max
        PASS [   0.182s] (2154/2364) viz query::tests::validate_args_rejects_zero_limit
        PASS [   0.186s] (2155/2364) viz state::tests::concurrent_record_query_latency_accumulates_correctly
        PASS [   0.182s] (2156/2364) viz state::tests::inc_dec_subscribers_tracks_count
        PASS [   0.189s] (2157/2364) viz state::tests::record_query_latency_accumulates_avg
        PASS [   0.187s] (2158/2364) viz state::tests::snapshot_avg_zero_when_no_queries_recorded
        PASS [   0.191s] (2159/2364) viz state::tests::snapshot_is_zero_at_init
        PASS [   0.199s] (2160/2364) workspace-detector contract::tests::absent_published_key_reads_as_none
        PASS [   0.194s] (2161/2364) workspace-detector contract::tests::error_canonicalization_display_includes_reason
        PASS [   0.200s] (2162/2364) workspace-detector contract::tests::empty_or_control_character_published_key_is_rejected
        PASS [   0.268s] (2163/2364) viz query::tests::query_traces_returns_invalid_argument_on_zero_limit
        PASS [   0.195s] (2164/2364) workspace-detector contract::tests::error_path_traversal_display_includes_reason
        PASS [   0.280s] (2165/2364) viz query::tests::query_traces_returns_connection_lost_on_poisoned_mutex
        PASS [   0.269s] (2166/2364) viz query::tests::read_connection_returns_a_distinct_usable_connection
        PASS [   0.090s] (2167/2364) workspace-detector contract::tests::published_key_round_trips_through_the_data_dir
        PASS [   0.213s] (2168/2364) workspace-detector contract::tests::oversized_published_key_is_rejected
        PASS [   0.280s] (2169/2364) viz query::tests::query_traces_sql_injection_via_cursor_is_rejected_safely
        PASS [   0.091s] (2170/2364) workspace-detector contract::tests::raw_and_verbatim_entry_forms_of_one_directory_resolve_to_one_key
        PASS [   0.302s] (2171/2364) viz query::tests::query_traces_returns_empty_envelope_when_no_data_in_window
        PASS [   0.325s] (2172/2364) viz query::tests::query_traces_populates_service_duration_error_count
        PASS [   0.344s] (2173/2364) viz query::tests::query_metrics_returns_seeded_rows
        PASS [   0.340s] (2174/2364) viz query::tests::query_traces_clamps_negative_duration_to_zero
        PASS [   0.365s] (2175/2364) viz query::tests::query_logs_returns_seeded_rows
        PASS [   0.091s] (2176/2364) workspace-detector contract::tests::vcs_type_serializes_snake_case
        PASS [   0.338s] (2177/2364) viz query::tests::query_traces_orders_by_completion_so_slow_erroring_spans_surface
        PASS [   0.324s] (2178/2364) viz query::tests::query_traces_records_query_latency_into_state
        PASS [   0.107s] (2179/2364) workspace-detector contract::tests::published_key_survives_a_trailing_newline
        PASS [   0.303s] (2180/2364) viz query::tests::query_traces_returns_seeded_rows_in_descending_ts_order
        PASS [   0.365s] (2181/2364) viz query::tests::query_metrics_populates_value_and_kind
        PASS [   0.358s] (2182/2364) viz query::tests::query_metrics_returns_empty_labels_for_attributeless_points
        PASS [   0.356s] (2183/2364) viz query::tests::query_metrics_returns_labels_distinguishing_otherwise_identical_points
        PASS [   0.376s] (2184/2364) viz query::tests::query_logs_populates_body_severity_text_and_correlation_ids
        PASS [   0.086s] (2185/2364) workspace-detector contract::tests::workspace_key_falls_back_to_data_dir_when_detection_failed
        PASS [   0.090s] (2186/2364) workspace-detector contract::tests::workspace_context_round_trips_through_serde
        PASS [   0.079s] (2187/2364) workspace-detector contract::tests::workspace_key_returns_the_detected_root_verbatim_including_verbatim_prefix
        PASS [   0.339s] (2188/2364) viz query::tests::query_traces_pagination_emits_next_cursor_when_full_page_returned
        PASS [   0.076s] (2189/2364) workspace-detector contract::tests::workspace_key_uses_detected_root_not_data_dir
        PASS [   0.068s] (2190/2364) workspace-detector detect::tests::detects_workspace_with_andromeda_marker_only
        PASS [   0.082s] (2191/2364) workspace-detector detect::tests::detects_workspace_with_andromeda_marker_and_git
        PASS [   0.066s] (2192/2364) workspace-detector detect::tests::detects_workspace_without_andromeda_marker_returns_false_flag
        PASS [   0.069s] (2193/2364) workspace-detector detect::tests::rejects_nonexistent_candidate_with_canonicalization_failed
        PASS [   0.069s] (2194/2364) workspace-detector detect::tests::rejects_path_with_parent_dir_traversal
        PASS [   0.077s] (2195/2364) workspace-detector marker::tests::returns_false_when_marker_is_a_file_not_dir
        PASS [   0.079s] (2196/2364) workspace-detector marker::tests::returns_false_when_no_marker
        PASS [   0.072s] (2197/2364) workspace-detector marker::tests::returns_true_when_marker_dir_exists
        PASS [   0.074s] (2198/2364) workspace-detector vcs::tests::returns_metadata_with_short_sha_for_detached_head
        PASS [   0.075s] (2199/2364) workspace-detector vcs::tests::returns_none_when_no_git_dir
        PASS [   0.084s] (2200/2364) workspace-detector vcs::tests::returns_metadata_with_short_sha_for_loose_ref
        PASS [   0.084s] (2201/2364) workspace-detector vcs::tests::returns_metadata_without_basename_when_ref_unresolvable
        PASS [   0.081s] (2202/2364) workspace-detector vcs::tests::walks_up_from_subdirectory
        PASS [   0.081s] (2203/2364) xtask::bin/xtask bundle_format::tests::from_path_recognizes_each_format
        PASS [   0.082s] (2204/2364) xtask::bin/xtask bundle_format::tests::expected_backends_align_with_pulse_app_window_module
        PASS [   0.087s] (2205/2364) xtask::bin/xtask bundle_format::tests::from_path_returns_none_on_unknown_extension
        PASS [   0.091s] (2206/2364) xtask::bin/xtask bundle_format::tests::from_str_round_trips_clap_value_enum_form
        PASS [   0.094s] (2207/2364) xtask::bin/xtask bundle_format::tests::host_platform_matches_format_origin
        PASS [   0.101s] (2208/2364) xtask::bin/xtask capability_drift_tests::drift_clean_when_sets_match
        PASS [   0.103s] (2209/2364) xtask::bin/xtask capability_drift_tests::drift_detected_when_extra_procedure_present
        PASS [   0.108s] (2210/2364) xtask::bin/xtask capability_drift_tests::expected_procedures_includes_chunk_27_introspection_envelope
        PASS [   0.010s] (2211/2364) xtask::bin/xtask gap_resume::tests::a_gap_arm_pass_with_a_storm_is_a_pass
        PASS [   0.113s] (2212/2364) xtask::bin/xtask capability_drift_tests::expected_procedures_includes_connection_namespace_at_chunk_59
        PASS [   0.117s] (2213/2364) xtask::bin/xtask capability_drift_tests::expected_procedures_includes_diagnostics_namespace_at_chunk_69
        PASS [   0.120s] (2214/2364) xtask::bin/xtask capability_drift_tests::expected_procedures_includes_diagnostics_retry_interpretation_at_chunk_86
        PASS [   0.124s] (2215/2364) xtask::bin/xtask capability_drift_tests::expected_procedures_includes_diagnostics_snapshot_and_history_at_chunk_97
        PASS [   0.128s] (2216/2364) xtask::bin/xtask capability_drift_tests::expected_procedures_includes_get_report_at_chunk_88
        PASS [   0.132s] (2217/2364) xtask::bin/xtask capability_drift_tests::expected_procedures_includes_incidents_namespace_at_chunk_78
        PASS [   0.136s] (2218/2364) xtask::bin/xtask capability_drift_tests::expected_procedures_includes_mark_all_read_at_chunk_87
        PASS [   0.140s] (2219/2364) xtask::bin/xtask capability_drift_tests::expected_procedures_includes_mcp_namespace_at_chunk_49
        PASS [   0.143s] (2220/2364) xtask::bin/xtask capability_drift_tests::expected_procedures_includes_model_namespace_at_chunk_82
        PASS [   0.134s] (2221/2364) xtask::bin/xtask capability_drift_tests::expected_procedures_includes_plugins_namespace_at_chunk_47
        PASS [   0.139s] (2222/2364) xtask::bin/xtask capability_drift_tests::expected_procedures_includes_services_list_with_states_at_chunk_67
        PASS [   0.142s] (2223/2364) xtask::bin/xtask capability_drift_tests::expected_procedures_includes_storage_namespace_at_chunk_68
        PASS [   0.142s] (2224/2364) xtask::bin/xtask capability_drift_tests::parse_bindings_extracts_namespaced_procedures
        PASS [   0.142s] (2225/2364) xtask::bin/xtask capability_drift_tests::parse_bindings_handles_streams_router
        PASS [   0.139s] (2226/2364) xtask::bin/xtask capability_drift_tests::parse_bindings_handles_top_level_procedures_via_empty_router
        PASS [   0.139s] (2227/2364) xtask::bin/xtask capability_drift_tests::parse_bindings_missing_args_map_returns_err
        PASS [   0.137s] (2228/2364) xtask::bin/xtask external_resolve::tests::a_storm_that_never_formed_is_inconclusive_not_a_pass
        PASS [   0.139s] (2229/2364) xtask::bin/xtask external_resolve::tests::a_surviving_decline_fails_even_when_reconciliation_counted
        PASS [   0.129s] (2230/2364) xtask::bin/xtask external_resolve::tests::a_window_with_no_persist_cycle_is_inconclusive
        PASS [   0.131s] (2231/2364) xtask::bin/xtask external_resolve::tests::an_observe_window_below_two_persist_cycles_is_refused
        PASS [   0.135s] (2232/2364) xtask::bin/xtask external_resolve::tests::an_unapplied_sidecar_resolve_is_inconclusive_not_a_pass
        PASS [   0.136s] (2233/2364) xtask::bin/xtask external_resolve::tests::evidence_splits_on_the_resolve_marker
        PASS [   0.135s] (2234/2364) xtask::bin/xtask external_resolve::tests::the_green_shape_passes
        PASS [   0.138s] (2235/2364) xtask::bin/xtask external_resolve::tests::the_measured_red_and_green_shapes_are_told_apart
        PASS [   0.137s] (2236/2364) xtask::bin/xtask external_resolve::tests::the_pre_fix_signature_fails
        PASS [   0.136s] (2237/2364) xtask::bin/xtask external_resolve::tests::the_pre_fix_signature_names_the_decline_count
        PASS [   0.137s] (2238/2364) xtask::bin/xtask gap_resume::tests::a_gap_arm_drain_with_no_rejected_append_is_inconclusive
        PASS [   0.233s] (2239/2364) xtask::bin/xtask capability_drift_tests::expected_procedures_includes_config_hot_reload_at_chunk_96
        PASS [   0.136s] (2240/2364) xtask::bin/xtask gap_resume::tests::a_gap_arm_pass_without_a_storm_is_inconclusive_not_a_pass
        PASS [   0.136s] (2241/2364) xtask::bin/xtask gap_resume::tests::a_rejected_append_is_counted_from_the_reject_reason_field
        PASS [   0.138s] (2242/2364) xtask::bin/xtask gap_resume::tests::a_stall_record_fails_both_arms_regardless_of_evidence
        PASS [   0.138s] (2243/2364) xtask::bin/xtask gap_resume::tests::a_tickless_run_is_inconclusive_in_every_arm
        PASS [   0.138s] (2244/2364) xtask::bin/xtask gap_resume::tests::an_observe_window_below_the_stall_threshold_is_refused
        PASS [   0.139s] (2245/2364) xtask::bin/xtask gap_resume::tests::feed_evidence_counts_appends_and_is_independent_of_the_storm
        PASS [   0.139s] (2246/2364) xtask::bin/xtask gap_resume::tests::storm_evidence_counts_only_the_silence_family
        PASS [   0.138s] (2247/2364) xtask::bin/xtask gap_resume::tests::storm_has_not_fired_without_both_halves
        PASS [   0.137s] (2248/2364) xtask::bin/xtask gap_resume::tests::the_control_arm_requires_the_storm_to_be_absent
        PASS [   0.154s] (2249/2364) xtask::bin/xtask gap_resume::tests::the_reconnect_arm_requires_a_delivered_feed_and_no_storm
        PASS [   0.151s] (2250/2364) xtask::bin/xtask harness_status::tests::boundary_age_is_still_healthy
        PASS [   0.154s] (2251/2364) xtask::bin/xtask harness_status::tests::newest_family_member_prefers_latest_mtime_and_reads_the_family
        PASS [   0.151s] (2252/2364) xtask::bin/xtask harness_status::tests::no_pidfile_is_not_running_regardless_of_logs
        PASS [   0.152s] (2253/2364) xtask::bin/xtask harness_status::tests::pid_with_fresh_log_writes_is_running_healthy
        PASS [   0.152s] (2254/2364) xtask::bin/xtask harness_status::tests::pid_with_old_log_writes_is_stale
        PASS [   0.151s] (2255/2364) xtask::bin/xtask harness_status::tests::pid_without_any_log_family_is_stale
        PASS [   0.153s] (2256/2364) xtask::bin/xtask ingest_progress::tests::a_recovery_announcement_does_not_fail_the_run
        PASS [   0.152s] (2257/2364) xtask::bin/xtask ingest_progress::tests::a_stall_announcement_fails_the_run
        PASS [   0.165s] (2258/2364) xtask::bin/xtask harness_status::tests::read_pid_rejects_garbage_content
        PASS [   0.152s] (2259/2364) xtask::bin/xtask ingest_progress::tests::advancing_ticks_pass
        PASS [   0.151s] (2260/2364) xtask::bin/xtask ingest_progress::tests::empty_stream_is_neutral_not_failure
        PASS [   0.155s] (2261/2364) xtask::bin/xtask ingest_progress::tests::ticks_without_progress_fields_are_neutral_on_progress_but_still_counted
        PASS [   0.153s] (2262/2364) xtask::bin/xtask ingest_progress::tests::zero_delta_alone_is_not_a_failure
        PASS [   0.158s] (2263/2364) xtask::bin/xtask npm_gate::tests::advisory_with_exception_is_green_and_without_is_red
        PASS [   0.157s] (2264/2364) xtask::bin/xtask npm_gate::tests::bans_prefix_matches_scoped_family_and_exact_matches_bare_name
        PASS [   0.158s] (2265/2364) xtask::bin/xtask npm_gate::tests::classify_audit_error_json_is_infra_not_findings
        PASS [   0.157s] (2266/2364) xtask::bin/xtask npm_gate::tests::extract_advisories_dedupes_object_vias_and_skips_string_chains
        PASS [   0.157s] (2267/2364) xtask::bin/xtask npm_gate::tests::license_dev_lgpl_allowed_runtime_lgpl_red
        PASS [   0.156s] (2268/2364) xtask::bin/xtask npm_gate::tests::license_missing_field_needs_exception
        PASS [   0.159s] (2269/2364) xtask::bin/xtask npm_gate::tests::lockfile_dev_flag_splits_classes_and_root_entry_skipped
        PASS [   0.157s] (2270/2364) xtask::bin/xtask npm_gate::tests::policy_exception_without_provenance_is_rejected
        PASS [   0.157s] (2271/2364) xtask::bin/xtask self_verify::tests::headless_reason_only_on_displayless_linux
        PASS [   0.156s] (2272/2364) xtask::bin/xtask self_verify::tests::parse_shell_health_complete_on_full_boot
        PASS [   0.154s] (2273/2364) xtask::bin/xtask self_verify::tests::parse_shell_health_flags_error_panic
        PASS [   0.155s] (2274/2364) xtask::bin/xtask self_verify::tests::parse_shell_health_ignores_non_error_panic_target
        PASS [   0.155s] (2275/2364) xtask::bin/xtask self_verify::tests::parse_shell_health_incomplete_when_heartbeat_missing
        PASS [   0.154s] (2276/2364) xtask::bin/xtask self_verify::tests::parse_shell_health_incomplete_when_window_shown_missing
        PASS [   0.154s] (2277/2364) xtask::bin/xtask self_verify::tests::parse_shell_health_skips_malformed_lines
        PASS [   0.155s] (2278/2364) xtask::bin/xtask self_verify::tests::pulse_binary_candidates_prefers_release_then_debug
        PASS [   0.158s] (2279/2364) xtask::bin/xtask smoke::tests::assert_log_invariants_fails_on_empty_log_file
        PASS [   0.151s] (2280/2364) xtask::bin/xtask smoke::tests::assert_log_invariants_fails_on_field_value_mismatch_with_expected_format
        PASS [   0.150s] (2281/2364) xtask::bin/xtask smoke::tests::assert_log_invariants_fails_on_missing_boot_webview_span
        PASS [   0.148s] (2282/2364) xtask::bin/xtask smoke::tests::assert_log_invariants_fails_on_panic_record
        PASS [   0.147s] (2283/2364) xtask::bin/xtask smoke::tests::assert_log_invariants_passes_on_complete_boot_trio_and_clean_log
        PASS [   0.153s] (2284/2364) xtask::bin/xtask smoke::tests::assert_log_invariants_fails_when_canary_string_leaks_into_log
        PASS [   0.144s] (2285/2364) xtask::bin/xtask smoke::tests::build_export_request_has_canary_in_attribute_value
        PASS [   0.144s] (2286/2364) xtask::bin/xtask smoke::tests::current_host_returns_one_of_known_values
        PASS [   0.139s] (2287/2364) xtask::bin/xtask smoke::tests::parse_hdiutil_mount_extracts_last_volumes_path
        PASS [   0.140s] (2288/2364) xtask::bin/xtask smoke::tests::parse_hdiutil_mount_returns_none_on_no_volumes_token
        PASS [   0.147s] (2289/2364) xtask::bin/xtask staged_gate::tests::bindings_fixture_roundtrips_through_parse_bindings
        PASS [   0.148s] (2290/2364) xtask::bin/xtask smoke::tests::read_jsonl_lines_resolves_date_suffixed_family_with_no_bare_file
        PASS [   0.145s] (2291/2364) xtask::bin/xtask staged_gate::tests::classify_clean_when_all_subjects_match_pins
        PASS [   0.144s] (2292/2364) xtask::bin/xtask staged_gate::tests::classify_reds_on_added_grant_and_added_window
        PASS [   0.144s] (2293/2364) xtask::bin/xtask staged_gate::tests::classify_reds_on_extra_staged_procedure
        PASS [   0.140s] (2294/2364) xtask::bin/xtask staged_gate::tests::classify_reds_on_identifier_mismatch
        PASS [   0.141s] (2295/2364) xtask::bin/xtask staged_gate::tests::classify_reds_on_revoked_grant_naming_file_and_permission
        PASS [   0.141s] (2296/2364) xtask::bin/xtask staged_gate::tests::classify_reds_on_staged_deletion_of_each_subject_kind
        PASS [   0.141s] (2297/2364) xtask::bin/xtask staged_gate::tests::classify_reds_on_unparseable_staged_bindings
        PASS [   0.141s] (2298/2364) xtask::bin/xtask staged_gate::tests::classify_reds_on_unpinned_capability_file
        PASS [   0.142s] (2299/2364) xtask::bin/xtask staged_gate::tests::classify_reds_when_staged_bindings_lack_the_mcp_namespace
        PASS [   0.139s] (2300/2364) xtask::bin/xtask staged_gate::tests::expected_grants_pin_covers_exactly_the_six_capability_files
        PASS [   0.140s] (2301/2364) xtask::bin/xtask staged_gate::tests::expected_grants_pin_holds_the_escape_and_window_affordance_grants_granted
        PASS [   0.156s] (2302/2364) xtask::bin/xtask staged_gate::tests::report_maps_clean_and_drift_to_the_contract_arms
        PASS [   0.158s] (2303/2364) xtask::bin/xtask webview_drive::tests::a_dead_shortcut_route_fails_the_toggle
        PASS [   0.170s] (2304/2364) xtask::bin/xtask staged_gate::tests::non_repo_dir_reports_cannot_evaluate
        PASS [   0.147s] (2305/2364) xtask::bin/xtask webview_drive::tests::a_line_on_the_widget_fails_connection_status
        PASS [   0.163s] (2306/2364) xtask::bin/xtask webview_drive::tests::a_lost_focus_restore_fails_report_window
        PASS [   0.161s] (2307/2364) xtask::bin/xtask webview_drive::tests::a_missing_stage_report_leaves_dom_stages_absent
        PASS [   0.165s] (2308/2364) xtask::bin/xtask webview_drive::tests::a_pressed_but_rejected_copy_fails_report_copy
        PASS [   0.169s] (2309/2364) xtask::bin/xtask webview_drive::tests::a_scrolling_page_fails_traces_scroll
        PASS [   0.173s] (2310/2364) xtask::bin/xtask webview_drive::tests::a_signposting_dashboard_close_fails
        PASS [   0.175s] (2311/2364) xtask::bin/xtask webview_drive::tests::an_inapplicable_half_does_not_veto_a_stage
        PASS [   0.174s] (2312/2364) xtask::bin/xtask webview_drive::tests::an_undocked_or_empty_findings_window_fails
        PASS [   0.174s] (2313/2364) xtask::bin/xtask webview_drive::tests::boot_geometry_is_not_the_dashboard_close
        PASS [   0.168s] (2314/2364) xtask::bin/xtask webview_drive::tests::boot_geometry_transition_is_not_a_close
        PASS [   0.172s] (2315/2364) xtask::bin/xtask webview_drive::tests::boot_geometry_verdict_accepts_the_measured_live_placement
        PASS [   0.175s] (2316/2364) xtask::bin/xtask webview_drive::tests::boot_geometry_verdict_rejects_a_wrong_inset_placement
        PASS [   0.173s] (2317/2364) xtask::bin/xtask webview_drive::tests::boot_geometry_verdict_rejects_missing_geometry_fields
        PASS [   0.174s] (2318/2364) xtask::bin/xtask webview_drive::tests::close_signpost_requires_its_label_field
        PASS [   0.174s] (2319/2364) xtask::bin/xtask webview_drive::tests::connection_status_requires_every_worded_part_and_widget_absence
        PASS [   0.174s] (2320/2364) xtask::bin/xtask webview_drive::tests::dashboard_close_needs_press_hide_and_a_silent_signpost
        PASS [   0.175s] (2321/2364) xtask::bin/xtask webview_drive::tests::dashboard_hidden_transition_is_recognized
        PASS [   0.175s] (2322/2364) xtask::bin/xtask webview_drive::tests::dashboard_hide_is_not_the_widget_close
        PASS [   0.176s] (2323/2364) xtask::bin/xtask webview_drive::tests::dashboard_toggle_requires_both_routes_and_the_widget_staying
        PASS [   0.176s] (2324/2364) xtask::bin/xtask webview_drive::tests::deduped_incident_is_not_a_creation
        PASS [   0.178s] (2325/2364) xtask::bin/xtask webview_drive::tests::empty_states_require_the_hint_on_both_routes
        PASS [   0.177s] (2326/2364) xtask::bin/xtask webview_drive::tests::empty_traces_poll_is_not_a_render
        PASS [   0.129s] (2327/2364) xtask::bin/xtask webview_drive::tests::findings_window_requires_press_visibility_rows_and_dock
        PASS [   0.142s] (2328/2364) xtask::bin/xtask webview_drive::tests::green_arm_fails_when_any_stage_is_absent
        PASS [   0.143s] (2329/2364) xtask::bin/xtask webview_drive::tests::green_arm_passes_when_every_stage_is_observed
        PASS [   0.146s] (2330/2364) xtask::bin/xtask webview_drive::tests::halves_separate_a_missing_record_from_a_missing_render
        PASS [   0.133s] (2331/2364) xtask::bin/xtask webview_drive::tests::hintless_error_state_does_not_satisfy_empty_states
        PASS [   0.134s] (2332/2364) xtask::bin/xtask webview_drive::tests::incident_created_requires_created_true
        PASS [   0.131s] (2333/2364) xtask::bin/xtask webview_drive::tests::investigate_error_outcome_is_not_a_result
        PASS [   0.130s] (2334/2364) xtask::bin/xtask webview_drive::tests::investigate_needs_both_the_press_and_the_outcome
        PASS [   0.129s] (2335/2364) xtask::bin/xtask webview_drive::tests::investigate_success_requires_status_success
        PASS [   0.128s] (2336/2364) xtask::bin/xtask webview_drive::tests::metrics_query_is_not_a_traces_render
        PASS [   0.131s] (2337/2364) xtask::bin/xtask webview_drive::tests::native_menu_keys_on_the_prevented_field_not_the_stage_flag
        PASS [   0.132s] (2338/2364) xtask::bin/xtask webview_drive::tests::other_targets_are_ignored
        PASS [   0.133s] (2339/2364) xtask::bin/xtask webview_drive::tests::red_arm_fails_when_the_named_stage_is_present
        PASS [   0.132s] (2340/2364) xtask::bin/xtask webview_drive::tests::red_arm_passes_when_only_the_named_stage_is_absent
        PASS [   0.135s] (2341/2364) xtask::bin/xtask webview_drive::tests::report_copy_requires_a_copied_terminal_state
        PASS [   0.135s] (2342/2364) xtask::bin/xtask webview_drive::tests::report_window_requires_the_full_escape_chain
        PASS [   0.134s] (2343/2364) xtask::bin/xtask webview_drive::tests::signpost_repeat_ignores_other_windows_signposts
        PASS [   0.137s] (2344/2364) xtask::bin/xtask webview_drive::tests::signpost_repeat_needs_the_second_press_to_have_landed
        PASS [   0.141s] (2345/2364) xtask::bin/xtask webview_drive::tests::signpost_repeat_needs_two_signposts_not_one
        PASS [   0.139s] (2346/2364) xtask::bin/xtask webview_drive::tests::signpost_with_another_windows_label_does_not_satisfy
        PASS [   0.141s] (2347/2364) xtask::bin/xtask webview_drive::tests::stage_ids_are_unique_and_nonempty
        PASS [   0.140s] (2348/2364) xtask::bin/xtask webview_drive::tests::traces_populate_needs_both_the_record_and_the_dom
        PASS [   0.142s] (2349/2364) xtask::bin/xtask webview_drive::tests::traces_rendered_requires_a_nonzero_row_count
        PASS [   0.143s] (2350/2364) xtask::bin/xtask webview_drive::tests::traces_scroll_requires_region_overflow_without_page_overflow
        PASS [   0.143s] (2351/2364) xtask::bin/xtask webview_drive::tests::unhealthy_records_empty_on_a_clean_log
        PASS [   0.144s] (2352/2364) xtask::bin/xtask webview_drive::tests::unhealthy_records_flag_errors_and_panics
        PASS [   0.131s] (2353/2364) xtask::bin/xtask webview_drive::tests::unknown_stage_ids_are_never_observed
        PASS [   0.135s] (2354/2364) xtask::bin/xtask webview_drive::tests::widget_close_is_not_the_dashboard_close
        PASS [   0.134s] (2355/2364) xtask::bin/xtask webview_drive::tests::widget_close_needs_both_the_press_and_the_transition
        PASS [   0.138s] (2356/2364) xtask::bin/xtask webview_drive::tests::widget_close_transition_alone_no_longer_satisfies
        PASS [   0.137s] (2357/2364) xtask::bin/xtask webview_drive::tests::widget_hidden_transition_is_recognized
        PASS [   0.521s] (2358/2364) xtask::bin/xtask staged_gate::tests::fixture_repo_clean_reports_staged_clean
        PASS [   0.538s] (2359/2364) xtask::bin/xtask staged_gate::tests::fixture_repo_reads_the_index_not_the_worktree
        PASS [   0.535s] (2360/2364) xtask::bin/xtask staged_gate::tests::fixture_repo_reds_when_only_the_index_carries_the_clobber
        PASS [   0.531s] (2361/2364) xtask::bin/xtask staged_gate::tests::fixture_repo_with_staged_no_mcp_bindings_reports_staged_drift
        PASS [   0.535s] (2362/2364) xtask::bin/xtask staged_gate::tests::fixture_repo_with_staged_revoked_grant_reports_staged_drift
        PASS [   0.542s] (2363/2364) xtask::bin/xtask staged_gate::tests::fixture_repo_with_unpinned_capability_file_reports_staged_drift
        PASS [  13.543s] (2364/2364) pulse-app::perf_slo_10k_spans perf_slo_sustained_10k_spans_per_sec_ingest_throughput_holds
────────────
     Summary [  18.580s] 2364 tests run: 2364 passed, 1 skipped

    Finished report saved to .andromeda/runs/2026-08-31T08-07-26Z-code-audit/coverage.json
