warning: triage@0.1.0: triage: tokenizer downloaded (sha256=c05a3c2174e9edd5be19dc5a0748c42a9037bec2811ce062728bfd71f8702d78); pin via ANDROMEDA_LLAMA3_TOKENIZER_SHA256 env var for reproducible builds
   Compiling pulse-app v0.1.0 (/home/turbolet/dev/projects/andromeda-pulse/pulse-app)
    Finished `test` profile [unoptimized + debuginfo] target(s) in 29.98s
────────────
 Nextest run ID 6b71ac34-6585-41c9-852d-be9d8425f5d4 with nextest profile: ci
    Starting 11 tests across 125 binaries (2590 tests and 2 binaries skipped, including 2 binaries via profile.default.default-filter)
        PASS [   0.007s] ( 1/11) triage contract::tests::cause_label_names_retry_only_for_retry_storm
        PASS [   0.037s] ( 2/11) pulse-app::integration_interpretation_attach report_names_its_cause_for_a_retry_storm_incident
        PASS [   0.037s] ( 3/11) pulse-app::integration_interpretation_attach report_names_its_cause_under_the_deterministic_runner
        FAIL [   0.038s] ( 4/11) pulse-app::unit_incident_producer pii_canary_in_l4_text_is_scrubbed_before_persist
  stdout ───

    running 1 test
    test pii_canary_in_l4_text_is_scrubbed_before_persist ... FAILED

    failures:

    failures:
        pii_canary_in_l4_text_is_scrubbed_before_persist

    test result: FAILED. 0 passed; 1 failed; 0 ignored; 0 measured; 34 filtered out; finished in 0.03s

  stderr ───

    thread 'pii_canary_in_l4_text_is_scrubbed_before_persist' (1108773) panicked at pulse-app/tests/unit_incident_producer.rs:697:5:
    assertion `left == right` failed: a title embedding PII must mask the secret in place and keep its words
      left: "error referencing [redacted: email] in title"
     right: "Error-rate spike: error referencing [redacted: email] in title"
    note: run with `RUST_BACKTRACE=1` environment variable to display a backtrace

        PASS [   0.038s] ( 5/11) pulse-app::unit_incident_producer incident_title_names_its_cause_on_dedupe_refresh
        PASS [   0.038s] ( 6/11) pulse-app::unit_incident_producer incident_title_names_its_cause_in_the_resolution_summary
        FAIL [   0.038s] ( 7/11) pulse-app::unit_incident_producer incident_title_names_its_cause_for_a_reflection_digest
  stdout ───

    running 1 test
    test incident_title_names_its_cause_for_a_reflection_digest ... FAILED

    failures:

    failures:
        incident_title_names_its_cause_for_a_reflection_digest

    test result: FAILED. 0 passed; 1 failed; 0 ignored; 0 measured; 34 filtered out; finished in 0.03s

  stderr ───

    thread 'incident_title_names_its_cause_for_a_reflection_digest' (1108782) panicked at pulse-app/tests/unit_incident_producer.rs:1427:5:
    assertion `left == right` failed
      left: "slow drift"
     right: "Reflection trend: slow drift"
    note: run with `RUST_BACKTRACE=1` environment variable to display a backtrace

        FAIL [   0.038s] ( 8/11) pulse-app::unit_incident_producer distinct_fingerprint_same_service_still_coalesces_to_one_incident
  stdout ───

    running 1 test
    test distinct_fingerprint_same_service_still_coalesces_to_one_incident ... FAILED

    failures:

    failures:
        distinct_fingerprint_same_service_still_coalesces_to_one_incident

    test result: FAILED. 0 passed; 1 failed; 0 ignored; 0 measured; 34 filtered out; finished in 0.03s

  stderr ───

    thread 'distinct_fingerprint_same_service_still_coalesces_to_one_incident' (1108779) panicked at pulse-app/tests/unit_incident_producer.rs:458:5:
    assertion `left == right` failed: the FIRST incident survives; the second storm is absorbed into it
      left: "storm A"
     right: "Retry storm: storm A"
    note: run with `RUST_BACKTRACE=1` environment variable to display a backtrace

        FAIL [   0.038s] ( 9/11) pulse-app::unit_incident_producer incident_title_names_its_cause_for_a_retry_storm
  stdout ───

    running 1 test
    test incident_title_names_its_cause_for_a_retry_storm ... FAILED

    failures:

    failures:
        incident_title_names_its_cause_for_a_retry_storm

    test result: FAILED. 0 passed; 1 failed; 0 ignored; 0 measured; 34 filtered out; finished in 0.03s

  stderr ───

    thread 'incident_title_names_its_cause_for_a_retry_storm' (1108774) panicked at pulse-app/tests/unit_incident_producer.rs:1313:5:
    assertion `left == right` failed: persisted title names the cause
      left: "Error Rate Spike in ws"
     right: "Retry storm: Error Rate Spike in ws"
    note: run with `RUST_BACKTRACE=1` environment variable to display a backtrace

        FAIL [   0.038s] (10/11) pulse-app::unit_incident_producer incident_title_names_its_cause_without_retry_for_an_error_rate_spike
  stdout ───

    running 1 test
    test incident_title_names_its_cause_without_retry_for_an_error_rate_spike ... FAILED

    failures:

    failures:
        incident_title_names_its_cause_without_retry_for_an_error_rate_spike

    test result: FAILED. 0 passed; 1 failed; 0 ignored; 0 measured; 34 filtered out; finished in 0.03s

  stderr ───

    thread 'incident_title_names_its_cause_without_retry_for_an_error_rate_spike' (1108775) panicked at pulse-app/tests/unit_incident_producer.rs:1339:9:
    assertion `left == right` failed
      left: "Errors climbing"
     right: "Error-rate spike: Errors climbing"
    note: run with `RUST_BACKTRACE=1` environment variable to display a backtrace

        FAIL [   0.040s] (11/11) pulse-app::unit_incident_producer incident_title_names_its_cause_and_still_masks_secrets
  stdout ───

    running 1 test
    test incident_title_names_its_cause_and_still_masks_secrets ... FAILED

    failures:

    failures:
        incident_title_names_its_cause_and_still_masks_secrets

    test result: FAILED. 0 passed; 1 failed; 0 ignored; 0 measured; 34 filtered out; finished in 0.03s

  stderr ───

    thread 'incident_title_names_its_cause_and_still_masks_secrets' (1108783) panicked at pulse-app/tests/unit_incident_producer.rs:1455:9:
    the cause label survives the scrub: rotate [redacted: provider_key] after [redacted: secret_kv]
    note: run with `RUST_BACKTRACE=1` environment variable to display a backtrace

────────────
     Summary [   0.042s] 11 tests run: 5 passed, 6 failed, 2590 skipped
        PASS [   0.007s] ( 1/11) triage contract::tests::cause_label_names_retry_only_for_retry_storm
        PASS [   0.037s] ( 2/11) pulse-app::integration_interpretation_attach report_names_its_cause_for_a_retry_storm_incident
        PASS [   0.037s] ( 3/11) pulse-app::integration_interpretation_attach report_names_its_cause_under_the_deterministic_runner
        PASS [   0.038s] ( 5/11) pulse-app::unit_incident_producer incident_title_names_its_cause_on_dedupe_refresh
        PASS [   0.038s] ( 6/11) pulse-app::unit_incident_producer incident_title_names_its_cause_in_the_resolution_summary
        SKIP [         ] (─────) buffer appender::tests::append_after_a_constraint_violating_flush_returns_instead_of_hanging
        SKIP [         ] (─────) buffer appender::tests::append_logs_batch_inserts_rows_and_returns_count
        SKIP [         ] (─────) buffer appender::tests::append_logs_batch_pii_canary_in_body_redacted_in_log_records
        SKIP [         ] (─────) buffer appender::tests::append_logs_batch_same_tick_same_severity_keeps_both_records
        SKIP [         ] (─────) buffer appender::tests::append_metrics_batch_control_point_survives_alongside_a_collision
        SKIP [         ] (─────) buffer appender::tests::append_metrics_batch_distinct_names_redacting_alike_keep_both
        SKIP [         ] (─────) buffer appender::tests::append_metrics_batch_inserts_rows_and_returns_count
        SKIP [         ] (─────) buffer appender::tests::append_metrics_batch_same_tick_label_differing_points_keep_both
        SKIP [         ] (─────) buffer appender::tests::append_span_events_batch_assigns_monotonic_event_index_per_span
        SKIP [         ] (─────) buffer appender::tests::append_span_events_batch_does_not_log_exception_canaries
        SKIP [         ] (─────) buffer appender::tests::append_span_events_batch_empty_input_returns_zero
        SKIP [         ] (─────) buffer appender::tests::append_span_events_batch_handles_missing_exception_attributes_as_null
        SKIP [         ] (─────) buffer appender::tests::append_span_events_batch_inserts_rows_and_returns_count
        SKIP [         ] (─────) buffer appender::tests::append_span_events_batch_leaves_fingerprint_null_for_non_exception_events
        SKIP [         ] (─────) buffer appender::tests::append_span_events_batch_pii_canary_in_exception_message_redacted
        SKIP [         ] (─────) buffer appender::tests::append_span_events_batch_pii_canary_in_exception_stacktrace_redacted
        SKIP [         ] (─────) buffer appender::tests::append_span_events_batch_round_trips_exception_attributes
        SKIP [         ] (─────) buffer appender::tests::append_span_events_batch_round_trips_name
        SKIP [         ] (─────) buffer appender::tests::append_span_events_batch_skips_when_parent_span_ids_empty
        SKIP [         ] (─────) buffer appender::tests::append_spans_batch_empty_input_returns_zero
        SKIP [         ] (─────) buffer appender::tests::append_spans_batch_inserts_rows_and_returns_count
        SKIP [         ] (─────) buffer appender::tests::append_spans_batch_round_trips_nanosecond_precision
        SKIP [         ] (─────) buffer appender::tests::append_spans_batch_skips_malformed_zero_ids
        SKIP [         ] (─────) buffer appender::tests::benign_and_high_entropy_label_values_survive_byte_identical
        SKIP [         ] (─────) buffer appender::tests::build_logs_record_batch_extracts_body_and_severity_text
        SKIP [         ] (─────) buffer appender::tests::build_logs_record_batch_extracts_trace_id_and_span_id_for_correlation
        SKIP [         ] (─────) buffer appender::tests::build_metrics_record_batch_extracts_value_and_kind
        SKIP [         ] (─────) buffer appender::tests::build_span_events_record_batch_observer_invoked_per_exception_event
        SKIP [         ] (─────) buffer appender::tests::build_span_events_record_batch_observer_not_invoked_when_no_exception_events
        SKIP [         ] (─────) buffer appender::tests::build_span_events_record_batch_populates_fingerprint_for_exception_events
        SKIP [         ] (─────) buffer appender::tests::build_span_events_record_batch_returns_none_when_no_events_in_any_span
        SKIP [         ] (─────) buffer appender::tests::build_spans_record_batch_extracts_service_name_from_resource
        SKIP [         ] (─────) buffer appender::tests::build_spans_record_batch_handles_missing_resource_as_empty_service
        SKIP [         ] (─────) buffer appender::tests::build_spans_record_batch_returns_none_for_empty_input
        SKIP [         ] (─────) buffer appender::tests::build_spans_record_batch_returns_none_when_all_spans_malformed
        SKIP [         ] (─────) buffer appender::tests::build_spans_record_batch_returns_some_for_valid_input
        SKIP [         ] (─────) buffer appender::tests::build_spans_record_batch_writes_end_time_and_status_code
        SKIP [         ] (─────) buffer appender::tests::clean_batch_leaves_the_redaction_counter_at_zero
        SKIP [         ] (─────) buffer appender::tests::credential_label_values_redact_in_both_classes_and_keys_survive
        SKIP [         ] (─────) buffer appender::tests::drain_pii_canary_email_redacted_in_log_templates
        SKIP [         ] (─────) buffer appender::tests::empty_attribute_set_stores_the_empty_string
        SKIP [         ] (─────) buffer appender::tests::label_differing_points_read_back_distinguishable
        SKIP [         ] (─────) buffer appender::tests::label_encoding_is_attribute_order_independent
        SKIP [         ] (─────) buffer appender::tests::logs_severity_text_credential_canary_is_redacted_and_levels_preserved
        SKIP [         ] (─────) buffer appender::tests::metrics_metric_name_credential_canary_is_redacted_and_legitimate_preserved
        SKIP [         ] (─────) buffer appender::tests::redaction_counter_folds_once_per_batch_across_all_four_builders
        SKIP [         ] (─────) buffer appender::tests::service_name_is_identical_on_the_column_and_the_observer_paths
        SKIP [         ] (─────) buffer appender::tests::span_events_name_credential_canary_is_redacted_and_exception_preserved
        SKIP [         ] (─────) buffer appender::tests::span_mask_exception_message_keeps_the_text_before_the_key
        SKIP [         ] (─────) buffer appender::tests::span_mask_log_body_keeps_its_other_words
        SKIP [         ] (─────) buffer appender::tests::span_mask_two_word_service_name_keeps_its_first_word
        SKIP [         ] (─────) buffer appender::tests::span_mask_value_carrying_two_secrets_counts_one_redaction
        SKIP [         ] (─────) buffer appender::tests::spans_service_name_credential_canary_is_redacted
        SKIP [         ] (─────) buffer appender::tests::spans_service_name_legitimate_value_survives_byte_identical
        SKIP [         ] (─────) buffer broadcast::tests::broadcast_capacity_is_128
        SKIP [         ] (─────) buffer broadcast::tests::create_returns_three_independent_senders_each_with_zero_subscribers
        SKIP [         ] (─────) buffer broadcast::tests::encode_logs_round_trips_via_stream_reader
        SKIP [         ] (─────) buffer broadcast::tests::encode_metrics_round_trips_via_stream_reader
        SKIP [         ] (─────) buffer broadcast::tests::encode_spans_round_trips_via_stream_reader
        SKIP [         ] (─────) buffer broadcast::tests::encode_three_streams_use_same_underlying_codec
        SKIP [         ] (─────) buffer broadcast::tests::encode_with_cap_returns_bytes_under_size_cap
        SKIP [         ] (─────) buffer broadcast::tests::encode_with_cap_returns_size_exceeded_when_over_limit
        SKIP [         ] (─────) buffer broadcast::tests::lag_detected_when_capacity_overrun
        SKIP [         ] (─────) buffer broadcast::tests::max_payload_bytes_is_eight_mb
        SKIP [         ] (─────) buffer broadcast::tests::send_returns_count_equal_to_subscriber_count
        SKIP [         ] (─────) buffer broadcast::tests::send_with_zero_subscribers_returns_send_error_silently_droppable
        SKIP [         ] (─────) buffer broadcast::tests::stream_name_constants_match_arch_literals
        SKIP [         ] (─────) buffer broadcast::tests::three_subscribers_each_receive_same_bytes
        SKIP [         ] (─────) buffer consumer::tests::describe_error_returns_constant_strings
        SKIP [         ] (─────) buffer consumer::tests::dispatch_batch_writes_span_events_alongside_spans_under_same_lock_guard
        SKIP [         ] (─────) buffer consumer::tests::dispatch_folds_no_redactions_when_the_append_is_rejected
        SKIP [         ] (─────) buffer consumer::tests::dispatch_folds_redactions_after_a_successful_append
        SKIP [         ] (─────) buffer consumer::tests::run_consumer_broadcasts_encoded_arrow_to_subscriber
        SKIP [         ] (─────) buffer consumer::tests::run_consumer_drains_receiver_and_records_rows
        SKIP [         ] (─────) buffer consumer::tests::run_consumer_invokes_fingerprint_observer_on_exception_span_events
        SKIP [         ] (─────) buffer consumer::tests::run_consumer_three_subscribers_each_receive_same_payload
        SKIP [         ] (─────) buffer consumer::tests::run_consumer_with_no_subscribers_still_appends_to_duckdb
        SKIP [         ] (─────) buffer contract::tests::error_init_displays_reason
        SKIP [         ] (─────) buffer contract::tests::error_invalid_batch_carries_kind
        SKIP [         ] (─────) buffer contract::tests::error_retention_displays_reason
        SKIP [         ] (─────) buffer contract::tests::heartbeat_payload_carries_drain_fields_through
        SKIP [         ] (─────) buffer contract::tests::heartbeat_payload_default_state_is_all_zero
        SKIP [         ] (─────) buffer contract::tests::heartbeat_payload_reflects_eviction_count
        SKIP [         ] (─────) buffer contract::tests::heartbeat_payload_reflects_memory_bytes
        SKIP [         ] (─────) buffer contract::tests::heartbeat_payload_reflects_recorded_rows_ingested
        SKIP [         ] (─────) buffer contract::tests::heartbeat_payload_reflects_retention_active_flip
        SKIP [         ] (─────) buffer drain::tests::assign_distinct_bodies_get_distinct_ids
        SKIP [         ] (─────) buffer drain::tests::assign_distinct_token_counts_get_distinct_ids
        SKIP [         ] (─────) buffer drain::tests::assign_identical_bodies_returns_same_template_id
        SKIP [         ] (─────) buffer drain::tests::assign_increments_occurrence_count
        SKIP [         ] (─────) buffer drain::tests::assign_returns_none_for_empty_body
        SKIP [         ] (─────) buffer drain::tests::assign_returns_template_id_starting_at_one
        SKIP [         ] (─────) buffer drain::tests::default_config_matches_route_spec
        SKIP [         ] (─────) buffer drain::tests::default_config_via_default_trait_matches_default_config_fn
        SKIP [         ] (─────) buffer drain::tests::drift_for_empty_template_is_healthy
        SKIP [         ] (─────) buffer drain::tests::drift_for_high_wildcard_ratio_is_over_generalized
        SKIP [         ] (─────) buffer drain::tests::drift_indicator_healthy_for_stable_repeated_template
        SKIP [         ] (─────) buffer drain::tests::drift_indicator_under_clustered_for_single_occurrence
        SKIP [         ] (─────) buffer drain::tests::hex_masking_clusters_distinct_addresses
        SKIP [         ] (─────) buffer drain::tests::ipv4_masking_clusters_distinct_ips
        SKIP [         ] (─────) buffer drain::tests::load_from_persistence_returns_false_when_no_persistence
        SKIP [         ] (─────) buffer drain::tests::load_rejects_mismatched_schema_version
        SKIP [         ] (─────) buffer drain::tests::lru_eviction_bounds_max_clusters
        SKIP [         ] (─────) buffer drain::tests::mask_body_handles_empty_pattern_list
        SKIP [         ] (─────) buffer drain::tests::merge_template_preserves_existing_wildcards
        SKIP [         ] (─────) buffer drain::tests::merge_template_replaces_differing_positions_with_wildcard
        SKIP [         ] (─────) buffer drain::tests::null_template_id_constant_is_zero
        SKIP [         ] (─────) buffer drain::tests::numeric_masking_clusters_messages_differing_only_in_numbers
        SKIP [         ] (─────) buffer drain::tests::path_masking_clusters_distinct_posix_paths
        SKIP [         ] (─────) buffer drain::tests::persist_and_load_round_trip_preserves_clusters
        SKIP [         ] (─────) buffer drain::tests::persist_returns_false_when_no_persistence
        SKIP [         ] (─────) buffer drain::tests::position_similarity_one_for_identical_inputs
        SKIP [         ] (─────) buffer drain::tests::position_similarity_partial_match
        SKIP [         ] (─────) buffer drain::tests::position_similarity_treats_template_wildcard_as_match
        SKIP [         ] (─────) buffer drain::tests::position_similarity_zero_for_empty_inputs
        SKIP [         ] (─────) buffer drain::tests::schema_version_constant_is_one
        SKIP [         ] (─────) buffer drain::tests::snapshot_state_returns_pii_scrubbed_template_tokens
        SKIP [         ] (─────) buffer drain::tests::snapshot_state_round_trips_via_bincode
        SKIP [         ] (─────) buffer drain::tests::template_count_reflects_unique_clusters
        SKIP [         ] (─────) buffer drain::tests::template_distribution_respects_top_n_truncation
        SKIP [         ] (─────) buffer drain::tests::template_distribution_sorts_descending_by_count
        SKIP [         ] (─────) buffer drain::tests::wildcard_token_constant_is_drain3_canonical
        SKIP [         ] (─────) buffer fingerprint::tests::compute_differs_for_relative_paths_differing_below_leading_segment
        SKIP [         ] (─────) buffer fingerprint::tests::compute_differs_when_exception_type_differs
        SKIP [         ] (─────) buffer fingerprint::tests::compute_differs_when_first_three_frames_differ
        SKIP [         ] (─────) buffer fingerprint::tests::compute_does_not_include_exception_message_in_preimage
        SKIP [         ] (─────) buffer fingerprint::tests::compute_is_deterministic_across_invocations
        SKIP [         ] (─────) buffer fingerprint::tests::compute_returns_none_for_empty_exception_type
        SKIP [         ] (─────) buffer fingerprint::tests::compute_returns_none_for_missing_exception_type
        SKIP [         ] (─────) buffer fingerprint::tests::compute_strips_hex_memory_addresses
        SKIP [         ] (─────) buffer fingerprint::tests::compute_strips_line_column_suffixes
        SKIP [         ] (─────) buffer fingerprint::tests::compute_strips_paths_and_line_numbers::case_1
        SKIP [         ] (─────) buffer fingerprint::tests::compute_strips_paths_and_line_numbers::case_2
        SKIP [         ] (─────) buffer fingerprint::tests::compute_truncates_to_first_three_frames
        SKIP [         ] (─────) buffer fingerprint::tests::compute_with_empty_stacktrace_string_equals_compute_with_none
        SKIP [         ] (─────) buffer fingerprint::tests::compute_with_no_stacktrace_still_produces_fingerprint
        SKIP [         ] (─────) buffer fingerprint::tests::fingerprint_to_hex_prefix_yields_8_lowercase_hex_chars
        SKIP [         ] (─────) buffer fingerprint::tests::noop_observer_safe_to_call
        SKIP [         ] (─────) buffer fingerprint::tests::normalize_stacktrace_handles_empty_input
        SKIP [         ] (─────) buffer fingerprint::tests::normalize_stacktrace_preserves_relative_paths_in_full
        SKIP [         ] (─────) buffer fingerprint::tests::normalize_stacktrace_skips_empty_lines
        SKIP [         ] (─────) buffer fingerprint::tests::normalize_stacktrace_strips_only_absolute_paths::case_1
        SKIP [         ] (─────) buffer fingerprint::tests::normalize_stacktrace_strips_only_absolute_paths::case_2
        SKIP [         ] (─────) buffer fingerprint::tests::normalize_stacktrace_strips_only_absolute_paths::case_3
        SKIP [         ] (─────) buffer fingerprint::tests::observer_trait_object_callable
        SKIP [         ] (─────) buffer retention::tests::delete_by_cutoff_constants_match_reserved_tables
        SKIP [         ] (─────) buffer retention::tests::describe_error_returns_constant_strings_including_retention
        SKIP [         ] (─────) buffer retention::tests::retention_excluded_tables_are_subset_of_reserved
        SKIP [         ] (─────) buffer retention::tests::retention_sweep_inner_chaos_evicts_partial_subset
        SKIP [         ] (─────) buffer retention::tests::retention_sweep_inner_iterates_all_swept_tables_returns_zero_when_empty
        SKIP [         ] (─────) buffer retention::tests::retention_sweep_inner_returns_connection_lost_on_poisoned_mutex
        SKIP [         ] (─────) buffer retention::tests::retention_sweep_inner_with_cutoff_after_window_evicts_rows
        SKIP [         ] (─────) buffer retention::tests::retention_sweep_inner_with_cutoff_before_window_preserves_rows
        SKIP [         ] (─────) buffer retention::tests::run_one_sweep_evicts_old_rows_and_marks_active
        SKIP [         ] (─────) buffer retention::tests::run_one_sweep_sets_memory_bytes_per_rows_active_estimate
        SKIP [         ] (─────) buffer retention::tests::run_one_sweep_sets_zero_memory_bytes_when_all_evicted
        SKIP [         ] (─────) buffer retention::tests::run_retention_can_be_spawned_and_aborted_cleanly
        SKIP [         ] (─────) buffer schema::tests::create_schema_is_idempotent
        SKIP [         ] (─────) buffer schema::tests::create_schema_succeeds_on_fresh_connection
        SKIP [         ] (─────) buffer schema::tests::ddl_constants_match_concatenated_schema
        SKIP [         ] (─────) buffer schema::tests::each_reserved_table_has_ts_and_ts_unix_nano_columns::case_1
        SKIP [         ] (─────) buffer schema::tests::each_reserved_table_has_ts_and_ts_unix_nano_columns::case_2
        SKIP [         ] (─────) buffer schema::tests::each_reserved_table_has_ts_and_ts_unix_nano_columns::case_3
        SKIP [         ] (─────) buffer schema::tests::each_reserved_table_has_ts_and_ts_unix_nano_columns::case_4
        SKIP [         ] (─────) buffer schema::tests::log_records_has_nullable_template_id_column
        SKIP [         ] (─────) buffer schema::tests::log_records_primary_key_includes_seq_ordinal
        SKIP [         ] (─────) buffer schema::tests::log_templates_has_first_seen_and_last_seen_columns
        SKIP [         ] (─────) buffer schema::tests::metrics_points_primary_key_includes_seq_ordinal
        SKIP [         ] (─────) buffer schema::tests::schema_creates_exactly_eight_reserved_tables
        SKIP [         ] (─────) buffer schema::tests::spans_primary_key_is_composite_trace_id_span_id
        SKIP [         ] (─────) buffer schema::tests::ts_unix_nano_round_trips_full_u64_precision
        SKIP [         ] (─────) buffer state::tests::concurrent_metric_seq_reservations_never_overlap
        SKIP [         ] (─────) buffer state::tests::concurrent_record_rows_appended_accumulates_correctly
        SKIP [         ] (─────) buffer state::tests::first_append_is_zero_until_first_record_then_set_once
        SKIP [         ] (─────) buffer state::tests::last_append_is_zero_until_first_record
        SKIP [         ] (─────) buffer state::tests::last_append_refreshes_while_first_append_latches
        SKIP [         ] (─────) buffer state::tests::log_and_metric_seq_allocators_are_independent
        SKIP [         ] (─────) buffer state::tests::mark_retention_active_flips_to_true
        SKIP [         ] (─────) buffer state::tests::mark_retention_active_is_idempotent
        SKIP [         ] (─────) buffer state::tests::record_methods_target_distinct_counters
        SKIP [         ] (─────) buffer state::tests::record_rows_appended_accumulates
        SKIP [         ] (─────) buffer state::tests::reserve_seq_block_of_zero_does_not_advance
        SKIP [         ] (─────) buffer state::tests::reserve_seq_blocks_are_contiguous_and_monotonic
        SKIP [         ] (─────) buffer state::tests::retention_window_active_starts_false
        SKIP [         ] (─────) buffer state::tests::seq_allocators_are_absent_from_the_snapshot
        SKIP [         ] (─────) buffer state::tests::snapshot_is_zero_at_init
        SKIP [         ] (─────) buffer::drain_golden_corpus drain_mines_synthetic_basic_matches_golden_expected
        SKIP [         ] (─────) buffer::drain_golden_corpus drain_template_count_matches_input_template_diversity
        SKIP [         ] (─────) config-watcher event::tests::broadcast_round_trips_payload
        SKIP [         ] (─────) config-watcher event::tests::broadcast_starts_zero_subscribers
        SKIP [         ] (─────) config-watcher event::tests::config_event_payload_has_no_user_content_string_fields
        SKIP [         ] (─────) config-watcher event::tests::stream_name_matches_pulse_uri_convention
        SKIP [         ] (─────) config-watcher partition::tests::cadence_and_lifecycle_changes_land_in_hot_bucket
        SKIP [         ] (─────) config-watcher partition::tests::drain_retention_mcp_changes_land_in_restart_bucket
        SKIP [         ] (─────) config-watcher partition::tests::no_change_yields_empty_buckets
        SKIP [         ] (─────) config-watcher partition::tests::ui_pref_changes_land_in_silent_bucket
        SKIP [         ] (─────) config-watcher watcher::tests::reload_and_classify_applies_valid_change
        SKIP [         ] (─────) config-watcher watcher::tests::reload_and_classify_rejects_malformed_toml
        SKIP [         ] (─────) config-watcher watcher::tests::reload_and_classify_rejects_out_of_range_and_retains
        SKIP [         ] (─────) config-watcher watcher::tests::reload_and_classify_unchanged_for_identical_config
        SKIP [         ] (─────) config-watcher watcher::tests::resolve_config_path_rejects_parent_dir_traversal
        SKIP [         ] (─────) config-watcher watcher::tests::resolve_config_path_returns_config_under_canonical_dir
        SKIP [         ] (─────) config-watcher watcher::tests::wait_for_settled_returns_false_when_channel_closes
        SKIP [         ] (─────) config-watcher watcher::tests::wait_for_settled_returns_true_after_quiet_window
        SKIP [         ] (─────) corpus contract::tests::corpus_reader_trait_dispatch_works
        SKIP [         ] (─────) corpus contract::tests::corpus_writer_distinct_layer_or_name_persists_separately
        SKIP [         ] (─────) corpus contract::tests::corpus_writer_empty_payload_round_trips
        SKIP [         ] (─────) corpus contract::tests::corpus_writer_load_returns_latest_snapshot_when_multiple_saved
        SKIP [         ] (─────) corpus contract::tests::corpus_writer_load_returns_none_when_no_prior_save
        SKIP [         ] (─────) corpus contract::tests::corpus_writer_persists_across_corpus_reopen
        SKIP [         ] (─────) corpus contract::tests::corpus_writer_save_encrypts_payload_on_disk
        SKIP [         ] (─────) corpus contract::tests::corpus_writer_save_then_load_round_trips_plaintext_bytes
        SKIP [         ] (─────) corpus contract::tests::corpus_writer_trait_dispatch_works
        SKIP [         ] (─────) corpus contract::tests::debug_does_not_leak_full_path
        SKIP [         ] (─────) corpus contract::tests::declined_write_records_no_event
        SKIP [         ] (─────) corpus contract::tests::inspect_includes_all_six_tables
        SKIP [         ] (─────) corpus contract::tests::inspect_reflects_inserted_rows
        SKIP [         ] (─────) corpus contract::tests::inspect_returns_zero_counts_for_fresh_corpus
        SKIP [         ] (─────) corpus contract::tests::load_all_incidents_returns_all_statuses_and_workspaces_in_insertion_order
        SKIP [         ] (─────) corpus contract::tests::load_all_incidents_returns_empty_for_fresh_corpus
        SKIP [         ] (─────) corpus contract::tests::load_incident_by_id_reports_not_found_for_an_undecryptable_row
        SKIP [         ] (─────) corpus contract::tests::load_incident_by_id_returns_none_for_missing_id
        SKIP [         ] (─────) corpus contract::tests::load_incident_by_id_returns_resolved_row
        SKIP [         ] (─────) corpus contract::tests::load_incident_by_id_returns_row_after_save
        SKIP [         ] (─────) corpus contract::tests::load_incident_events_excludes_another_incidents_events
        SKIP [         ] (─────) corpus contract::tests::load_incident_events_honours_the_limit
        SKIP [         ] (─────) corpus contract::tests::load_incident_events_reads_empty_for_a_fresh_incident
        SKIP [         ] (─────) corpus contract::tests::load_incident_events_reads_transitions_oldest_first_with_written_timestamps
        SKIP [         ] (─────) corpus contract::tests::load_incident_events_unchanged_by_a_declined_stale_write
        SKIP [         ] (─────) corpus contract::tests::load_incidents_for_workspace_since_filters_workspace_and_cutoff
        SKIP [         ] (─────) corpus contract::tests::load_incidents_for_workspace_since_includes_resolved_and_boundary_row
        SKIP [         ] (─────) corpus contract::tests::mixed_corpus_returns_readable_incidents_and_skips_the_undecryptable_ones
        SKIP [         ] (─────) corpus contract::tests::open_in_memory_returns_corpus_with_default_schema_version
        SKIP [         ] (─────) corpus contract::tests::open_on_disk_persists_across_close_and_reopen
        SKIP [         ] (─────) corpus contract::tests::purge_pipeline_metrics_deletes_old_rows_and_keeps_recent
        SKIP [         ] (─────) corpus contract::tests::purge_pipeline_metrics_preserves_latest_row_per_series_even_when_stale
        SKIP [         ] (─────) corpus contract::tests::purge_pipeline_metrics_returns_zero_on_empty_table
        SKIP [         ] (─────) corpus contract::tests::same_status_refresh_records_no_event
        SKIP [         ] (─────) corpus contract::tests::status_value_change_records_one_lifecycle_event_per_transition
        SKIP [         ] (─────) corpus contract::tests::update_incident_status_applies_an_equal_timestamp_write
        SKIP [         ] (─────) corpus contract::tests::update_incident_status_declines_a_write_older_than_the_stored_row
        SKIP [         ] (─────) corpus contract::tests::update_incident_status_still_errors_for_a_missing_row
        SKIP [         ] (─────) corpus db::tests::count_table_increments_after_insert
        SKIP [         ] (─────) corpus db::tests::count_table_rejects_arbitrary_names
        SKIP [         ] (─────) corpus db::tests::count_table_rejects_sql_injection_attempt
        SKIP [         ] (─────) corpus db::tests::file_size_nonzero_after_open
        SKIP [         ] (─────) corpus db::tests::file_size_zero_for_nonexistent_path
        SKIP [         ] (─────) corpus db::tests::open_at_path_creates_file_and_runs_migrations
        SKIP [         ] (─────) corpus db::tests::open_in_memory_runs_migrations
        SKIP [         ] (─────) corpus disposition::tests::disposition_is_a_noop_when_nothing_is_orphaned
        SKIP [         ] (─────) corpus disposition::tests::disposition_is_idempotent_across_repeated_boots
        SKIP [         ] (─────) corpus disposition::tests::disposition_preserves_every_row_when_the_inventory_cannot_be_written
        SKIP [         ] (─────) corpus disposition::tests::disposition_writes_the_inventory_then_purges_and_spares_service_registry
        SKIP [         ] (─────) corpus disposition::tests::rendered_inventory_names_service_registry_as_unaffected
        SKIP [         ] (─────) corpus disposition::tests::scan_finds_every_payload_table_and_never_service_registry
        SKIP [         ] (─────) corpus disposition::tests::scan_reads_incident_metadata_without_the_key
        SKIP [         ] (─────) corpus encryption::tests::ciphertext_includes_nonce_prefix
        SKIP [         ] (─────) corpus encryption::tests::debug_does_not_leak_key_material
        SKIP [         ] (─────) corpus encryption::tests::decrypt_tampered_payload_fails
        SKIP [         ] (─────) corpus encryption::tests::decrypt_truncated_payload_fails
        SKIP [         ] (─────) corpus encryption::tests::decrypt_with_different_key_fails
        SKIP [         ] (─────) corpus encryption::tests::each_encryption_uses_fresh_nonce
        SKIP [         ] (─────) corpus encryption::tests::empty_plaintext_round_trips
        SKIP [         ] (─────) corpus encryption::tests::round_trip_preserves_plaintext
        SKIP [         ] (─────) corpus keychain::tests::backend_kind_as_str_bounded_enumeration
        SKIP [         ] (─────) corpus keychain::tests::child_writes_its_resolved_key
        SKIP [         ] (─────) corpus keychain::tests::corpus_key_race_free_across_concurrent_first_run_processes
        SKIP [         ] (─────) corpus keychain::tests::corpus_key_race_free_child_resolves_after_barrier
        SKIP [         ] (─────) corpus keychain::tests::corpus_key_race_free_fetch_fails_closed_when_lock_dir_unusable
        SKIP [         ] (─────) corpus keychain::tests::corpus_key_race_free_lock_dir_follows_the_linux_rule
        SKIP [         ] (─────) corpus keychain::tests::corpus_key_race_free_lock_file_name_is_entry_keyed
        SKIP [         ] (─────) corpus keychain::tests::corpus_key_survives_a_real_process_boundary
        SKIP [         ] (─────) corpus keychain::tests::decode_rejects_non_hex
        SKIP [         ] (─────) corpus keychain::tests::decode_rejects_wrong_length
        SKIP [         ] (─────) corpus keychain::tests::derived_keys_differ_by_passphrase_and_by_service_id
        SKIP [         ] (─────) corpus keychain::tests::encode_decode_round_trips
        SKIP [         ] (─────) corpus keychain::tests::fake_backend_kind_is_in_memory_fake
        SKIP [         ] (─────) corpus keychain::tests::fake_backend_returns_different_keys_for_different_services
        SKIP [         ] (─────) corpus keychain::tests::fake_backend_returns_same_key_on_repeated_fetch
        SKIP [         ] (─────) corpus keychain::tests::fake_backend_with_seeded_key_returns_seed
        SKIP [         ] (─────) corpus keychain::tests::passphrase_bounded_parse_rejects_empty_and_oversized
        SKIP [         ] (─────) corpus keychain::tests::passphrase_fallback_is_stable_across_backend_instances
        SKIP [         ] (─────) corpus keychain::tests::resolve_key_falls_back_to_passphrase_when_the_store_is_unavailable
        SKIP [         ] (─────) corpus keychain::tests::resolve_key_prefers_the_os_store_when_it_serves
        SKIP [         ] (─────) corpus keychain::tests::resolve_key_surfaces_the_store_error_when_no_passphrase_is_configured
        SKIP [         ] (─────) corpus schema::tests::migrations_apply_to_fresh_db
        SKIP [         ] (─────) corpus schema::tests::migrations_are_idempotent
        SKIP [         ] (─────) corpus schema::tests::migrations_create_all_expected_tables
        SKIP [         ] (─────) corpus schema::tests::migrations_reject_unknown_schema_version
        SKIP [         ] (─────) corpus schema::tests::user_version_set_after_migration
        SKIP [         ] (─────) corpus schema::tests::v1_corpus_upgrades_to_v2_dropping_baseline_state
        SKIP [         ] (─────) curation aggregation::tests::aggregate_100_element_known_indices
        SKIP [         ] (─────) curation aggregation::tests::aggregate_empty_input_returns_zero_values
        SKIP [         ] (─────) curation aggregation::tests::aggregate_negative_duration_clamps_to_zero
        SKIP [         ] (─────) curation aggregation::tests::aggregate_per_service_breakdown_isolates_buckets
        SKIP [         ] (─────) curation aggregation::tests::aggregate_per_service_iteration_is_alphabetical
        SKIP [         ] (─────) curation aggregation::tests::aggregate_percentile_monotonicity_invariant
        SKIP [         ] (─────) curation aggregation::tests::aggregate_single_span_returns_uniform_percentiles
        SKIP [         ] (─────) curation aggregation::tests::aggregate_skewed_distribution_p99_isolates_outlier
        SKIP [         ] (─────) curation aggregation::tests::aggregate_two_spans_p50_takes_higher_via_nearest_rank
        SKIP [         ] (─────) curation aggregation::tests::aggregate_uniform_distribution_all_percentiles_equal
        SKIP [         ] (─────) curation anomaly::tests::cardinality_spike_empty_input_returns_empty
        SKIP [         ] (─────) curation anomaly::tests::cardinality_spike_one_service_2x_median_flagged
        SKIP [         ] (─────) curation anomaly::tests::cardinality_spike_single_service_returns_empty
        SKIP [         ] (─────) curation anomaly::tests::detect_anomalies_deterministic_across_invocations
        SKIP [         ] (─────) curation anomaly::tests::detect_anomalies_empty_input_returns_empty
        SKIP [         ] (─────) curation anomaly::tests::detect_anomalies_orders_severity_descending
        SKIP [         ] (─────) curation anomaly::tests::detect_anomalies_single_span_returns_empty
        SKIP [         ] (─────) curation anomaly::tests::error_correlation_below_threshold_returns_empty
        SKIP [         ] (─────) curation anomaly::tests::error_correlation_no_errors_returns_empty
        SKIP [         ] (─────) curation anomaly::tests::error_correlation_separates_services
        SKIP [         ] (─────) curation anomaly::tests::error_correlation_three_errors_per_service_flagged
        SKIP [         ] (─────) curation anomaly::tests::latency_outliers_empty_input_returns_empty
        SKIP [         ] (─────) curation anomaly::tests::latency_outliers_extreme_outlier_flagged
        SKIP [         ] (─────) curation anomaly::tests::latency_outliers_rationale_starts_capital_contains_sigma
        SKIP [         ] (─────) curation anomaly::tests::latency_outliers_uniform_durations_no_outlier
        SKIP [         ] (─────) curation anomaly::tests::rationale_strings_factual_form_no_exclamation_or_interpretive
        SKIP [         ] (─────) curation contract::tests::anomaly_kind_round_trips_through_serde
        SKIP [         ] (─────) curation contract::tests::anomaly_kind_serializes_snake_case
        SKIP [         ] (─────) curation contract::tests::anomaly_marker_round_trips_through_serde
        SKIP [         ] (─────) curation contract::tests::critical_path_step_round_trips_through_serde
        SKIP [         ] (─────) curation contract::tests::curation_output_round_trips_through_serde
        SKIP [         ] (─────) curation contract::tests::span_record_round_trips_through_serde
        SKIP [         ] (─────) curation critical_path::tests::binary_tree_picks_longer_branch
        SKIP [         ] (─────) curation critical_path::tests::deterministic_across_invocations
        SKIP [         ] (─────) curation critical_path::tests::empty_input_returns_empty_path
        SKIP [         ] (─────) curation critical_path::tests::equal_branches_break_tie_by_lower_span_id
        SKIP [         ] (─────) curation critical_path::tests::linear_chain_returns_full_chain_in_order
        SKIP [         ] (─────) curation critical_path::tests::negative_duration_clamped_to_zero_no_panic
        SKIP [         ] (─────) curation critical_path::tests::orphan_parent_reference_treated_as_synthetic_root_no_panic
        SKIP [         ] (─────) curation critical_path::tests::single_span_returns_single_step
        SKIP [         ] (─────) curation critical_path::tests::two_disjoint_trees_returns_longest_chain
        SKIP [         ] (─────) curation dedupe::tests::count_invariant_holds_input_equals_unique_plus_dedup
        SKIP [         ] (─────) curation dedupe::tests::empty_input_returns_empty_result
        SKIP [         ] (─────) curation dedupe::tests::output_ordering_is_deterministic_across_invocations
        SKIP [         ] (─────) curation dedupe::tests::single_span_passes_through_unchanged
        SKIP [         ] (─────) curation dedupe::tests::spans_differing_by_duration_bucket_do_not_collapse
        SKIP [         ] (─────) curation dedupe::tests::spans_differing_by_name_do_not_collapse
        SKIP [         ] (─────) curation dedupe::tests::spans_differing_by_service_name_do_not_collapse
        SKIP [         ] (─────) curation dedupe::tests::spans_within_same_duration_bucket_collapse
        SKIP [         ] (─────) curation dedupe::tests::two_identical_spans_collapse_to_one_unique_one_dedup
        SKIP [         ] (─────) ingest channel::tests::build_channel_default_capacity_matches_constant
        SKIP [         ] (─────) ingest channel::tests::capacity_pct_recovers_after_drain
        SKIP [         ] (─────) ingest channel::tests::capacity_pct_reflects_used_slots
        SKIP [         ] (─────) ingest channel::tests::try_send_returns_channel_full_when_receiver_dropped
        SKIP [         ] (─────) ingest channel::tests::try_send_returns_channel_full_when_saturated
        SKIP [         ] (─────) ingest channel::tests::try_send_succeeds_within_capacity
        SKIP [         ] (─────) ingest connection::tests::broadcast_new_starts_with_zero_subscribers
        SKIP [         ] (─────) ingest connection::tests::broadcast_subscribe_increments_subscriber_count
        SKIP [         ] (─────) ingest connection::tests::compute_state_age_at_idle_threshold_boundary_returns_idle
        SKIP [         ] (─────) ingest connection::tests::compute_state_age_at_stalled_threshold_returns_stalled
        SKIP [         ] (─────) ingest connection::tests::compute_state_age_between_idle_and_stalled_returns_idle
        SKIP [         ] (─────) ingest connection::tests::compute_state_age_past_stalled_returns_stalled
        SKIP [         ] (─────) ingest connection::tests::compute_state_bind_failed_overrides_all_other_signals
        SKIP [         ] (─────) ingest connection::tests::compute_state_negative_age_treated_as_recent
        SKIP [         ] (─────) ingest connection::tests::compute_state_no_ingest_returns_listening
        SKIP [         ] (─────) ingest connection::tests::compute_state_recent_ingest_returns_receiving
        SKIP [         ] (─────) ingest connection::tests::last_span_ago_ms_clamps_negative_to_zero
        SKIP [         ] (─────) ingest connection::tests::last_span_ago_ms_computes_millis
        SKIP [         ] (─────) ingest connection::tests::last_span_ago_ms_zero_when_no_ingest
        SKIP [         ] (─────) ingest connection::tests::message_for_listening_receiving_idle_returns_none
        SKIP [         ] (─────) ingest connection::tests::message_for_receiver_failed_contains_no_path_or_line_markers
        SKIP [         ] (─────) ingest connection::tests::message_for_receiver_failed_includes_reason_label
        SKIP [         ] (─────) ingest connection::tests::message_for_receiver_failed_without_reason_is_generic
        SKIP [         ] (─────) ingest connection::tests::message_for_stalled_contains_no_path_or_line_markers
        SKIP [         ] (─────) ingest connection::tests::message_for_stalled_describes_lag_in_seconds
        SKIP [         ] (─────) ingest connection::tests::payload_serialization_includes_severity_and_reason_lowercase
        SKIP [         ] (─────) ingest connection::tests::payload_serialization_includes_state_tag
        SKIP [         ] (─────) ingest connection::tests::payload_serialization_omits_presentation_fields
        SKIP [         ] (─────) ingest connection::tests::poller_emits_only_on_state_change_no_per_tick_events
        SKIP [         ] (─────) ingest connection::tests::poller_transitions_listening_to_receiving_on_first_ingest
        SKIP [         ] (─────) ingest connection::tests::poller_transitions_to_receiver_failed_on_bind_failure
        SKIP [         ] (─────) ingest connection::tests::severity_for_maps_each_state
        SKIP [         ] (─────) ingest connection::tests::severity_label_returns_lowercase
        SKIP [         ] (─────) ingest connection::tests::state_label_returns_pascal_case_for_each_variant
        SKIP [         ] (─────) ingest contract::tests::channel_full_error_displays_constant_string
        SKIP [         ] (─────) ingest contract::tests::heartbeat_payload_default_state_is_all_zero
        SKIP [         ] (─────) ingest contract::tests::heartbeat_payload_reflects_live_channel_capacity
        SKIP [         ] (─────) ingest contract::tests::heartbeat_payload_reflects_recorded_spans
        SKIP [         ] (─────) ingest contract::tests::invalid_port_error_message_carries_rejected_value
        SKIP [         ] (─────) ingest contract::tests::invariant_violation_error_carries_kind_and_lengths
        SKIP [         ] (─────) ingest contract::tests::otlp_port_accepts_spec_defaults_and_non_privileged::case_1
        SKIP [         ] (─────) ingest contract::tests::otlp_port_accepts_spec_defaults_and_non_privileged::case_2
        SKIP [         ] (─────) ingest contract::tests::otlp_port_accepts_spec_defaults_and_non_privileged::case_3
        SKIP [         ] (─────) ingest contract::tests::otlp_port_accepts_spec_defaults_and_non_privileged::case_4
        SKIP [         ] (─────) ingest contract::tests::otlp_port_accepts_spec_defaults_and_non_privileged::case_5
        SKIP [         ] (─────) ingest contract::tests::otlp_port_rejects_privileged_or_zero::case_1
        SKIP [         ] (─────) ingest contract::tests::otlp_port_rejects_privileged_or_zero::case_2
        SKIP [         ] (─────) ingest contract::tests::otlp_port_rejects_privileged_or_zero::case_3
        SKIP [         ] (─────) ingest contract::tests::otlp_port_rejects_privileged_or_zero::case_4
        SKIP [         ] (─────) ingest contract::tests::otlp_port_rejects_privileged_or_zero::case_5
        SKIP [         ] (─────) ingest contract::tests::otlp_port_value_round_trips
        SKIP [         ] (─────) ingest grpc::tests::count_spans_sums_across_resource_and_scope
        SKIP [         ] (─────) ingest grpc::tests::count_spans_zero_for_empty
        SKIP [         ] (─────) ingest grpc::tests::extract_traceparent_returns_hex_when_present
        SKIP [         ] (─────) ingest grpc::tests::extract_traceparent_returns_none_when_missing
        SKIP [         ] (─────) ingest grpc::tests::max_decoding_size_is_8_mb
        SKIP [         ] (─────) ingest grpc::tests::try_bind_returns_bind_failed_on_collision
        SKIP [         ] (─────) ingest grpc::tests::try_bind_succeeds_on_ephemeral_port
        SKIP [         ] (─────) ingest http::tests::content_type_is_protobuf_accepts_canonical
        SKIP [         ] (─────) ingest http::tests::content_type_is_protobuf_accepts_canonical_with_charset
        SKIP [         ] (─────) ingest http::tests::content_type_is_protobuf_false_when_missing
        SKIP [         ] (─────) ingest http::tests::content_type_is_protobuf_rejects_json
        SKIP [         ] (─────) ingest http::tests::count_spans_sums_across_resource_and_scope
        SKIP [         ] (─────) ingest http::tests::count_spans_zero_for_empty
        SKIP [         ] (─────) ingest http::tests::default_http_port_is_4318
        SKIP [         ] (─────) ingest http::tests::extract_traceparent_returns_none_when_missing
        SKIP [         ] (─────) ingest http::tests::extract_traceparent_returns_value_when_present
        SKIP [         ] (─────) ingest http::tests::max_decoding_body_size_is_8_mb
        SKIP [         ] (─────) ingest http::tests::try_bind_returns_bind_failed_on_collision
        SKIP [         ] (─────) ingest http::tests::try_bind_succeeds_on_ephemeral_port
        SKIP [         ] (─────) ingest invariants::tests::validate_resource_logs_empty_input_is_ok
        SKIP [         ] (─────) ingest invariants::tests::validate_resource_metrics_empty_input_is_ok
        SKIP [         ] (─────) ingest invariants::tests::validate_resource_spans_empty_input_is_ok
        SKIP [         ] (─────) ingest invariants::tests::validate_spans_accepts_attribute_value_within_limit
        SKIP [         ] (─────) ingest invariants::tests::validate_spans_accepts_canonical_ids
        SKIP [         ] (─────) ingest invariants::tests::validate_spans_accepts_empty_parent_span_id
        SKIP [         ] (─────) ingest invariants::tests::validate_spans_accepts_event_with_attribute_within_limit
        SKIP [         ] (─────) ingest invariants::tests::validate_spans_accepts_numeric_attribute_value
        SKIP [         ] (─────) ingest invariants::tests::validate_spans_accepts_span_with_no_events
        SKIP [         ] (─────) ingest invariants::tests::validate_spans_rejects_attribute_count_over_limit
        SKIP [         ] (─────) ingest invariants::tests::validate_spans_rejects_attribute_key_over_limit
        SKIP [         ] (─────) ingest invariants::tests::validate_spans_rejects_attribute_value_bytes_over_limit
        SKIP [         ] (─────) ingest invariants::tests::validate_spans_rejects_attribute_value_string_over_limit
        SKIP [         ] (─────) ingest invariants::tests::validate_spans_rejects_event_attribute_count_over_limit
        SKIP [         ] (─────) ingest invariants::tests::validate_spans_rejects_event_attribute_value_string_over_limit
        SKIP [         ] (─────) ingest invariants::tests::validate_spans_rejects_long_trace_id
        SKIP [         ] (─────) ingest invariants::tests::validate_spans_rejects_short_span_id
        SKIP [         ] (─────) ingest invariants::tests::validate_spans_rejects_short_trace_id
        SKIP [         ] (─────) ingest invariants::tests::validate_spans_rejects_wrong_parent_span_id_length
        SKIP [         ] (─────) ingest invariants::tests::validate_spans_rejects_zero_length_trace_id
        SKIP [         ] (─────) ingest observer::tests::counting_observer_increments_on_each_call
        SKIP [         ] (─────) ingest observer::tests::noop_observer_safe_to_call
        SKIP [         ] (─────) ingest observer::tests::observer_trait_object_callable
        SKIP [         ] (─────) ingest state::tests::concurrent_record_methods_keep_last_ingest_non_decreasing
        SKIP [         ] (─────) ingest state::tests::concurrent_record_spans_accumulates_correctly
        SKIP [         ] (─────) ingest state::tests::last_ingest_at_nanos_is_zero_at_init
        SKIP [         ] (─────) ingest state::tests::last_ingest_at_nanos_monotonically_advances
        SKIP [         ] (─────) ingest state::tests::record_log_records_updates_last_ingest_at_nanos
        SKIP [         ] (─────) ingest state::tests::record_methods_target_distinct_counters
        SKIP [         ] (─────) ingest state::tests::record_metric_data_points_updates_last_ingest_at_nanos
        SKIP [         ] (─────) ingest state::tests::record_spans_accumulates
        SKIP [         ] (─────) ingest state::tests::record_spans_updates_last_ingest_at_nanos
        SKIP [         ] (─────) ingest state::tests::set_broadcast_subscribers_does_not_update_last_ingest
        SKIP [         ] (─────) ingest state::tests::snapshot_is_zero_at_init
        SKIP [         ] (─────) ingest::backpressure http_returns_503_when_channel_saturated
        SKIP [         ] (─────) ingest::grpc_loopback export_payload_over_8mb_is_rejected
        SKIP [         ] (─────) ingest::grpc_loopback no_non_loopback_bind_literals_in_ingest_src
        SKIP [         ] (─────) ingest::grpc_loopback p1_grpc_export_response_ok_and_state_records_spans
        SKIP [         ] (─────) ingest::grpc_loopback try_bind_rejects_collision_with_bind_failed
        SKIP [         ] (─────) ingest::http_loopback body_over_8mb_returns_413_or_4xx
        SKIP [         ] (─────) ingest::http_loopback cors_preflight_has_no_allow_origin_header
        SKIP [         ] (─────) ingest::http_loopback host_header_evil_example_returns_403
        SKIP [         ] (─────) ingest::http_loopback p1_http_post_protobuf_logs_roundtrip
        SKIP [         ] (─────) ingest::http_loopback p1_http_post_protobuf_metrics_roundtrip
        SKIP [         ] (─────) ingest::http_loopback p1_http_post_protobuf_traces_roundtrip
        SKIP [         ] (─────) ingest::http_loopback try_bind_rejects_collision_with_bind_failed
        SKIP [         ] (─────) ingest::http_loopback unsupported_content_type_json_returns_415
        SKIP [         ] (─────) ingest::invariants attribute_count_over_bound_rejects_grpc
        SKIP [         ] (─────) ingest::invariants attribute_key_over_bound_rejects_http
        SKIP [         ] (─────) ingest::invariants attribute_value_over_bound_rejects_http
        SKIP [         ] (─────) ingest::invariants span_id_wrong_length_rejects_grpc_with_invalid_argument
        SKIP [         ] (─────) ingest::invariants span_id_wrong_length_rejects_http_with_400
        SKIP [         ] (─────) ingest::invariants trace_id_wrong_length_rejects_grpc_with_invalid_argument
        SKIP [         ] (─────) ingest::invariants trace_id_wrong_length_rejects_http_with_400
        SKIP [         ] (─────) ingest::invariants valid_payload_records_spans_through_channel_grpc
        SKIP [         ] (─────) ingest::invariants valid_payload_records_spans_through_channel_http
        SKIP [         ] (─────) ingest::proptest_invariants invariants_match_id_lengths
        SKIP [         ] (─────) ingest::rate_limit grpc_returns_resource_exhausted_when_rate_limit_exceeded
        SKIP [         ] (─────) ingest::rate_limit http_429_includes_retry_after_header
        SKIP [         ] (─────) ingest::rate_limit http_returns_429_when_rate_limit_exceeded
        SKIP [         ] (─────) ingest::example/inject_demo tests::identities_stay_distinct_within_one_run
        SKIP [         ] (─────) ingest::example/inject_demo tests::identity_shape_invariants_hold_under_any_salt
        SKIP [         ] (─────) ingest::example/inject_demo tests::no_arguments_keeps_the_default_storm_profile
        SKIP [         ] (─────) ingest::example/inject_demo tests::replay_composes_with_the_other_flags
        SKIP [         ] (─────) ingest::example/inject_demo tests::replay_pins_the_salt_so_two_runs_emit_identical_identities
        SKIP [         ] (─────) ingest::example/inject_demo tests::salts_minted_within_one_clock_tick_stay_distinct
        SKIP [         ] (─────) ingest::example/inject_demo tests::the_default_profile_does_not_collide_across_runs
        SKIP [         ] (─────) ingest::example/inject_demo tests::the_salt_never_reaches_the_emission_profile
        SKIP [         ] (─────) ingest::example/inject_demo tests::unknown_arguments_are_rejected_rather_than_ignored
        SKIP [         ] (─────) interpretation broadcast::tests::model_status_broadcast_default_matches_new
        SKIP [         ] (─────) interpretation broadcast::tests::model_status_broadcast_payload_has_no_path_fields
        SKIP [         ] (─────) interpretation broadcast::tests::model_status_broadcast_round_trips_payload
        SKIP [         ] (─────) interpretation broadcast::tests::model_status_broadcast_send_with_no_subscribers_is_benign
        SKIP [         ] (─────) interpretation broadcast::tests::model_status_broadcast_starts_zero_subscribers
        SKIP [         ] (─────) interpretation broadcast::tests::model_status_broadcast_subscribe_increments_count
        SKIP [         ] (─────) interpretation broadcast::tests::stream_name_matches_pulse_uri_convention
        SKIP [         ] (─────) interpretation contract::tests::inference_error_serializes_to_tagged_enum
        SKIP [         ] (─────) interpretation contract::tests::model_load_event_serializes_to_bounded_shape
        SKIP [         ] (─────) interpretation contract::tests::model_status_label_is_bounded
        SKIP [         ] (─────) interpretation contract::tests::model_tier_label_is_bounded
        SKIP [         ] (─────) interpretation degraded_mode::tests::backoff_progression_constants_are_strictly_increasing
        SKIP [         ] (─────) interpretation degraded_mode::tests::backoff_snapshot_serializes_to_bounded_shape
        SKIP [         ] (─────) interpretation degraded_mode::tests::degraded_mode_state_label_is_bounded
        SKIP [         ] (─────) interpretation degraded_mode::tests::fresh_active_snapshot_has_zero_counter_and_no_retry_window
        SKIP [         ] (─────) interpretation hardware::tests::available_cpu_cores_returns_nonzero
        SKIP [         ] (─────) interpretation hardware::tests::detector_with_profile_returns_cpu_fallback_classification
        SKIP [         ] (─────) interpretation hardware::tests::detector_with_profile_returns_cpu_primary_classification
        SKIP [         ] (─────) interpretation hardware::tests::detector_with_profile_returns_gpu_fallback_classification
        SKIP [         ] (─────) interpretation hardware::tests::detector_with_profile_returns_supplied_profile
        SKIP [         ] (─────) interpretation hardware::tests::parse_profile_override_accepts_kebab_case
        SKIP [         ] (─────) interpretation hardware::tests::parse_profile_override_accepts_snake_case
        SKIP [         ] (─────) interpretation hardware::tests::parse_profile_override_rejects_unknown
        SKIP [         ] (─────) interpretation hardware::tests::parse_profile_override_trims_whitespace_and_case
        SKIP [         ] (─────) interpretation hardware::tests::profile_label_is_bounded_for_all_variants
        SKIP [         ] (─────) interpretation markdown::tests::assemble_report_empty_matches_render_no_previously_seen_section
        SKIP [         ] (─────) interpretation markdown::tests::assemble_report_keeps_a_date_stamped_workspace_verbatim
        SKIP [         ] (─────) interpretation markdown::tests::assemble_report_threads_previously_seen_into_degraded_branch
        SKIP [         ] (─────) interpretation markdown::tests::degraded_mode_replaces_hypotheses_with_explicit_notice
        SKIP [         ] (─────) interpretation markdown::tests::degraded_mode_replaces_investigation_steps_with_explicit_notice
        SKIP [         ] (─────) interpretation markdown::tests::degraded_mode_still_renders_symptom_and_evidence
        SKIP [         ] (─────) interpretation markdown::tests::previously_seen_from_incidents_maps_fields_and_scrubs_titles
        SKIP [         ] (─────) interpretation markdown::tests::report_serialize_round_trips_through_serde
        SKIP [         ] (─────) interpretation markdown::tests::scrub_string_span_masks_a_token_and_keeps_its_sentence
        SKIP [         ] (─────) interpretation markdown::tests::serialize_deterministic_byte_identical_for_identical_input
        SKIP [         ] (─────) interpretation markdown::tests::serialize_evidence_refs_use_inline_code_formatting
        SKIP [         ] (─────) interpretation markdown::tests::serialize_handles_empty_symptom_with_placeholder
        SKIP [         ] (─────) interpretation markdown::tests::serialize_handles_no_evidence_with_placeholder
        SKIP [         ] (─────) interpretation markdown::tests::serialize_handles_no_hypotheses_non_degraded_with_placeholder
        SKIP [         ] (─────) interpretation markdown::tests::serialize_handles_no_investigation_steps_non_degraded_with_placeholder
        SKIP [         ] (─────) interpretation markdown::tests::serialize_includes_all_six_section_headings_for_resolved
        SKIP [         ] (─────) interpretation markdown::tests::serialize_includes_hypothesis_confidence_label
        SKIP [         ] (─────) interpretation markdown::tests::serialize_includes_numbered_investigation_steps
        SKIP [         ] (─────) interpretation markdown::tests::serialize_includes_title_and_metadata_block
        SKIP [         ] (─────) interpretation markdown::tests::serialize_omits_previously_seen_section_when_empty
        SKIP [         ] (─────) interpretation markdown::tests::serialize_omits_resolution_summary_section_when_none
        SKIP [         ] (─────) interpretation markdown::tests::serialize_pii_pass_through_preserves_already_scrubbed_input_verbatim
        SKIP [         ] (─────) interpretation markdown::tests::serialize_renders_previously_seen_section_when_non_empty
        SKIP [         ] (─────) interpretation markdown::tests::serialize_renders_resolution_summary_section_when_present
        SKIP [         ] (─────) interpretation markdown::tests::serialize_section_order_is_stable
        SKIP [         ] (─────) interpretation prompt::tests::citable_ids_are_deduped_upstream_not_here_but_render_order_stable
        SKIP [         ] (─────) interpretation prompt::tests::citable_section_empty_list_renders_explicit_none_instruction
        SKIP [         ] (─────) interpretation prompt::tests::citable_section_orders_after_digest_before_output_instructions
        SKIP [         ] (─────) interpretation prompt::tests::citable_section_renders_ids_verbatim_between_markers_in_all_tiers
        SKIP [         ] (─────) interpretation prompt::tests::citing_instruction_present_in_every_tier_output_instructions
        SKIP [         ] (─────) interpretation prompt::tests::composed_prompt_templates_are_ascii_clean_for_argv_transport
        SKIP [         ] (─────) interpretation prompt::tests::fallback_prompt_does_not_leak_internal_field_names_outside_schema
        SKIP [         ] (─────) interpretation prompt::tests::fallback_prompt_embeds_conventions_snippet
        SKIP [         ] (─────) interpretation prompt::tests::fallback_prompt_embeds_reduced_role_definition
        SKIP [         ] (─────) interpretation prompt::tests::fallback_prompt_embeds_schema_string
        SKIP [         ] (─────) interpretation prompt::tests::fallback_prompt_embeds_versioning_metadata
        SKIP [         ] (─────) interpretation prompt::tests::fallback_prompt_emits_reduced_output_reminder
        SKIP [         ] (─────) interpretation prompt::tests::fallback_prompt_includes_corpus_section_when_present
        SKIP [         ] (─────) interpretation prompt::tests::fallback_prompt_omits_corpus_section_when_empty
        SKIP [         ] (─────) interpretation prompt::tests::fallback_prompt_role_definition_distinguishes_from_primary
        SKIP [         ] (─────) interpretation prompt::tests::fallback_prompt_section_ordering_is_stable
        SKIP [         ] (─────) interpretation prompt::tests::fallback_prompt_total_bytes_bounded
        SKIP [         ] (─────) interpretation prompt::tests::fallback_prompt_wraps_digest_in_markers
        SKIP [         ] (─────) interpretation prompt::tests::fallback_prompt_wraps_project_context_in_markers
        SKIP [         ] (─────) interpretation prompt::tests::primary_prompt_does_not_leak_internal_field_names_outside_schema
        SKIP [         ] (─────) interpretation prompt::tests::primary_prompt_embeds_conventions_snippet
        SKIP [         ] (─────) interpretation prompt::tests::primary_prompt_embeds_role_definition
        SKIP [         ] (─────) interpretation prompt::tests::primary_prompt_embeds_schema_string
        SKIP [         ] (─────) interpretation prompt::tests::primary_prompt_embeds_versioning_metadata
        SKIP [         ] (─────) interpretation prompt::tests::primary_prompt_emits_output_format_reminder
        SKIP [         ] (─────) interpretation prompt::tests::primary_prompt_includes_corpus_section_when_present
        SKIP [         ] (─────) interpretation prompt::tests::primary_prompt_omits_corpus_section_when_empty
        SKIP [         ] (─────) interpretation prompt::tests::primary_prompt_schema_lists_decision_and_severity_after_the_analysis
        SKIP [         ] (─────) interpretation prompt::tests::primary_prompt_section_ordering_is_stable
        SKIP [         ] (─────) interpretation prompt::tests::primary_prompt_wraps_digest_in_markers
        SKIP [         ] (─────) interpretation prompt::tests::primary_prompt_wraps_project_context_in_markers
        SKIP [         ] (─────) interpretation prompt::tests::reflection_prompt_distinguishes_from_primary
        SKIP [         ] (─────) interpretation prompt::tests::reflection_prompt_does_not_leak_internal_field_names_outside_schema
        SKIP [         ] (─────) interpretation prompt::tests::reflection_prompt_embeds_schema_string
        SKIP [         ] (─────) interpretation prompt::tests::reflection_prompt_embeds_trend_emphasis_role
        SKIP [         ] (─────) interpretation prompt::tests::reflection_prompt_embeds_versioning_metadata
        SKIP [         ] (─────) interpretation prompt::tests::reflection_prompt_instructs_default_curious
        SKIP [         ] (─────) interpretation prompt::tests::reflection_prompt_section_ordering_is_stable
        SKIP [         ] (─────) interpretation schema::tests::confidence_serializes_to_snake_case
        SKIP [         ] (─────) interpretation schema::tests::decision_serializes_to_snake_case
        SKIP [         ] (─────) interpretation schema::tests::embedded_schema_includes_required_fields
        SKIP [         ] (─────) interpretation schema::tests::parse_bounded_accepts_valid_payload
        SKIP [         ] (─────) interpretation schema::tests::parse_bounded_rejects_decision_out_of_range
        SKIP [         ] (─────) interpretation schema::tests::parse_bounded_rejects_fallback_with_too_many_hypotheses
        SKIP [         ] (─────) interpretation schema::tests::parse_bounded_rejects_malformed_json
        SKIP [         ] (─────) interpretation schema::tests::parse_bounded_rejects_missing_required_field
        SKIP [         ] (─────) interpretation schema::tests::parse_bounded_rejects_oversize_payload
        SKIP [         ] (─────) interpretation schema::tests::schema_version_constant_matches_json_schema
        SKIP [         ] (─────) interpretation schema::tests::severity_serializes_to_snake_case
        SKIP [         ] (─────) interpretation schema::tests::valid_sample_passes_validate
        SKIP [         ] (─────) interpretation schema::tests::valid_sample_round_trips_through_serde
        SKIP [         ] (─────) interpretation schema::tests::validate_accepts_fallback_with_single_hypothesis
        SKIP [         ] (─────) interpretation schema::tests::validate_accepts_fallback_with_two_investigation_steps
        SKIP [         ] (─────) interpretation schema::tests::validate_accepts_primary_with_five_hypotheses
        SKIP [         ] (─────) interpretation schema::tests::validate_rejects_empty_title
        SKIP [         ] (─────) interpretation schema::tests::validate_rejects_fallback_with_too_many_hypotheses
        SKIP [         ] (─────) interpretation schema::tests::validate_rejects_fallback_with_too_many_investigation_steps
        SKIP [         ] (─────) interpretation schema::tests::validate_rejects_oversized_title
        SKIP [         ] (─────) interpretation schema::tests::validate_rejects_too_many_hypotheses
        SKIP [         ] (─────) interpretation schema::tests::validate_rejects_too_many_investigation_steps
        SKIP [         ] (─────) interpretation schema::tests::validate_rejects_unknown_hardware_profile
        SKIP [         ] (─────) interpretation schema::tests::validate_rejects_unknown_model_tier
        SKIP [         ] (─────) interpretation schema::tests::validate_rejects_wrong_schema_version
        SKIP [         ] (─────) mcp-server contract::tests::env_var_disabled_renders_canonical_message
        SKIP [         ] (─────) mcp-server contract::tests::error_is_send_and_sync
        SKIP [         ] (─────) mcp-server contract::tests::feature_not_enabled_renders_with_reason
        SKIP [         ] (─────) mcp-server contract::tests::io_wraps_std_io_error_via_from
        SKIP [         ] (─────) mcp-server contract::tests::json_rpc_framing_renders_with_detail
        SKIP [         ] (─────) mcp-server contract::tests::rmcp_init_renders_with_detail
        SKIP [         ] (─────) mcp-server contract::tests::tool_args_invalid_renders_with_tool_name_and_reason
        SKIP [         ] (─────) mcp-server contract::tests::tool_dispatch_failed_renders_with_tool_name_and_reason
        SKIP [         ] (─────) mcp-server contract::tests::tracing_init_renders_with_detail
        SKIP [         ] (─────) mcp-server feature_gate::tests::env_var_mcp_enabled_returns_false_for_empty_string
        SKIP [         ] (─────) mcp-server feature_gate::tests::env_var_mcp_enabled_returns_false_for_literal_false
        SKIP [         ] (─────) mcp-server feature_gate::tests::env_var_mcp_enabled_returns_false_for_malformed
        SKIP [         ] (─────) mcp-server feature_gate::tests::env_var_mcp_enabled_returns_false_when_unset
        SKIP [         ] (─────) mcp-server feature_gate::tests::env_var_mcp_enabled_returns_true_for_literal_true
        SKIP [         ] (─────) mcp-server feature_gate::tests::env_var_mcp_enabled_returns_true_for_one
        SKIP [         ] (─────) mcp-server feature_gate::tests::env_var_mcp_enabled_returns_true_for_yes_case_insensitive
        SKIP [         ] (─────) mcp-server feature_gate::tests::env_var_mcp_enabled_trims_whitespace
        SKIP [         ] (─────) mcp-server feature_gate::tests::feature_flag_enabled_matches_cfg
        SKIP [         ] (─────) mcp-server feature_gate::tests::validate_double_gate_emits_check_span_when_env_disabled
        SKIP [         ] (─────) mcp-server feature_gate::tests::validate_double_gate_emits_warn_when_env_set_without_feature
        SKIP [         ] (─────) mcp-server feature_gate::tests::validate_double_gate_returns_enabled_when_both_gates_active
        SKIP [         ] (─────) mcp-server jsonrpc::tests::empty_tools_list_returns_array
        SKIP [         ] (─────) mcp-server jsonrpc::tests::error_response_includes_code_and_message
        SKIP [         ] (─────) mcp-server jsonrpc::tests::error_response_omits_data_when_none
        SKIP [         ] (─────) mcp-server jsonrpc::tests::initialize_result_advertises_protocol_version_and_server_info
        SKIP [         ] (─────) mcp-server jsonrpc::tests::parse_request_accepts_minimal_initialize
        SKIP [         ] (─────) mcp-server jsonrpc::tests::parse_request_accepts_notification_without_id
        SKIP [         ] (─────) mcp-server jsonrpc::tests::parse_request_rejects_garbage
        SKIP [         ] (─────) mcp-server jsonrpc::tests::parse_request_rejects_missing_method
        SKIP [         ] (─────) mcp-server jsonrpc::tests::sanitize_error_data_redacts_rust_type_paths
        SKIP [         ] (─────) mcp-server jsonrpc::tests::sanitize_error_data_redacts_unix_paths
        SKIP [         ] (─────) mcp-server jsonrpc::tests::sanitize_error_data_redacts_version_strings
        SKIP [         ] (─────) mcp-server jsonrpc::tests::sanitize_error_data_redacts_windows_paths
        SKIP [         ] (─────) mcp-server jsonrpc::tests::sanitize_error_data_returns_object_with_summary_field
        SKIP [         ] (─────) mcp-server jsonrpc::tests::success_response_uses_canonical_version
        SKIP [         ] (─────) mcp-server jsonrpc::tests::tools_list_manifest_each_has_description_and_input_schema
        SKIP [         ] (─────) mcp-server jsonrpc::tests::tools_list_manifest_incident_id_tools_require_incident_id
        SKIP [         ] (─────) mcp-server jsonrpc::tests::tools_list_manifest_query_schemas_share_time_window_property
        SKIP [         ] (─────) mcp-server jsonrpc::tests::tools_list_manifest_returns_every_named_tool
        SKIP [         ] (─────) mcp-server tools::tests::all_tool_names_count_is_nine
        SKIP [         ] (─────) mcp-server tools::tests::dispatch_generate_snapshot_returns_envelope_on_empty_buffer
        SKIP [         ] (─────) mcp-server tools::tests::dispatch_query_logs_returns_empty_paginated_response_on_empty_buffer
        SKIP [         ] (─────) mcp-server tools::tests::dispatch_query_metrics_returns_empty_paginated_response_on_empty_buffer
        SKIP [         ] (─────) mcp-server tools::tests::dispatch_query_traces_clamps_limit_above_max
        SKIP [         ] (─────) mcp-server tools::tests::dispatch_query_traces_rejects_malformed_arguments
        SKIP [         ] (─────) mcp-server tools::tests::dispatch_query_traces_returns_empty_paginated_response_on_empty_buffer
        SKIP [         ] (─────) mcp-server tools::tests::dispatch_tool_routes_incident_tools_through_context
        SKIP [         ] (─────) mcp-server tools::tests::dispatch_unknown_tool_returns_tool_dispatch_failed_unknown_tool
        SKIP [         ] (─────) mcp-server tools::tests::incident_tools_error_when_corpus_unavailable
        SKIP [         ] (─────) mcp-server tools::tests::mark_incident_resolved_writes_resolved_status
        SKIP [         ] (─────) mcp-server tools::tests::query_incident_list_returns_active_incidents
        SKIP [         ] (─────) mcp-server tools::tests::result_type_label_known_tools
        SKIP [         ] (─────) mcp-server tools::tests::retrieve_incident_events_coerces_an_out_of_set_kind_to_unknown
        SKIP [         ] (─────) mcp-server tools::tests::retrieve_incident_events_errors_on_missing_incident
        SKIP [         ] (─────) mcp-server tools::tests::retrieve_incident_events_reads_empty_for_a_fresh_incident
        SKIP [         ] (─────) mcp-server tools::tests::retrieve_incident_events_reads_the_producers_created_event_as_created
        SKIP [         ] (─────) mcp-server tools::tests::retrieve_incident_events_reads_transitions_in_order
        SKIP [         ] (─────) mcp-server tools::tests::retrieve_incident_events_result_type_and_count
        SKIP [         ] (─────) mcp-server tools::tests::retrieve_incident_events_truncates_past_the_read_limit
        SKIP [         ] (─────) mcp-server tools::tests::retrieve_report_errors_on_missing_incident
        SKIP [         ] (─────) mcp-server tools::tests::retrieve_report_returns_degraded_markdown_for_active_incident
        SKIP [         ] (─────) mcp-server tools::tests::retrieve_telemetry_slice_returns_evidence_refs
        SKIP [         ] (─────) mcp-server tools::tests::short_reason_redacts_paths_and_versions
        SKIP [         ] (─────) mcp-server tracing_setup::tests::allowlist_for_mcp_target_allows_gate_fields
        SKIP [         ] (─────) mcp-server tracing_setup::tests::allowlist_for_mcp_tools_call_request_cascades_to_mcp_via_split
        SKIP [         ] (─────) mcp-server tracing_setup::tests::allowlist_for_mcp_tools_call_response_includes_chunk_49_fields
        SKIP [         ] (─────) mcp-server tracing_setup::tests::allowlist_for_metric_mcp_tool_call_duration_ms_allows_value_and_method
        SKIP [         ] (─────) mcp-server tracing_setup::tests::allowlist_for_panic_target_allows_panic_fields
        SKIP [         ] (─────) mcp-server tracing_setup::tests::allowlist_redacts_unknown_target
        SKIP [         ] (─────) mcp-server tracing_setup::tests::default_fields_default_environment_is_production
        SKIP [         ] (─────) mcp-server tracing_setup::tests::default_fields_service_name_is_sidecar
        SKIP [         ] (─────) mcp-server tracing_setup::tests::default_fields_service_version_matches_cargo_pkg
        SKIP [         ] (─────) mcp-server tracing_setup::tests::init_creates_log_dir_when_missing
        SKIP [         ] (─────) plugins capability::tests::linker_for_category_returns_typed_linker::case_1
        SKIP [         ] (─────) plugins capability::tests::linker_for_category_returns_typed_linker::case_2
        SKIP [         ] (─────) plugins capability::tests::linker_for_category_returns_typed_linker::case_3
        SKIP [         ] (─────) plugins contract::tests::capability_rejected_displays_all_fields
        SKIP [         ] (─────) plugins contract::tests::heartbeat_payload_is_callable
        SKIP [         ] (─────) plugins contract::tests::load_failed_displays_plugin_id_and_reason
        SKIP [         ] (─────) plugins contract::tests::not_found_displays_plugin_id
        SKIP [         ] (─────) plugins contract::tests::path_canonicalization_failed_displays_reason
        SKIP [         ] (─────) plugins contract::tests::plugin_category_all_returns_three_categories
        SKIP [         ] (─────) plugins contract::tests::plugin_category_as_str_matches_wit_filenames
        SKIP [         ] (─────) plugins contract::tests::resource_limit_exceeded_displays_all_fields
        SKIP [         ] (─────) plugins engine::tests::build_engine_returns_independent_engines
        SKIP [         ] (─────) plugins engine::tests::build_engine_succeeds_with_default_posture
        SKIP [         ] (─────) plugins engine::tests::sanitize_wasmtime_error_falls_back_for_empty_input
        SKIP [         ] (─────) plugins engine::tests::sanitize_wasmtime_error_keeps_first_line_only
        SKIP [         ] (─────) plugins engine::tests::sanitize_wasmtime_error_truncates_to_120_chars
        SKIP [         ] (─────) plugins loader::tests::canonicalize_plugin_dir_rejects_traversal
        SKIP [         ] (─────) plugins loader::tests::canonicalize_plugin_dir_returns_canonical_for_existing_dir
        SKIP [         ] (─────) plugins loader::tests::canonicalize_plugin_dir_returns_path_for_missing_dir
        SKIP [         ] (─────) plugins loader::tests::declared_exports_matches_wit_contract::case_1
        SKIP [         ] (─────) plugins loader::tests::declared_exports_matches_wit_contract::case_2
        SKIP [         ] (─────) plugins loader::tests::declared_exports_matches_wit_contract::case_3
        SKIP [         ] (─────) plugins loader::tests::discover_plugins_classifies_per_category_subdir
        SKIP [         ] (─────) plugins loader::tests::discover_plugins_finds_per_category_wasm_files::case_1
        SKIP [         ] (─────) plugins loader::tests::discover_plugins_finds_per_category_wasm_files::case_2
        SKIP [         ] (─────) plugins loader::tests::discover_plugins_finds_per_category_wasm_files::case_3
        SKIP [         ] (─────) plugins loader::tests::discover_plugins_rejects_invalid_wasm_bytes_via_load_component
        SKIP [         ] (─────) plugins loader::tests::discover_plugins_returns_empty_for_empty_dir
        SKIP [         ] (─────) plugins loader::tests::discover_plugins_returns_empty_for_missing_dir
        SKIP [         ] (─────) plugins loader::tests::discover_plugins_skips_files_outside_category_subdir
        SKIP [         ] (─────) plugins loader::tests::discover_plugins_skips_non_wasm_files_in_category_dir
        SKIP [         ] (─────) plugins loader::tests::empty_registry_reports_zero_loaded
        SKIP [         ] (─────) plugins loader::tests::record_invocation_increments_counter
        SKIP [         ] (─────) plugins loader::tests::registry_find_returns_loaded_plugin_by_id
        SKIP [         ] (─────) plugins loader::tests::replace_plugins_preserves_invocation_counter
        SKIP [         ] (─────) plugins loader::tests::resolve_plugin_dir_uses_env_override_when_set
        SKIP [         ] (─────) plugins sandbox::tests::default_uses_documented_caps
        SKIP [         ] (─────) plugins sandbox::tests::for_category_returns_uniform_defaults::case_1
        SKIP [         ] (─────) plugins sandbox::tests::for_category_returns_uniform_defaults::case_2
        SKIP [         ] (─────) plugins sandbox::tests::for_category_returns_uniform_defaults::case_3
        SKIP [         ] (─────) plugins sandbox::tests::instances_returns_configured_cap
        SKIP [         ] (─────) plugins sandbox::tests::memories_returns_instances_cap_for_symmetry
        SKIP [         ] (─────) plugins sandbox::tests::memory_growing_allows_grow_at_cap
        SKIP [         ] (─────) plugins sandbox::tests::memory_growing_returns_false_past_cap
        SKIP [         ] (─────) plugins sandbox::tests::store_for_category_has_documented_caps::case_1
        SKIP [         ] (─────) plugins sandbox::tests::store_for_category_has_documented_caps::case_2
        SKIP [         ] (─────) plugins sandbox::tests::store_for_category_has_documented_caps::case_3
        SKIP [         ] (─────) plugins sandbox::tests::table_growing_allows_grow_at_cap
        SKIP [         ] (─────) plugins sandbox::tests::table_growing_returns_false_past_cap
        SKIP [         ] (─────) plugins sandbox::tests::tables_returns_configured_cap
        SKIP [         ] (─────) plugins wit_loader::tests::component_with_undeclared_import_fails_to_instantiate
        SKIP [         ] (─────) plugins wit_loader::tests::linker_for_returns_empty_linker
        SKIP [         ] (─────) plugins wit_loader::tests::load_component_for_category_routes_to_correct_id::case_1
        SKIP [         ] (─────) plugins wit_loader::tests::load_component_for_category_routes_to_correct_id::case_2
        SKIP [         ] (─────) plugins wit_loader::tests::load_component_for_category_routes_to_correct_id::case_3
        SKIP [         ] (─────) plugins wit_loader::tests::load_component_rejects_invalid_bytes
        SKIP [         ] (─────) plugins wit_loader::tests::load_component_rejects_oversized_payload
        SKIP [         ] (─────) plugins wit_loader::tests::load_component_succeeds_on_minimal_empty_component
        SKIP [         ] (─────) plugins wit_loader::tests::sandbox_with_undeclared_import_fails_at_link_time::case_1
        SKIP [         ] (─────) plugins wit_loader::tests::sandbox_with_undeclared_import_fails_at_link_time::case_2
        SKIP [         ] (─────) plugins wit_loader::tests::sandbox_with_undeclared_import_fails_at_link_time::case_3
        SKIP [         ] (─────) pulse-app::a11y_perf_workflow ci_workflow_builds_ui_before_a11y_run
        SKIP [         ] (─────) pulse-app::a11y_perf_workflow ci_workflow_invokes_xtask_capability_widening_check
        SKIP [         ] (─────) pulse-app::a11y_perf_workflow ci_workflow_invokes_xtask_perf_slo_load
        SKIP [         ] (─────) pulse-app::a11y_perf_workflow ci_workflow_invokes_xtask_test_a11y
        SKIP [         ] (─────) pulse-app::a11y_perf_workflow ci_workflow_invokes_xtask_verify_capability_matrix
        SKIP [         ] (─────) pulse-app::a11y_perf_workflow ci_workflow_preserves_workflow_level_contents_read_permission
        SKIP [         ] (─────) pulse-app::a11y_perf_workflow ci_workflow_uploads_a11y_violations_artifact
        SKIP [         ] (─────) pulse-app::a11y_perf_workflow ci_workflow_uploads_playwright_a11y_report_artifact
        SKIP [         ] (─────) pulse-app::a11y_perf_workflow ci_workflow_uses_sha_pin_discipline_unchanged
        SKIP [         ] (─────) pulse-app::config_validation capability_updater_permissions_scoped_to_updater_default
        SKIP [         ] (─────) pulse-app::config_validation config_updater_dialog_is_false
        SKIP [         ] (─────) pulse-app::config_validation config_updater_endpoint_matches_github_releases_pattern
        SKIP [         ] (─────) pulse-app::config_validation config_updater_pubkey_is_non_empty
        SKIP [         ] (─────) pulse-app::distribution_manifests update_channels_workflow_environment_scoping_on_secret_jobs
        SKIP [         ] (─────) pulse-app::distribution_manifests update_channels_workflow_homebrew_desc_under_80_chars
        SKIP [         ] (─────) pulse-app::distribution_manifests update_channels_workflow_references_canonical_bundle_artifact_names
        SKIP [         ] (─────) pulse-app::distribution_manifests update_channels_workflow_scoop_manifest_required_keys
        SKIP [         ] (─────) pulse-app::distribution_manifests update_channels_workflow_sha_pin_discipline
        SKIP [         ] (─────) pulse-app::distribution_manifests update_channels_workflow_targets_both_distribution_channels
        SKIP [         ] (─────) pulse-app::distribution_manifests update_channels_workflow_workflow_run_trigger_with_success_guard
        SKIP [         ] (─────) pulse-app::e2e_drain_template_assignment chunk_69_phase_b_drain_assigns_template_id_persists_log_templates_redacts_pii
        SKIP [         ] (─────) pulse-app::e2e_incidents_lifecycle acknowledge_cooldown_rejects_second_attempt_via_registry
        SKIP [         ] (─────) pulse-app::e2e_incidents_lifecycle acknowledge_not_found_returns_app_error_notfound
        SKIP [         ] (─────) pulse-app::e2e_incidents_lifecycle auto_resolution_persists_resolved_state_in_corpus
        SKIP [         ] (─────) pulse-app::e2e_incidents_lifecycle auto_resolution_resolves_active_past_window
        SKIP [         ] (─────) pulse-app::e2e_incidents_lifecycle auto_resolution_skips_within_window
        SKIP [         ] (─────) pulse-app::e2e_incidents_lifecycle broadcast_emits_bounded_payload_no_pii
        SKIP [         ] (─────) pulse-app::e2e_incidents_lifecycle create_to_resolved_via_resolver_returns_empty_active_list
        SKIP [         ] (─────) pulse-app::e2e_incidents_lifecycle explicit_resolve_then_re_resolve_returns_validation_error
        SKIP [         ] (─────) pulse-app::e2e_incidents_lifecycle mark_resolved_not_found_returns_app_error_notfound
        SKIP [         ] (─────) pulse-app::e2e_p003_panic_hook_propagation p003_panic_propagates_to_receiver_panicked_broadcast_within_2s
        SKIP [         ] (─────) pulse-app::e2e_p043_two_workspace_switch p043_workspace_switch_scopes_list_counter_and_previously_seen
        SKIP [         ] (─────) pulse-app::e2e_p1_otlp_grpc_to_traces_query p1_negative_canary_sql_injection_in_cursor_rejected_safely
        SKIP [         ] (─────) pulse-app::e2e_p1_otlp_grpc_to_traces_query p1_otlp_grpc_to_traces_query_returns_ingested_rows
        SKIP [         ] (─────) pulse-app::e2e_p2_snapshot_generate p2_pii_negative_canary_secret_attribute_not_in_markdown
        SKIP [         ] (─────) pulse-app::e2e_p2_snapshot_generate p2_snapshot_generate_emits_markdown_within_token_budget
        SKIP [         ] (─────) pulse-app::e2e_p4_plugin_lifecycle p4_negative_canary_nonexistent_plugin_dir_returns_empty_registry
        SKIP [         ] (─────) pulse-app::e2e_p4_plugin_lifecycle p4_negative_canary_path_traversal_in_plugin_dir_rejected_or_confined
        SKIP [         ] (─────) pulse-app::e2e_p4_plugin_lifecycle p4_plugin_lifecycle_discovers_fixture_component_in_data_transform_dir
        SKIP [         ] (─────) pulse-app::e2e_p5_health_ipc_surrogate p5_health_envelope_serializes_to_json_with_required_keys
        SKIP [         ] (─────) pulse-app::e2e_p5_health_ipc_surrogate p5_health_envelope_shape_matches_standard_contract
        SKIP [         ] (─────) pulse-app::e2e_p5_health_ipc_surrogate p5_health_serialized_message_does_not_leak_internal_paths
        SKIP [         ] (─────) pulse-app::e2e_p6_channel_arrow_ipc p6_broadcast_size_cap_invariant_holds
        SKIP [         ] (─────) pulse-app::e2e_p6_channel_arrow_ipc p6_channel_spans_emits_arrow_ipc_decodable_payload
        SKIP [         ] (─────) pulse-app::e2e_p7_workspace_detect p7_detect_nonexistent_path_returns_canonicalization_failed
        SKIP [         ] (─────) pulse-app::e2e_p7_workspace_detect p7_detect_rejects_path_traversal_input
        SKIP [         ] (─────) pulse-app::e2e_p7_workspace_detect p7_detect_with_git_repo_reports_vcs_git
        SKIP [         ] (─────) pulse-app::e2e_p7_workspace_detect p7_detect_workspace_with_andromeda_marker_returns_marker_true
        SKIP [         ] (─────) pulse-app::e2e_p7_workspace_detect p7_detect_workspace_without_andromeda_marker_returns_marker_false
        SKIP [         ] (─────) pulse-app::e2e_p95_export_for_training confirm_writes_expected_jsonl_with_canary_absent
        SKIP [         ] (─────) pulse-app::e2e_p95_export_for_training export_empty_corpus_returns_zero_records
        SKIP [         ] (─────) pulse-app::e2e_p95_export_for_training preview_returns_summary_without_writing_file
        SKIP [         ] (─────) pulse-app::e2e_p95_export_for_training traversal_target_rejected_with_validation_error
        SKIP [         ] (─────) pulse-app::e2e_pii_bare_credential_stored_field bare_provider_key_in_log_body_is_redacted_before_storage
        SKIP [         ] (─────) pulse-app::e2e_pii_bare_credential_stored_field bare_provider_key_in_span_event_exception_message_is_redacted_before_storage
        SKIP [         ] (─────) pulse-app::e2e_pii_scrubber_persistence_coverage baseline_persistence_pii_shaped_service_key_redacted_in_bincode_payload
        SKIP [         ] (─────) pulse-app::e2e_pii_scrubber_persistence_coverage drain_persistence_pii_canary_does_not_leak_into_corpus_bytes
        SKIP [         ] (─────) pulse-app::e2e_pii_scrubber_persistence_coverage lifecycle_persistence_pii_shaped_service_name_absent_from_at_rest_bytes
        SKIP [         ] (─────) pulse-app::e2e_pii_scrubber_persistence_coverage lifecycle_persistence_pii_shaped_service_name_redacted_via_scrubber
        SKIP [         ] (─────) pulse-app::e2e_pii_scrubber_persistence_coverage storm_persistence_pii_shaped_fingerprint_service_redacted_in_bincode_payload
        SKIP [         ] (─────) pulse-app::e2e_pii_span_masking_stored_field span_mask_keeps_context_around_embedded_secrets_in_stored_columns
        SKIP [         ] (─────) pulse-app::e2e_security_negative_canaries security_app_error_ingest_serialized_message_no_internal_leaks
        SKIP [         ] (─────) pulse-app::e2e_security_negative_canaries security_app_error_internal_serialized_message_no_internal_leaks
        SKIP [         ] (─────) pulse-app::e2e_security_negative_canaries security_app_error_not_found_serialized_message_no_internal_leaks
        SKIP [         ] (─────) pulse-app::e2e_security_negative_canaries security_app_error_plugin_serialized_message_no_internal_leaks
        SKIP [         ] (─────) pulse-app::e2e_security_negative_canaries security_app_error_storage_serialized_message_no_internal_leaks
        SKIP [         ] (─────) pulse-app::e2e_security_negative_canaries security_app_error_validation_serialized_message_no_internal_leaks
        SKIP [         ] (─────) pulse-app::e2e_security_negative_canaries security_p035_report_excerpts_scrub_pii_and_preserve_span_structure
        SKIP [         ] (─────) pulse-app::e2e_security_negative_canaries security_sql_injection_canary_on_logs_query_router
        SKIP [         ] (─────) pulse-app::e2e_security_negative_canaries security_sql_injection_canary_on_metrics_query_router
        SKIP [         ] (─────) pulse-app::e2e_security_negative_canaries security_sql_injection_canary_on_traces_query_router
        SKIP [         ] (─────) pulse-app::e2e_security_negative_canaries security_workspace_wide_loopback_only_no_non_loopback_bind_literals
        SKIP [         ] (─────) pulse-app::e2e_service_lifecycle heartbeat_emits_unknown_to_bootstrapping_on_first_activity
        SKIP [         ] (─────) pulse-app::e2e_service_lifecycle lifecycle_event_with_dormant_archived_thresholds_uses_settings_values
        SKIP [         ] (─────) pulse-app::e2e_service_lifecycle restart_event_subscription_triggers_bootstrapping_transition
        SKIP [         ] (─────) pulse-app::e2e_service_lifecycle service_lifecycle_event_payload_has_no_pii_fields
        SKIP [         ] (─────) pulse-app::e2e_service_lifecycle services_list_with_states_resolver_returns_typed_payload
        SKIP [         ] (─────) pulse-app::e2e_storm_detection chunk_66_storm_detector_emits_suggested_at_5th_autonomous_at_10th
        SKIP [         ] (─────) pulse-app::integration_config_hot_reload hot_reload_applies_cadence_change_and_publishes_new_settings
        SKIP [         ] (─────) pulse-app::integration_config_hot_reload hot_reload_out_of_range_value_rejected_and_retained
        SKIP [         ] (─────) pulse-app::integration_config_hot_reload hot_reload_rejects_malformed_and_retains_previous
        SKIP [         ] (─────) pulse-app::integration_config_hot_reload hot_reload_restart_required_key_raises_notice
        SKIP [         ] (─────) pulse-app::integration_constellation_severity_workspace_key absent_published_key_falls_back_to_data_dir_on_both_ends
        SKIP [         ] (─────) pulse-app::integration_constellation_severity_workspace_key published_key_read_by_the_sidecar_equals_the_app_resolver_key
        SKIP [         ] (─────) pulse-app::integration_constellation_severity_workspace_key resolver_falls_back_to_data_dir_on_both_halves
        SKIP [         ] (─────) pulse-app::integration_constellation_severity_workspace_key resolver_key_equals_producer_workspace_on_detected
        SKIP [         ] (─────) pulse-app::integration_constellation_severity_workspace_key resolver_preserves_windows_extended_length_prefix
        SKIP [         ] (─────) pulse-app::integration_constellation_severity_workspace_key storm_incident_is_found_by_the_resolver_derived_filter_key
        SKIP [         ] (─────) pulse-app::integration_constellation_severity_workspace_key zero_incident_state_stays_empty
        SKIP [         ] (─────) pulse-app::integration_corpus_retrieval_two_session boot_purge_wiring_reports_zero_on_fresh_corpus
        SKIP [         ] (─────) pulse-app::integration_corpus_retrieval_two_session incident_from_session_a_surfaces_in_session_b_corpus_matches
        SKIP [         ] (─────) pulse-app::integration_corpus_retrieval_two_session legacy_unscrubbed_canary_never_reaches_the_digest
        SKIP [         ] (─────) pulse-app::integration_corpus_retrieval_two_session retrieval_caps_at_top_five_newest_matches
        SKIP [         ] (─────) pulse-app::integration_corpus_retrieval_two_session retrieval_events_carry_no_fingerprints_workspaces_or_incident_text
        SKIP [         ] (─────) pulse-app::integration_deterministic_l4_mode deterministic_mode_yields_reproducible_red_dot_incident
        SKIP [         ] (─────) pulse-app::integration_exit_cause_record exit_cause_at_exit_hook_does_not_duplicate_a_record_before_a_native_exit
        SKIP [         ] (─────) pulse-app::integration_exit_cause_record exit_cause_at_exit_hook_does_not_duplicate_the_event_loop_record
        SKIP [         ] (─────) pulse-app::integration_exit_cause_record exit_cause_event_loop_nonzero_code_is_carried_at_error
        SKIP [         ] (─────) pulse-app::integration_exit_cause_record exit_cause_event_loop_zero_code_is_recorded_at_info
        SKIP [         ] (─────) pulse-app::integration_exit_cause_record exit_cause_native_exit_is_recorded_outside_event_loop
        SKIP [         ] (─────) pulse-app::integration_exit_cause_record exit_cause_process_exit_is_recorded_outside_event_loop
        SKIP [         ] (─────) pulse-app::integration_exit_cause_record exit_cause_sigterm_is_recorded_and_still_ends_by_signal
        SKIP [         ] (─────) pulse-app::integration_findings_counter_persists_across_restart findings_counter_state_persists_across_app_restart
        SKIP [         ] (─────) pulse-app::integration_generation_damper backoff_skips_before_the_damper_sees_the_digest
        SKIP [         ] (─────) pulse-app::integration_generation_damper changed_input_generates_under_a_constant_output_runner
        SKIP [         ] (─────) pulse-app::integration_generation_damper failed_generation_is_retried_never_suppressed
        SKIP [         ] (─────) pulse-app::integration_generation_damper unchanged_digest_reemission_costs_zero_runner_calls
        SKIP [         ] (─────) pulse-app::integration_incident_producer_persists_across_restart produced_incident_persists_across_restart_with_scope_id
        SKIP [         ] (─────) pulse-app::integration_incident_write_guard a_fresh_write_still_applies_through_the_adapter
        SKIP [         ] (─────) pulse-app::integration_incident_write_guard a_resolution_landing_inside_the_persist_write_span_survives
        SKIP [         ] (─────) pulse-app::integration_incident_write_guard a_stale_write_declines_rather_than_erroring
        SKIP [         ] (─────) pulse-app::integration_incident_write_guard an_externally_resolved_row_is_not_reverted_by_the_next_persist_cycle
        SKIP [         ] (─────) pulse-app::integration_interpretation_attach creation_attaches_latest_interpretation_to_incident
        SKIP [         ] (─────) pulse-app::integration_interpretation_attach dedupe_refreshes_latest_interpretation
        SKIP [         ] (─────) pulse-app::integration_interpretation_attach report_renders_full_brief_for_live_incident_with_attached_interpretation
        SKIP [         ] (─────) pulse-app::integration_interpretation_attach report_stays_degraded_when_no_interpretation_attached
        SKIP [         ] (─────) pulse-app::integration_investigate_actions deterministic_mode_each_action_yields_a_populated_result
        SKIP [         ] (─────) pulse-app::integration_investigate_actions deterministic_mode_is_reproducible
        SKIP [         ] (─────) pulse-app::integration_investigate_actions empty_buffer_still_yields_a_result
        SKIP [         ] (─────) pulse-app::integration_investigate_actions investigate_does_not_log_telemetry_canary
        SKIP [         ] (─────) pulse-app::integration_investigate_actions missing_buffer_is_storage_error
        SKIP [         ] (─────) pulse-app::integration_investigate_actions runner_error_surfaces_never_silent
        SKIP [         ] (─────) pulse-app::integration_investigate_actions unknown_action_id_is_validation_error
        SKIP [         ] (─────) pulse-app::integration_investigate_actions unparseable_output_surfaces_never_silent
        SKIP [         ] (─────) pulse-app::integration_real_llama_cli real_subprocess_round_trip_returns_schema_conformant_l4_output
        SKIP [         ] (─────) pulse-app::integration_resolution_summary_attachment handle_digest_outcome_on_malformed_resolution_summary_returns_parse_failure
        SKIP [         ] (─────) pulse-app::integration_resolution_summary_attachment handle_digest_outcome_on_resolution_summary_digest_returns_success_when_runner_ok
        SKIP [         ] (─────) pulse-app::integration_resolution_summary_attachment l4_resolution_summary_attaches_to_resolved_incident
        SKIP [         ] (─────) pulse-app::integration_resolution_summary_attachment l4_resolution_summary_attachment_silently_skips_active_incident
        SKIP [         ] (─────) pulse-app::integration_resolution_summary_attachment l4_resolution_summary_attachment_silently_skips_unknown_incident
        SKIP [         ] (─────) pulse-app::integration_resolution_summary_attachment l4_resolution_summary_no_broadcast_emission_on_attachment
        SKIP [         ] (─────) pulse-app::integration_tier1_storm_one_incident cueless_digest_creates_no_incident
        SKIP [         ] (─────) pulse-app::integration_tier1_storm_one_incident storm_to_one_incident_is_reproducible
        SKIP [         ] (─────) pulse-app::integration_tier1_storm_one_incident sustained_identical_fingerprint_storm_yields_exactly_one_incident
        SKIP [         ] (─────) pulse-app::observability_pins allowlist_for_target_extends_buffer_with_drain_heartbeat_fields
        SKIP [         ] (─────) pulse-app::observability_pins allowlist_for_target_handles_prefixes_and_ticks
        SKIP [         ] (─────) pulse-app::observability_pins allowlist_for_target_resolves_baseline_migrate_field_set
        SKIP [         ] (─────) pulse-app::observability_pins allowlist_for_target_resolves_chunk_86_degraded_mode_and_retry_targets
        SKIP [         ] (─────) pulse-app::observability_pins allowlist_for_target_resolves_chunk_87_mark_all_read_and_bulk_acknowledged_targets
        SKIP [         ] (─────) pulse-app::observability_pins allowlist_for_target_resolves_chunk_92_incident_producer_targets
        SKIP [         ] (─────) pulse-app::observability_pins allowlist_for_target_resolves_chunk_97_diagnostics_snapshot_and_history_targets
        SKIP [         ] (─────) pulse-app::observability_pins allowlist_for_target_resolves_curation_field_set
        SKIP [         ] (─────) pulse-app::observability_pins allowlist_for_target_resolves_diagnostics_prefix_fallback_to_diagnostics_entry
        SKIP [         ] (─────) pulse-app::observability_pins allowlist_for_target_resolves_diagnostics_template_distribution_request_field_set
        SKIP [         ] (─────) pulse-app::observability_pins allowlist_for_target_resolves_drain_persistence_load_ok_field_set
        SKIP [         ] (─────) pulse-app::observability_pins allowlist_for_target_resolves_drain_persistence_unavailable_field_set
        SKIP [         ] (─────) pulse-app::observability_pins allowlist_for_target_resolves_duckdb_append_to_arrow_appender_fields
        SKIP [         ] (─────) pulse-app::observability_pins allowlist_for_target_resolves_introspection_namespace
        SKIP [         ] (─────) pulse-app::observability_pins allowlist_for_target_resolves_l4_inference_pipeline_targets
        SKIP [         ] (─────) pulse-app::observability_pins allowlist_for_target_resolves_lifecycle_corpus_restore_extended_field_set
        SKIP [         ] (─────) pulse-app::observability_pins allowlist_for_target_resolves_lifecycle_persist_field_set
        SKIP [         ] (─────) pulse-app::observability_pins allowlist_for_target_resolves_metric_activity_floor_bootstrap_state_field_set
        SKIP [         ] (─────) pulse-app::observability_pins allowlist_for_target_resolves_metric_pipeline_l1c_drain_assignment_latency_p99_microseconds_field_set
        SKIP [         ] (─────) pulse-app::observability_pins allowlist_for_target_resolves_metric_pipeline_l1c_drain_template_count_total_field_set
        SKIP [         ] (─────) pulse-app::observability_pins allowlist_for_target_resolves_metric_snapshot_token_count_ms_field_set
        SKIP [         ] (─────) pulse-app::observability_pins allowlist_for_target_resolves_metric_triage_lifecycle_state_distribution_field_set
        SKIP [         ] (─────) pulse-app::observability_pins allowlist_for_target_resolves_metric_webgpu_frame_duration_ms
        SKIP [         ] (─────) pulse-app::observability_pins allowlist_for_target_resolves_pipeline_l1b_tracked_services_total_field_set
        SKIP [         ] (─────) pulse-app::observability_pins allowlist_for_target_resolves_service_cap_exceeded_field_set
        SKIP [         ] (─────) pulse-app::observability_pins allowlist_for_target_resolves_service_went_silent_evaluate_field_set
        SKIP [         ] (─────) pulse-app::observability_pins allowlist_for_target_resolves_services_list_with_states_request_field_set
        SKIP [         ] (─────) pulse-app::observability_pins allowlist_for_target_resolves_snapshot_clipboard_write_field_set
        SKIP [         ] (─────) pulse-app::observability_pins allowlist_for_target_resolves_snapshot_curate_field_set
        SKIP [         ] (─────) pulse-app::observability_pins allowlist_for_target_resolves_snapshot_generate_request_field_set
        SKIP [         ] (─────) pulse-app::observability_pins allowlist_for_target_resolves_snapshot_notification_dispatch_field_set
        SKIP [         ] (─────) pulse-app::observability_pins allowlist_for_target_resolves_snapshot_render_markdown_field_set
        SKIP [         ] (─────) pulse-app::observability_pins allowlist_for_target_resolves_snapshot_token_count_validate_field_set
        SKIP [         ] (─────) pulse-app::observability_pins allowlist_for_target_resolves_storm_corpus_restore_field_set
        SKIP [         ] (─────) pulse-app::observability_pins allowlist_for_target_resolves_storm_detected_field_set
        SKIP [         ] (─────) pulse-app::observability_pins allowlist_for_target_resolves_storm_persist_field_set
        SKIP [         ] (─────) pulse-app::observability_pins allowlist_for_target_resolves_triage_lifecycle_corpus_restore_field_set
        SKIP [         ] (─────) pulse-app::observability_pins allowlist_for_target_resolves_triage_lifecycle_tick_field_set
        SKIP [         ] (─────) pulse-app::observability_pins allowlist_for_target_resolves_triage_lifecycle_transition_field_set
        SKIP [         ] (─────) pulse-app::observability_pins allowlist_for_target_resolves_ui_bridge_error_namespace
        SKIP [         ] (─────) pulse-app::observability_pins allowlist_for_target_resolves_ui_layout_transition_to_expanded_field_set
        SKIP [         ] (─────) pulse-app::observability_pins allowlist_for_target_resolves_workspace_detect_field_set
        SKIP [         ] (─────) pulse-app::observability_pins allowlist_resolver_picks_chunk24_targets
        SKIP [         ] (─────) pulse-app::observability_pins allowlist_resolves_each_cadence_target_with_expected_fields
        SKIP [         ] (─────) pulse-app::observability_pins cadence_targets_ban_pii_fields_per_chunk_62_precedent
        SKIP [         ] (─────) pulse-app::observability_pins default_fields_absent_when_ci_env_unset
        SKIP [         ] (─────) pulse-app::observability_pins default_fields_present_when_ci_env_set
        SKIP [         ] (─────) pulse-app::observability_pins deployment_environment_returns_known_value
        SKIP [         ] (─────) pulse-app::observability_pins json_schema_conformance
        SKIP [         ] (─────) pulse-app::observability_pins log_basename_returns_filename_only
        SKIP [         ] (─────) pulse-app::observability_pins scrubber_passes_a11y_diagnostic_fields
        SKIP [         ] (─────) pulse-app::observability_pins scrubber_passes_allowlisted_field
        SKIP [         ] (─────) pulse-app::observability_pins scrubber_passes_app_boot_gpu_check_fields
        SKIP [         ] (─────) pulse-app::observability_pins scrubber_passes_app_boot_tray_init_fields
        SKIP [         ] (─────) pulse-app::observability_pins scrubber_passes_app_boot_webview_init_fields
        SKIP [         ] (─────) pulse-app::observability_pins scrubber_passes_app_boot_window_show_fields
        SKIP [         ] (─────) pulse-app::observability_pins scrubber_passes_buffer_retention_sweep_error_fields
        SKIP [         ] (─────) pulse-app::observability_pins scrubber_passes_buffer_retention_sweep_fields
        SKIP [         ] (─────) pulse-app::observability_pins scrubber_passes_buffer_schema_init_error_fields
        SKIP [         ] (─────) pulse-app::observability_pins scrubber_passes_buffer_schema_init_fields
        SKIP [         ] (─────) pulse-app::observability_pins scrubber_passes_buffer_tick_obs_plan_fields
        SKIP [         ] (─────) pulse-app::observability_pins scrubber_passes_config_load_retention_seconds_fields
        SKIP [         ] (─────) pulse-app::observability_pins scrubber_passes_duckdb_append_fields
        SKIP [         ] (─────) pulse-app::observability_pins scrubber_passes_extended_viz_allowlist_fields
        SKIP [         ] (─────) pulse-app::observability_pins scrubber_passes_grpc_rate_limit_fields
        SKIP [         ] (─────) pulse-app::observability_pins scrubber_passes_http_rate_limit_fields
        SKIP [         ] (─────) pulse-app::observability_pins scrubber_passes_ingest_tick_obs_plan_fields
        SKIP [         ] (─────) pulse-app::observability_pins scrubber_passes_metric_buffer_evicted_span_count_fields
        SKIP [         ] (─────) pulse-app::observability_pins scrubber_passes_metric_buffer_memory_bytes_fields
        SKIP [         ] (─────) pulse-app::observability_pins scrubber_passes_metric_ingest_channel_broadcast_subscribers_fields
        SKIP [         ] (─────) pulse-app::observability_pins scrubber_passes_metric_prefix_fields
        SKIP [         ] (─────) pulse-app::observability_pins scrubber_passes_metric_trace_error_count_fields
        SKIP [         ] (─────) pulse-app::observability_pins scrubber_passes_metric_trace_latency_percentiles_fields
        SKIP [         ] (─────) pulse-app::observability_pins scrubber_passes_metric_webgpu_frame_duration_ms_fields
        SKIP [         ] (─────) pulse-app::observability_pins scrubber_passes_plugins_tick_obs_plan_fields
        SKIP [         ] (─────) pulse-app::observability_pins scrubber_passes_port_validation_fields
        SKIP [         ] (─────) pulse-app::observability_pins scrubber_passes_tauri_channel_emit_error_fields
        SKIP [         ] (─────) pulse-app::observability_pins scrubber_passes_tauri_channel_emit_fields
        SKIP [         ] (─────) pulse-app::observability_pins scrubber_passes_tauri_channel_emit_size_exceeded_fields
        SKIP [         ] (─────) pulse-app::observability_pins scrubber_passes_tauri_channel_lag_fields
        SKIP [         ] (─────) pulse-app::observability_pins scrubber_passes_tick_suffix_fields
        SKIP [         ] (─────) pulse-app::observability_pins scrubber_passes_tray_visibility_toggle_fields
        SKIP [         ] (─────) pulse-app::observability_pins scrubber_passes_ui_layout_transition_fields
        SKIP [         ] (─────) pulse-app::observability_pins scrubber_passes_viz_query_error_fields
        SKIP [         ] (─────) pulse-app::observability_pins scrubber_passes_viz_query_traces_fields
        SKIP [         ] (─────) pulse-app::observability_pins scrubber_passes_viz_tick_obs_plan_fields
        SKIP [         ] (─────) pulse-app::observability_pins scrubber_redacts_non_allowlisted_app_boot_gpu_check_field
        SKIP [         ] (─────) pulse-app::observability_pins scrubber_redacts_non_allowlisted_app_boot_webview_init_field
        SKIP [         ] (─────) pulse-app::observability_pins scrubber_redacts_non_allowlisted_app_boot_window_show_field
        SKIP [         ] (─────) pulse-app::observability_pins scrubber_redacts_non_allowlisted_buffer_retention_sweep_error_field
        SKIP [         ] (─────) pulse-app::observability_pins scrubber_redacts_non_allowlisted_buffer_retention_sweep_field
        SKIP [         ] (─────) pulse-app::observability_pins scrubber_redacts_non_allowlisted_buffer_schema_init_error_field
        SKIP [         ] (─────) pulse-app::observability_pins scrubber_redacts_non_allowlisted_buffer_schema_init_field
        SKIP [         ] (─────) pulse-app::observability_pins scrubber_redacts_non_allowlisted_config_load_retention_seconds_field
        SKIP [         ] (─────) pulse-app::observability_pins scrubber_redacts_non_allowlisted_duckdb_append_field
        SKIP [         ] (─────) pulse-app::observability_pins scrubber_redacts_non_allowlisted_field
        SKIP [         ] (─────) pulse-app::observability_pins scrubber_redacts_non_allowlisted_field_on_each_tick_target
        SKIP [         ] (─────) pulse-app::observability_pins scrubber_redacts_non_allowlisted_metric_buffer_evicted_span_count_field
        SKIP [         ] (─────) pulse-app::observability_pins scrubber_redacts_non_allowlisted_metric_buffer_memory_bytes_field
        SKIP [         ] (─────) pulse-app::observability_pins scrubber_redacts_non_allowlisted_metric_ingest_channel_broadcast_subscribers_field
        SKIP [         ] (─────) pulse-app::observability_pins scrubber_redacts_non_allowlisted_metric_snapshot_token_count_ms_field
        SKIP [         ] (─────) pulse-app::observability_pins scrubber_redacts_non_allowlisted_metric_trace_error_count_field
        SKIP [         ] (─────) pulse-app::observability_pins scrubber_redacts_non_allowlisted_metric_trace_latency_percentiles_field
        SKIP [         ] (─────) pulse-app::observability_pins scrubber_redacts_non_allowlisted_metric_webgpu_frame_duration_ms_field
        SKIP [         ] (─────) pulse-app::observability_pins scrubber_redacts_non_allowlisted_port_validation_field
        SKIP [         ] (─────) pulse-app::observability_pins scrubber_redacts_non_allowlisted_rate_limit_field
        SKIP [         ] (─────) pulse-app::observability_pins scrubber_redacts_non_allowlisted_snapshot_aggregate_field
        SKIP [         ] (─────) pulse-app::observability_pins scrubber_redacts_non_allowlisted_snapshot_clipboard_write_field
        SKIP [         ] (─────) pulse-app::observability_pins scrubber_redacts_non_allowlisted_snapshot_curate_field
        SKIP [         ] (─────) pulse-app::observability_pins scrubber_redacts_non_allowlisted_snapshot_generate_request_field
        SKIP [         ] (─────) pulse-app::observability_pins scrubber_redacts_non_allowlisted_snapshot_notification_dispatch_field
        SKIP [         ] (─────) pulse-app::observability_pins scrubber_redacts_non_allowlisted_snapshot_render_markdown_field
        SKIP [         ] (─────) pulse-app::observability_pins scrubber_redacts_non_allowlisted_snapshot_token_count_validate_field
        SKIP [         ] (─────) pulse-app::observability_pins scrubber_redacts_non_allowlisted_tauri_channel_emit_error_field
        SKIP [         ] (─────) pulse-app::observability_pins scrubber_redacts_non_allowlisted_tauri_channel_emit_field
        SKIP [         ] (─────) pulse-app::observability_pins scrubber_redacts_non_allowlisted_tauri_channel_emit_size_exceeded_field
        SKIP [         ] (─────) pulse-app::observability_pins scrubber_redacts_non_allowlisted_tauri_channel_lag_field
        SKIP [         ] (─────) pulse-app::observability_pins scrubber_redacts_non_allowlisted_tray_visibility_toggle_field
        SKIP [         ] (─────) pulse-app::observability_pins scrubber_redacts_non_allowlisted_ui_layout_transition_field
        SKIP [         ] (─────) pulse-app::observability_pins scrubber_redacts_non_allowlisted_viz_query_error_field
        SKIP [         ] (─────) pulse-app::observability_pins scrubber_redacts_non_allowlisted_viz_query_traces_field
        SKIP [         ] (─────) pulse-app::observability_pins scrubber_redacts_non_allowlisted_workspace_detect_field
        SKIP [         ] (─────) pulse-app::observability_pins scrubber_redacts_query_parameter_value_on_viz_target
        SKIP [         ] (─────) pulse-app::observability_pins scrubber_redacts_unknown_target
        SKIP [         ] (─────) pulse-app::observability_pins subscriber_init_idempotent_under_test_repetition
        SKIP [         ] (─────) pulse-app::observability_pins timestamp_is_rfc3339_with_millis
        SKIP [         ] (─────) pulse-app::observability_pins validate_ci_run_id_accepts_digits
        SKIP [         ] (─────) pulse-app::observability_pins validate_ci_run_id_rejects_garbage
        SKIP [         ] (─────) pulse-app::observability_pins validate_git_commit_sha_accepts_lowercase_hex
        SKIP [         ] (─────) pulse-app::observability_pins validate_git_commit_sha_rejects_garbage
        SKIP [         ] (─────) pulse-app::perf_slo_10k_spans perf_slo_sustained_10k_spans_per_sec_ingest_throughput_holds
        SKIP [         ] (─────) pulse-app::quality_gate_workflow ci_workflow_clippy_uses_deny_warnings
        SKIP [         ] (─────) pulse-app::quality_gate_workflow ci_workflow_downloads_coverage_baseline_artifact
        SKIP [         ] (─────) pulse-app::quality_gate_workflow ci_workflow_downloads_criterion_baseline_artifact
        SKIP [         ] (─────) pulse-app::quality_gate_workflow ci_workflow_env_includes_ci_run_id
        SKIP [         ] (─────) pulse-app::quality_gate_workflow ci_workflow_invokes_ci_gates
        SKIP [         ] (─────) pulse-app::quality_gate_workflow ci_workflow_invokes_coverage_regression_check
        SKIP [         ] (─────) pulse-app::quality_gate_workflow ci_workflow_invokes_criterion_regression_check
        SKIP [         ] (─────) pulse-app::quality_gate_workflow ci_workflow_invokes_quarantine_tracking_check
        SKIP [         ] (─────) pulse-app::quality_gate_workflow ci_workflow_release_job_owns_and_saves_its_cache_key
        SKIP [         ] (─────) pulse-app::quality_gate_workflow ci_workflow_test_gates_no_continue_on_error
        SKIP [         ] (─────) pulse-app::quality_gate_workflow ci_workflow_uploads_criterion_artifact_unchanged
        SKIP [         ] (─────) pulse-app::quality_gate_workflow ci_workflow_uploads_logs_artifact_unchanged
        SKIP [         ] (─────) pulse-app::quality_gate_workflow data_dir_export_precedes_every_consumer
        SKIP [         ] (─────) pulse-app::quality_gate_workflow nextest_ci_profile_enforces_zero_retries
        SKIP [         ] (─────) pulse-app::quality_gate_workflow nextest_default_profile_excludes_load_profiles_suite
        SKIP [         ] (─────) pulse-app::quality_gate_workflow nextest_default_profile_excludes_perf_budget_samples_producer
        SKIP [         ] (─────) pulse-app::quality_gate_workflow nextest_load_profiles_profile_preserves_zero_flake_posture
        SKIP [         ] (─────) pulse-app::quality_gate_workflow workflow_env_references_no_step_only_context
        SKIP [         ] (─────) pulse-app::security_apperror_sanitization apperror_ingest_does_not_leak_pii_vectors
        SKIP [         ] (─────) pulse-app::security_apperror_sanitization apperror_internal_constructor_does_not_inject_caller_context
        SKIP [         ] (─────) pulse-app::security_apperror_sanitization apperror_internal_from_constant_message_does_not_leak_pii_vectors
        SKIP [         ] (─────) pulse-app::security_apperror_sanitization apperror_not_found_does_not_leak_pii_vectors
        SKIP [         ] (─────) pulse-app::security_apperror_sanitization apperror_plugin_does_not_leak_pii_vectors
        SKIP [         ] (─────) pulse-app::security_apperror_sanitization apperror_storage_does_not_leak_pii_vectors
        SKIP [         ] (─────) pulse-app::security_apperror_sanitization apperror_validation_does_not_leak_pii_vectors
        SKIP [         ] (─────) pulse-app::security_apperror_sanitization from_buffer_error_init_produces_sanitized_storage_variant
        SKIP [         ] (─────) pulse-app::security_apperror_sanitization from_plugins_error_produces_sanitized_plugin_or_internal_variant
        SKIP [         ] (─────) pulse-app::security_apperror_sanitization from_snapshot_error_propagates_sanitized_message_only
        SKIP [         ] (─────) pulse-app::security_apperror_sanitization from_viz_error_query_failed_produces_sanitized_storage_variant
        SKIP [         ] (─────) pulse-app::security_apperror_sanitization from_workspace_detector_error_produces_sanitized_variant
        SKIP [         ] (─────) pulse-app::security_l4_parse_failure_does_not_leak_output l4_parse_failure_path_does_not_leak_canary_to_tracing
        SKIP [         ] (─────) pulse-app::security_l4_parse_failure_does_not_leak_output l4_schema_violation_path_does_not_leak_canary_to_tracing
        SKIP [         ] (─────) pulse-app::security_path_env_var_canonicalization canonicalize_plugin_dir_handles_existing_valid_path_without_leaking_into_logs
        SKIP [         ] (─────) pulse-app::security_path_env_var_canonicalization canonicalize_plugin_dir_rejects_traversal_path_without_leaking_canary
        SKIP [         ] (─────) pulse-app::security_plugin_path_basename_only canonicalize_plugin_dir_returns_basename_in_traversal_rejection_error
        SKIP [         ] (─────) pulse-app::security_plugin_path_basename_only discover_plugins_emits_basename_only_in_tracing_spans
        SKIP [         ] (─────) pulse-app::security_plugin_path_basename_only discover_plugins_returns_basename_only_in_loaded_plugin
        SKIP [         ] (─────) pulse-app::unit_baseline_persistence corpus_error_decryption_failed_maps_to_baseline_deserialize
        SKIP [         ] (─────) pulse-app::unit_baseline_persistence corpus_error_encryption_failed_maps_to_baseline_serialize
        SKIP [         ] (─────) pulse-app::unit_baseline_persistence corpus_error_keyring_unavailable_maps_to_sanitized_baseline_io
        SKIP [         ] (─────) pulse-app::unit_baseline_persistence corpus_error_query_failed_maps_to_sanitized_baseline_io
        SKIP [         ] (─────) pulse-app::unit_baseline_persistence corpus_error_schema_version_mismatch_maps_with_expected_constant
        SKIP [         ] (─────) pulse-app::unit_baseline_persistence load_returns_none_when_corpus_empty
        SKIP [         ] (─────) pulse-app::unit_baseline_persistence metric_name_and_layer_constants_match_plan_spec
        SKIP [         ] (─────) pulse-app::unit_baseline_persistence migrate_legacy_completed_deletes_legacy_file_and_persists_to_corpus
        SKIP [         ] (─────) pulse-app::unit_baseline_persistence migrate_legacy_emits_completed_warn_log
        SKIP [         ] (─────) pulse-app::unit_baseline_persistence migrate_legacy_emits_failed_warn_on_corrupt_bytes
        SKIP [         ] (─────) pulse-app::unit_baseline_persistence migrate_legacy_failed_on_corrupt_bytes_preserves_legacy_file
        SKIP [         ] (─────) pulse-app::unit_baseline_persistence migrate_legacy_idempotent_on_second_call
        SKIP [         ] (─────) pulse-app::unit_baseline_persistence migrate_legacy_rejects_oversized_length_prefix_without_oom
        SKIP [         ] (─────) pulse-app::unit_baseline_persistence migrate_legacy_returns_noop_when_no_legacy_file
        SKIP [         ] (─────) pulse-app::unit_baseline_persistence pii_canary_not_present_in_corpus_db_raw_bytes
        SKIP [         ] (─────) pulse-app::unit_baseline_persistence save_then_load_round_trips_baseline_state_through_corpus
        SKIP [         ] (─────) pulse-app::unit_baseline_persistence save_writes_through_corpus_writer_save_pipeline_metric
        SKIP [         ] (─────) pulse-app::unit_close_signpost close_sends_app_to_tray_only_for_the_widget
        SKIP [         ] (─────) pulse-app::unit_close_signpost fires_every_time_when_notifications_enabled
        SKIP [         ] (─────) pulse-app::unit_close_signpost suppressed_when_notifications_disabled
        SKIP [         ] (─────) pulse-app::unit_config_watcher config_watch_error_category_is_sanitized_label
        SKIP [         ] (─────) pulse-app::unit_config_watcher reevaluate_on_empty_registry_is_noop_but_marks_cadence_prospective
        SKIP [         ] (─────) pulse-app::unit_config_watcher reevaluate_reclassifies_tracked_services_and_emits_transitions
        SKIP [         ] (─────) pulse-app::unit_config_watcher settings_to_cadence_config_maps_fields
        SKIP [         ] (─────) pulse-app::unit_config_watcher settings_to_lifecycle_thresholds_maps_fields
        SKIP [         ] (─────) pulse-app::unit_connection_router current_state_returns_listening_when_no_ingest_and_bind_ok
        SKIP [         ] (─────) pulse-app::unit_connection_router current_state_returns_receiver_failed_when_bind_failed
        SKIP [         ] (─────) pulse-app::unit_connection_router heartbeat_bind_status_ok_reports_not_failed
        SKIP [         ] (─────) pulse-app::unit_connection_router heartbeat_bind_status_reports_failed_when_either_receiver_failed
        SKIP [         ] (─────) pulse-app::unit_consumer_stall_classification last_append_age_is_whole_seconds_since_the_last_append
        SKIP [         ] (─────) pulse-app::unit_consumer_stall_classification last_append_age_is_zero_before_the_first_append
        SKIP [         ] (─────) pulse-app::unit_consumer_stall_classification rows_advancing_is_healthy_regardless_of_channel_occupancy
        SKIP [         ] (─────) pulse-app::unit_consumer_stall_classification stall_threshold_clears_the_in_spec_drain_window
        SKIP [         ] (─────) pulse-app::unit_consumer_stall_classification static_rows_with_an_empty_channel_is_an_idle_producer
        SKIP [         ] (─────) pulse-app::unit_consumer_stall_classification static_rows_with_queued_work_is_a_stalled_consumer
        SKIP [         ] (─────) pulse-app::unit_degraded_mode_runtime current_snapshot_recomputes_backoff_seconds_remaining_against_clock
        SKIP [         ] (─────) pulse-app::unit_degraded_mode_runtime initial_state_is_active_with_zero_counter
        SKIP [         ] (─────) pulse-app::unit_degraded_mode_runtime interpretation_retry_error_to_app_error_covers_all_variants_with_sanitization
        SKIP [         ] (─────) pulse-app::unit_degraded_mode_runtime interpretation_retry_error_to_app_error_sanitizes_inner_reason_strings
        SKIP [         ] (─────) pulse-app::unit_degraded_mode_runtime is_in_backoff_returns_false_when_active
        SKIP [         ] (─────) pulse-app::unit_degraded_mode_runtime is_in_backoff_returns_true_when_degraded_and_before_next_retry
        SKIP [         ] (─────) pulse-app::unit_degraded_mode_runtime local_degraded_mode_emits_degraded_enter_warning_on_threshold
        SKIP [         ] (─────) pulse-app::unit_degraded_mode_runtime local_degraded_mode_emits_degraded_exit_info_on_recovery
        SKIP [         ] (─────) pulse-app::unit_degraded_mode_runtime local_degraded_mode_emits_degraded_exit_on_manual_retry_when_degraded
        SKIP [         ] (─────) pulse-app::unit_degraded_mode_runtime local_degraded_mode_emits_no_events_when_active_throughout
        SKIP [         ] (─────) pulse-app::unit_degraded_mode_runtime record_failure_advances_backoff_progression_2_5_10_min
        SKIP [         ] (─────) pulse-app::unit_degraded_mode_runtime record_failure_at_threshold_transitions_to_degraded
        SKIP [         ] (─────) pulse-app::unit_degraded_mode_runtime record_failure_below_threshold_keeps_active
        SKIP [         ] (─────) pulse-app::unit_degraded_mode_runtime record_failure_outside_window_resets_counter
        SKIP [         ] (─────) pulse-app::unit_degraded_mode_runtime record_success_after_degraded_resets_state
        SKIP [         ] (─────) pulse-app::unit_degraded_mode_runtime trigger_manual_retry_resets_backoff_immediately
        SKIP [         ] (─────) pulse-app::unit_deterministic_inference canned_arrays_sit_inside_the_schema_bounds
        SKIP [         ] (─────) pulse-app::unit_deterministic_inference canned_evidence_refs_survive_the_scrubber_unredacted
        SKIP [         ] (─────) pulse-app::unit_deterministic_inference canned_output_carries_no_pii
        SKIP [         ] (─────) pulse-app::unit_deterministic_inference canned_output_is_schema_valid_and_surface_autonomous
        SKIP [         ] (─────) pulse-app::unit_deterministic_inference canned_output_populates_hypotheses_and_investigation_steps
        SKIP [         ] (─────) pulse-app::unit_deterministic_inference canned_output_populates_the_graded_evidence_refs
        SKIP [         ] (─────) pulse-app::unit_deterministic_inference canned_output_routes_every_non_resolution_digest_kind_to_create
        SKIP [         ] (─────) pulse-app::unit_deterministic_inference env_gate_truthy_parse_table
        SKIP [         ] (─────) pulse-app::unit_deterministic_inference resolution_summary_kind_digest_takes_the_attach_branch
        SKIP [         ] (─────) pulse-app::unit_deterministic_inference runner_is_loaded_and_returns_canned_output
        SKIP [         ] (─────) pulse-app::unit_diagnostics_router_retry_interpretation diagnostics_retry_interpretation_in_active_state_returns_no_op
        SKIP [         ] (─────) pulse-app::unit_diagnostics_router_retry_interpretation diagnostics_retry_interpretation_in_degraded_state_triggers_recovery
        SKIP [         ] (─────) pulse-app::unit_diagnostics_router_retry_interpretation diagnostics_retry_interpretation_with_active_failures_triggers_reset
        SKIP [         ] (─────) pulse-app::unit_diagnostics_router_retry_interpretation retry_interpretation_payload_excludes_pii_fields_in_serialization
        SKIP [         ] (─────) pulse-app::unit_diagnostics_router_retry_interpretation retry_interpretation_payload_serializes_through_serde_json
        SKIP [         ] (─────) pulse-app::unit_diagnostics_router_snapshot history_clamps_oversized_window_without_error
        SKIP [         ] (─────) pulse-app::unit_diagnostics_router_snapshot history_payload_serializes_round_trip
        SKIP [         ] (─────) pulse-app::unit_diagnostics_router_snapshot history_rejects_unknown_metric_name
        SKIP [         ] (─────) pulse-app::unit_diagnostics_router_snapshot history_returns_stub_for_known_metric
        SKIP [         ] (─────) pulse-app::unit_diagnostics_router_snapshot snapshot_payload_serializes_and_excludes_pii_fields
        SKIP [         ] (─────) pulse-app::unit_diagnostics_router_snapshot snapshot_reflects_drain_template_count_after_ingest
        SKIP [         ] (─────) pulse-app::unit_diagnostics_router_snapshot snapshot_returns_live_state_with_degraded_markers_for_unproduced_fields
        SKIP [         ] (─────) pulse-app::unit_diagnostics_router_snapshot snapshot_returns_zero_template_count_for_fresh_miner
        SKIP [         ] (─────) pulse-app::unit_diagnostics_router_template_distribution drain_error_to_app_error_broadcast_size_cap_variant_sanitized
        SKIP [         ] (─────) pulse-app::unit_diagnostics_router_template_distribution drain_error_to_app_error_drain_variant_sanitized
        SKIP [         ] (─────) pulse-app::unit_diagnostics_router_template_distribution drain_error_to_app_error_init_variant_sanitized
        SKIP [         ] (─────) pulse-app::unit_diagnostics_router_template_distribution drain_error_to_app_error_invalid_batch_variant_sanitized
        SKIP [         ] (─────) pulse-app::unit_diagnostics_router_template_distribution drain_error_to_app_error_schema_create_variant_sanitized
        SKIP [         ] (─────) pulse-app::unit_diagnostics_router_template_distribution drift_indicator_payload_from_buffer_variant_round_trip
        SKIP [         ] (─────) pulse-app::unit_diagnostics_router_template_distribution template_distribution_caps_at_top_n_constant
        SKIP [         ] (─────) pulse-app::unit_diagnostics_router_template_distribution template_distribution_payload_drift_indicator_round_trips
        SKIP [         ] (─────) pulse-app::unit_diagnostics_router_template_distribution template_distribution_payload_serializes_through_serde_json
        SKIP [         ] (─────) pulse-app::unit_diagnostics_router_template_distribution template_distribution_returns_empty_payload_for_fresh_miner
        SKIP [         ] (─────) pulse-app::unit_diagnostics_router_template_distribution template_distribution_returns_top_templates_after_ingest
        SKIP [         ] (─────) pulse-app::unit_digest_runtime_scrub pii_scrub_closure_allows_clean_text
        SKIP [         ] (─────) pulse-app::unit_digest_runtime_scrub pii_scrub_closure_keeps_a_digest_whose_project_line_carries_a_date_stamp
        SKIP [         ] (─────) pulse-app::unit_digest_runtime_scrub pii_scrub_closure_redacts_jwt
        SKIP [         ] (─────) pulse-app::unit_digest_runtime_scrub pii_scrub_closure_span_masks_a_card_line_and_a_keyed_line_independently
        SKIP [         ] (─────) pulse-app::unit_digest_runtime_scrub pii_scrub_closure_span_masks_only_the_card_in_a_digest
        SKIP [         ] (─────) pulse-app::unit_digest_runtime_scrub pii_scrub_fixture_overall_line_matches_the_render
        SKIP [         ] (─────) pulse-app::unit_drain_persistence corpus_error_decryption_failed_maps_to_sanitized_message
        SKIP [         ] (─────) pulse-app::unit_drain_persistence corpus_error_keyring_unavailable_maps_to_sanitized_buffer_drain
        SKIP [         ] (─────) pulse-app::unit_drain_persistence corpus_error_query_failed_maps_to_sanitized_message
        SKIP [         ] (─────) pulse-app::unit_drain_persistence load_returns_none_when_corpus_empty
        SKIP [         ] (─────) pulse-app::unit_drain_persistence metric_name_and_layer_constants_match_plan_spec
        SKIP [         ] (─────) pulse-app::unit_drain_persistence save_then_load_round_trips_drain_state_through_corpus
        SKIP [         ] (─────) pulse-app::unit_drain_persistence save_writes_through_corpus_writer_save_pipeline_metric
        SKIP [         ] (─────) pulse-app::unit_heartbeat_ticks emit_buffer_tick_emits_metric_buffer_evicted_span_count_event_when_delta_positive
        SKIP [         ] (─────) pulse-app::unit_heartbeat_ticks emit_buffer_tick_emits_metric_buffer_memory_bytes_event
        SKIP [         ] (─────) pulse-app::unit_heartbeat_ticks emit_buffer_tick_emits_metric_pipeline_l1c_drain_template_count_total_when_miner_present
        SKIP [         ] (─────) pulse-app::unit_heartbeat_ticks emit_buffer_tick_emits_target_and_fields
        SKIP [         ] (─────) pulse-app::unit_heartbeat_ticks emit_buffer_tick_reflects_real_eviction_count_delta
        SKIP [         ] (─────) pulse-app::unit_heartbeat_ticks emit_buffer_tick_reflects_real_memory_bytes
        SKIP [         ] (─────) pulse-app::unit_heartbeat_ticks emit_buffer_tick_reflects_real_rows_ingested_count
        SKIP [         ] (─────) pulse-app::unit_heartbeat_ticks emit_buffer_tick_reflects_retention_window_active_after_flip
        SKIP [         ] (─────) pulse-app::unit_heartbeat_ticks emit_buffer_tick_resets_drain_lru_evictions_counter_each_tick
        SKIP [         ] (─────) pulse-app::unit_heartbeat_ticks emit_buffer_tick_suppresses_drain_metric_when_miner_not_threaded_in
        SKIP [         ] (─────) pulse-app::unit_heartbeat_ticks emit_buffer_tick_suppresses_metric_evicted_span_count_when_delta_zero
        SKIP [         ] (─────) pulse-app::unit_heartbeat_ticks emit_buffer_tick_surfaces_drain_fields_when_miner_threaded_in
        SKIP [         ] (─────) pulse-app::unit_heartbeat_ticks emit_connection_tick_listening_when_no_ingest_and_bind_ok
        SKIP [         ] (─────) pulse-app::unit_heartbeat_ticks emit_connection_tick_receiver_failed_when_bind_failed
        SKIP [         ] (─────) pulse-app::unit_heartbeat_ticks emit_connection_tick_receiving_after_ingest_recent
        SKIP [         ] (─────) pulse-app::unit_heartbeat_ticks emit_ingest_tick_emits_per_stream_broadcast_subscribers_gauges
        SKIP [         ] (─────) pulse-app::unit_heartbeat_ticks emit_ingest_tick_emits_target_and_fields
        SKIP [         ] (─────) pulse-app::unit_heartbeat_ticks emit_ingest_tick_reflects_real_broadcast_subscriber_sum
        SKIP [         ] (─────) pulse-app::unit_heartbeat_ticks emit_ingest_tick_reflects_real_span_count_from_ingest_state
        SKIP [         ] (─────) pulse-app::unit_heartbeat_ticks emit_plugins_tick_emits_target_and_fields
        SKIP [         ] (─────) pulse-app::unit_heartbeat_ticks emit_plugins_tick_reflects_registry_invocation_counter
        SKIP [         ] (─────) pulse-app::unit_heartbeat_ticks emit_viz_tick_emits_target_and_fields
        SKIP [         ] (─────) pulse-app::unit_heartbeat_ticks emit_viz_tick_reflects_real_query_latency_avg
        SKIP [         ] (─────) pulse-app::unit_heartbeat_ticks emit_viz_tick_reflects_real_subscribers_count
        SKIP [         ] (─────) pulse-app::unit_heartbeat_ticks spawn_returns_five_handles_and_aborts_cleanly
        SKIP [         ] (─────) pulse-app::unit_incident_persistence at_rest_encryption_blocks_plaintext_canary
        SKIP [         ] (─────) pulse-app::unit_incident_persistence count_active_unread_filters_by_workspace
        SKIP [         ] (─────) pulse-app::unit_incident_persistence count_active_unread_reflects_seeded_active_incidents
        SKIP [         ] (─────) pulse-app::unit_incident_persistence count_active_unread_returns_zero_for_fresh_corpus
        SKIP [         ] (─────) pulse-app::unit_incident_persistence count_active_unread_sql_injection_does_not_drop_table
        SKIP [         ] (─────) pulse-app::unit_incident_persistence p042_cross_session_continuity
        SKIP [         ] (─────) pulse-app::unit_incident_persistence p043_project_scoped_memory_isolates_workspaces
        SKIP [         ] (─────) pulse-app::unit_incident_persistence save_then_load_round_trips_active_incident
        SKIP [         ] (─────) pulse-app::unit_incident_persistence update_incident_status_persists_acknowledge_state
        SKIP [         ] (─────) pulse-app::unit_incident_persistence update_incident_status_resolved_excludes_from_active_list
        SKIP [         ] (─────) pulse-app::unit_incident_producer autonomous_severity_maps_to_error_and_autonomous_tier
        SKIP [         ] (─────) pulse-app::unit_incident_producer dismiss_decision_creates_no_incident
        SKIP [         ] (─────) pulse-app::unit_incident_producer distinct_services_create_distinct_incidents
        SKIP [         ] (─────) pulse-app::unit_incident_producer fingerprint_hashes_carry_only_model_refs_without_a_cue_fingerprint
        SKIP [         ] (─────) pulse-app::unit_incident_producer fingerprint_hashes_union_appends_cue_fingerprint_to_model_refs
        SKIP [         ] (─────) pulse-app::unit_incident_producer fingerprint_hashes_union_does_not_duplicate_a_copied_fingerprint
        SKIP [         ] (─────) pulse-app::unit_incident_producer incident_skip_is_absent_for_a_resolution_summary_digest
        SKIP [         ] (─────) pulse-app::unit_incident_producer incident_skip_is_absent_when_an_incident_is_created
        SKIP [         ] (─────) pulse-app::unit_incident_producer incident_skip_records_a_cue_less_digest
        SKIP [         ] (─────) pulse-app::unit_incident_producer incident_skip_records_a_dismiss_decision
        SKIP [         ] (─────) pulse-app::unit_incident_producer incident_skip_records_a_model_resolution_summary_at_the_predicate
        SKIP [         ] (─────) pulse-app::unit_incident_producer incident_skip_records_a_model_resolution_summary_on_a_storm_digest
        SKIP [         ] (─────) pulse-app::unit_incident_producer incident_skip_records_a_none_severity
        SKIP [         ] (─────) pulse-app::unit_incident_producer incidents_without_a_cue_fingerprint_carry_an_empty_one
        SKIP [         ] (─────) pulse-app::unit_incident_producer no_triggering_cue_creates_no_incident
        SKIP [         ] (─────) pulse-app::unit_incident_producer producer_evidence_trace_span_and_timestamps_are_empty_by_construction
        SKIP [         ] (─────) pulse-app::unit_incident_producer producer_observability_is_aggregate_only
        SKIP [         ] (─────) pulse-app::unit_incident_producer producer_writes_cue_fingerprint_not_the_model_authored_one
        SKIP [         ] (─────) pulse-app::unit_incident_producer reemission_dedup_does_not_create_duplicate
        SKIP [         ] (─────) pulse-app::unit_incident_producer reflection_dedups_one_per_workspace
        SKIP [         ] (─────) pulse-app::unit_incident_producer reflection_dismiss_creates_no_incident
        SKIP [         ] (─────) pulse-app::unit_incident_producer reflection_high_confidence_surfaces_suggested
        SKIP [         ] (─────) pulse-app::unit_incident_producer reflection_surface_creates_workspace_global_incident
        SKIP [         ] (─────) pulse-app::unit_incident_producer resolution_summary_output_creates_no_incident
        SKIP [         ] (─────) pulse-app::unit_incident_producer severity_none_creates_no_incident
        SKIP [         ] (─────) pulse-app::unit_incident_producer surface_decision_creates_active_incident
        SKIP [         ] (─────) pulse-app::unit_incident_producer watch_decision_creates_curious_incident
        SKIP [         ] (─────) pulse-app::unit_incidents_mark_all_read_router mark_all_read_filters_by_workspace
        SKIP [         ] (─────) pulse-app::unit_incidents_mark_all_read_router mark_all_read_is_idempotent_when_all_already_read
        SKIP [         ] (─────) pulse-app::unit_incidents_mark_all_read_router mark_all_read_marks_all_unread_and_returns_affected_count
        SKIP [         ] (─────) pulse-app::unit_incidents_mark_all_read_router mark_all_read_on_empty_workspace_returns_zero_affected
        SKIP [         ] (─────) pulse-app::unit_incidents_mark_all_read_router mark_all_read_payload_excludes_pii_fields_in_serialization
        SKIP [         ] (─────) pulse-app::unit_incidents_mark_all_read_router mark_all_read_payload_serializes_through_serde_json
        SKIP [         ] (─────) pulse-app::unit_incidents_mark_all_read_router mark_all_read_persists_read_state_to_corpus
        SKIP [         ] (─────) pulse-app::unit_incidents_mark_all_read_router mark_all_read_skips_resolved_incidents
        SKIP [         ] (─────) pulse-app::unit_inference_runtime handle_digest_acute_primary_digest_does_not_select_reflection_prompt
        SKIP [         ] (─────) pulse-app::unit_inference_runtime handle_digest_emits_model_tier_fallback_in_inference_request_event
        SKIP [         ] (─────) pulse-app::unit_inference_runtime handle_digest_emits_prompt_version_v1_fallback_for_fallback_tier
        SKIP [         ] (─────) pulse-app::unit_inference_runtime handle_digest_emits_prompt_version_v2_3_for_primary_tier
        SKIP [         ] (─────) pulse-app::unit_inference_runtime handle_digest_model_not_configured_increments_runtime_error_counter
        SKIP [         ] (─────) pulse-app::unit_inference_runtime handle_digest_never_logs_prompt_or_output_content
        SKIP [         ] (─────) pulse-app::unit_inference_runtime handle_digest_output_too_large_increments_output_too_large_counter
        SKIP [         ] (─────) pulse-app::unit_inference_runtime handle_digest_parse_failure_increments_parse_failure_counter
        SKIP [         ] (─────) pulse-app::unit_inference_runtime handle_digest_runtime_error_increments_runtime_error_counter
        SKIP [         ] (─────) pulse-app::unit_inference_runtime handle_digest_schema_violation_increments_schema_violation_counter
        SKIP [         ] (─────) pulse-app::unit_inference_runtime handle_digest_selects_fallback_prompt_when_runner_tier_is_fallback
        SKIP [         ] (─────) pulse-app::unit_inference_runtime handle_digest_selects_primary_prompt_when_runner_tier_is_primary
        SKIP [         ] (─────) pulse-app::unit_inference_runtime handle_digest_selects_reflection_prompt_for_reflection_digest
        SKIP [         ] (─────) pulse-app::unit_inference_runtime handle_digest_success_path_emits_counter_and_latency
        SKIP [         ] (─────) pulse-app::unit_lifecycle_persistence corpus_error_decryption_failed_maps_to_deserialize
        SKIP [         ] (─────) pulse-app::unit_lifecycle_persistence corpus_error_encryption_failed_maps_to_serialize
        SKIP [         ] (─────) pulse-app::unit_lifecycle_persistence corpus_error_keyring_unavailable_maps_to_sanitized_io
        SKIP [         ] (─────) pulse-app::unit_lifecycle_persistence corpus_error_query_failed_maps_to_sanitized_io
        SKIP [         ] (─────) pulse-app::unit_lifecycle_persistence corpus_error_schema_mismatch_maps_to_typed_variant
        SKIP [         ] (─────) pulse-app::unit_lifecycle_persistence load_returns_none_when_corpus_empty
        SKIP [         ] (─────) pulse-app::unit_lifecycle_persistence non_pii_service_name_passes_through_to_at_rest_text_column
        SKIP [         ] (─────) pulse-app::unit_lifecycle_persistence parse_state_returns_none_for_unknown_text
        SKIP [         ] (─────) pulse-app::unit_lifecycle_persistence parse_state_round_trips_all_seven_variants
        SKIP [         ] (─────) pulse-app::unit_lifecycle_persistence save_load_preserves_per_service_timestamps
        SKIP [         ] (─────) pulse-app::unit_lifecycle_persistence save_persists_manual_override_field
        SKIP [         ] (─────) pulse-app::unit_lifecycle_persistence save_then_load_round_trips_three_services
        SKIP [         ] (─────) pulse-app::unit_lifecycle_persistence save_upsert_overwrites_same_service_state
        SKIP [         ] (─────) pulse-app::unit_llamacli_inference allow_root_resolves_enforced_for_a_real_directory
        SKIP [         ] (─────) pulse-app::unit_llamacli_inference allow_root_resolves_not_configured_when_unset
        SKIP [         ] (─────) pulse-app::unit_llamacli_inference allow_root_resolves_unresolvable_for_a_file_rather_than_a_directory
        SKIP [         ] (─────) pulse-app::unit_llamacli_inference allow_root_resolves_unresolvable_for_a_missing_directory
        SKIP [         ] (─────) pulse-app::unit_llamacli_inference binary_target_routes_cpu_fallback_to_cpu_ngl_0
        SKIP [         ] (─────) pulse-app::unit_llamacli_inference binary_target_routes_cpu_primary_to_cpu_ngl_0
        SKIP [         ] (─────) pulse-app::unit_llamacli_inference binary_target_routes_gpu_fallback_to_cuda_ngl_99
        SKIP [         ] (─────) pulse-app::unit_llamacli_inference binary_target_routes_gpu_primary_to_cuda_ngl_99
        SKIP [         ] (─────) pulse-app::unit_llamacli_inference binary_target_routes_unknown_to_cpu_safe_default
        SKIP [         ] (─────) pulse-app::unit_llamacli_inference canonicalize_accepts_existing_regular_file
        SKIP [         ] (─────) pulse-app::unit_llamacli_inference canonicalize_rejects_directory_path
        SKIP [         ] (─────) pulse-app::unit_llamacli_inference canonicalize_rejects_nonexistent_path
        SKIP [         ] (─────) pulse-app::unit_llamacli_inference canonicalize_rejects_traversal_payload
        SKIP [         ] (─────) pulse-app::unit_llamacli_inference classify_subprocess_failure_returns_binary_not_found_when_spawn_says_no_such_file
        SKIP [         ] (─────) pulse-app::unit_llamacli_inference classify_subprocess_failure_returns_binary_not_found_when_spawn_says_not_found
        SKIP [         ] (─────) pulse-app::unit_llamacli_inference classify_subprocess_failure_returns_exit_nonzero_silent_when_stderr_empty
        SKIP [         ] (─────) pulse-app::unit_llamacli_inference classify_subprocess_failure_returns_exit_nonzero_with_stderr_when_present
        SKIP [         ] (─────) pulse-app::unit_llamacli_inference classify_subprocess_failure_returns_exit_zero_unexpected_when_exit_zero
        SKIP [         ] (─────) pulse-app::unit_llamacli_inference classify_subprocess_failure_returns_schema_invalid_when_grammar_mentioned
        SKIP [         ] (─────) pulse-app::unit_llamacli_inference classify_subprocess_failure_returns_spawn_failed_for_generic_none_exit
        SKIP [         ] (─────) pulse-app::unit_llamacli_inference confinement_comparison_canonicalizes_both_sides
        SKIP [         ] (─────) pulse-app::unit_llamacli_inference construct_with_missing_env_vars_starts_in_error_state
        SKIP [         ] (─────) pulse-app::unit_llamacli_inference extract_json_handles_escaped_quote_inside_string
        SKIP [         ] (─────) pulse-app::unit_llamacli_inference extract_json_handles_nested_objects
        SKIP [         ] (─────) pulse-app::unit_llamacli_inference extract_json_handles_pure_json_no_framing
        SKIP [         ] (─────) pulse-app::unit_llamacli_inference extract_json_ignores_braces_inside_strings
        SKIP [         ] (─────) pulse-app::unit_llamacli_inference extract_json_returns_json_parse_failed_when_braces_unbalanced
        SKIP [         ] (─────) pulse-app::unit_llamacli_inference extract_json_returns_json_parse_failed_when_no_open_brace
        SKIP [         ] (─────) pulse-app::unit_llamacli_inference extract_json_strips_real_b9305_banner_and_perf_stats_framing
        SKIP [         ] (─────) pulse-app::unit_llamacli_inference extract_json_truncates_long_snippet_in_error
        SKIP [         ] (─────) pulse-app::unit_llamacli_inference generate_constrained_returns_not_configured_when_env_vars_missing
        SKIP [         ] (─────) pulse-app::unit_llamacli_inference load_from_env_returns_not_configured_when_env_vars_missing
        SKIP [         ] (─────) pulse-app::unit_llamacli_inference mark_error_returns_status_to_error
        SKIP [         ] (─────) pulse-app::unit_llamacli_inference mark_loaded_transitions_status_and_records_identity
        SKIP [         ] (─────) pulse-app::unit_llamacli_inference mark_loading_transitions_status_to_loading
        SKIP [         ] (─────) pulse-app::unit_llamacli_inference mark_transitions_broadcast_to_subscribers
        SKIP [         ] (─────) pulse-app::unit_llamacli_inference path_rejection_labels_are_bounded_and_distinct
        SKIP [         ] (─────) pulse-app::unit_llamacli_inference prompt_bound_accepts_a_realistic_multi_line_prompt
        SKIP [         ] (─────) pulse-app::unit_llamacli_inference prompt_bound_accepts_the_measured_real_model_envelope
        SKIP [         ] (─────) pulse-app::unit_llamacli_inference prompt_bound_rejects_an_embedded_nul
        SKIP [         ] (─────) pulse-app::unit_llamacli_inference prompt_bound_rejects_an_over_long_prompt
        SKIP [         ] (─────) pulse-app::unit_llamacli_inference prompt_bound_rejects_other_c0_control_characters
        SKIP [         ] (─────) pulse-app::unit_llamacli_inference prompt_rejection_labels_are_bounded_and_distinct
        SKIP [         ] (─────) pulse-app::unit_llamacli_inference spawn_args_contain_log_disable_flag
        SKIP [         ] (─────) pulse-app::unit_llamacli_inference spawn_args_contain_max_tokens_cap_arg
        SKIP [         ] (─────) pulse-app::unit_llamacli_inference spawn_args_contain_model_path_and_schema_file_args
        SKIP [         ] (─────) pulse-app::unit_llamacli_inference spawn_args_contain_ngl_routing_per_profile
        SKIP [         ] (─────) pulse-app::unit_llamacli_inference spawn_args_contain_prompt_via_p_arg
        SKIP [         ] (─────) pulse-app::unit_llamacli_inference spawn_args_contain_simple_io_and_no_display_prompt_flags
        SKIP [         ] (─────) pulse-app::unit_llamacli_inference spawn_args_contain_single_turn_flag
        SKIP [         ] (─────) pulse-app::unit_llamacli_inference validate_path_accepts_an_out_of_tree_file_when_no_root_is_declared
        SKIP [         ] (─────) pulse-app::unit_llamacli_inference validate_path_accepts_an_out_of_tree_file_when_the_root_contains_it
        SKIP [         ] (─────) pulse-app::unit_llamacli_inference validate_path_rejects_directory_target
        SKIP [         ] (─────) pulse-app::unit_llamacli_inference validate_path_rejects_every_candidate_when_the_allow_root_is_unresolvable
        SKIP [         ] (─────) pulse-app::unit_llamacli_inference validate_path_rejects_nonexistent_target
        SKIP [         ] (─────) pulse-app::unit_llamacli_inference validate_path_rejects_over_long_input
        SKIP [         ] (─────) pulse-app::unit_llamacli_inference validate_path_rejects_target_outside_the_allow_root
        SKIP [         ] (─────) pulse-app::unit_llamacli_inference validate_path_rejects_traversal_component_before_canonicalizing
        SKIP [         ] (─────) pulse-app::unit_observability_allowlist_app_exit app_exit_has_no_bare_app_fallback
        SKIP [         ] (─────) pulse-app::unit_observability_allowlist_app_exit app_exit_leaf_carries_exactly_the_emitted_field_set
        SKIP [         ] (─────) pulse-app::unit_observability_allowlist_app_exit app_exit_never_admits_paths_or_payload_text
        SKIP [         ] (─────) pulse-app::unit_observability_allowlist_app_exit app_exit_resolves_to_an_exact_leaf
        SKIP [         ] (─────) pulse-app::unit_observability_allowlist_bootstrap_window bootstrap_window_override_admits_no_per_service_identifier
        SKIP [         ] (─────) pulse-app::unit_observability_allowlist_bootstrap_window bootstrap_window_override_allows_every_field_its_emit_site_emits
        SKIP [         ] (─────) pulse-app::unit_observability_allowlist_bootstrap_window no_bare_triage_prefix_key_shadows_the_leaf
        SKIP [         ] (─────) pulse-app::unit_observability_allowlist_close_signpost signpost_leaf_carries_exactly_the_emitted_field_set
        SKIP [         ] (─────) pulse-app::unit_observability_allowlist_close_signpost signpost_never_admits_content_or_coordinate_fields
        SKIP [         ] (─────) pulse-app::unit_observability_allowlist_close_signpost signpost_resolves_to_an_exact_leaf
        SKIP [         ] (─────) pulse-app::unit_observability_allowlist_consumer_stall buffer_tick_carries_the_drain_progress_fields
        SKIP [         ] (─────) pulse-app::unit_observability_allowlist_consumer_stall stall_fields_are_absent_from_the_buffer_fallback_set
        SKIP [         ] (─────) pulse-app::unit_observability_allowlist_consumer_stall stalled_leaf_carries_exactly_the_emitted_field_set
        SKIP [         ] (─────) pulse-app::unit_observability_allowlist_consumer_stall stalled_resolves_to_an_exact_leaf
        SKIP [         ] (─────) pulse-app::unit_observability_allowlist_corpus_key corpus_open_error_resolves_and_allows_its_error_kind
        SKIP [         ] (─────) pulse-app::unit_observability_allowlist_corpus_key corpus_targets_are_not_served_by_a_bare_prefix_entry
        SKIP [         ] (─────) pulse-app::unit_observability_allowlist_corpus_key corpus_targets_carry_no_key_material_or_identity_fields
        SKIP [         ] (─────) pulse-app::unit_observability_allowlist_corpus_key disposition_target_allows_its_outcome_and_counts
        SKIP [         ] (─────) pulse-app::unit_observability_allowlist_corpus_key keychain_fallback_target_allows_its_bounded_fields
        SKIP [         ] (─────) pulse-app::unit_observability_allowlist_corpus_key undecryptable_read_target_allows_only_the_aggregate_fields
        SKIP [         ] (─────) pulse-app::unit_observability_allowlist_cue_tick cadence_tick_carries_the_cycle_rate
        SKIP [         ] (─────) pulse-app::unit_observability_allowlist_cue_tick cue_tick_leaf_carries_exactly_the_emitted_field_set
        SKIP [         ] (─────) pulse-app::unit_observability_allowlist_cue_tick cue_tick_leaf_unmutes_the_suppression_diagnostic
        SKIP [         ] (─────) pulse-app::unit_observability_allowlist_cue_tick cue_tick_resolves_to_an_exact_leaf
        SKIP [         ] (─────) pulse-app::unit_observability_allowlist_cue_tick no_bare_triage_prefix_key_can_serve_the_cue_tick_target
        SKIP [         ] (─────) pulse-app::unit_observability_allowlist_delegated_timing delegated_timing_targets_admit_no_per_service_identifier
        SKIP [         ] (─────) pulse-app::unit_observability_allowlist_delegated_timing delegated_timing_targets_resolve_to_their_own_leaf_not_the_bare_metric_fallback
        SKIP [         ] (─────) pulse-app::unit_observability_allowlist_delegated_timing each_delegated_timing_target_allows_every_field_its_emit_site_emits
        SKIP [         ] (─────) pulse-app::unit_observability_allowlist_feed buffer_tick_allows_the_three_feed_fields
        SKIP [         ] (─────) pulse-app::unit_observability_allowlist_feed degraded_boot_target_is_not_served_by_a_prefix_fallback
        SKIP [         ] (─────) pulse-app::unit_observability_allowlist_feed degraded_boot_target_resolves_to_its_own_leaf_entry
        SKIP [         ] (─────) pulse-app::unit_observability_allowlist_feed feed_fields_are_aggregate_only
        SKIP [         ] (─────) pulse-app::unit_observability_allowlist_generation_damper backoff_heartbeat_leaf_carries_exactly_the_completed_field_set
        SKIP [         ] (─────) pulse-app::unit_observability_allowlist_generation_damper damper_counters_are_absent_from_the_metric_fallback_set
        SKIP [         ] (─────) pulse-app::unit_observability_allowlist_generation_damper damper_fields_are_absent_from_the_interpretation_fallback_set
        SKIP [         ] (─────) pulse-app::unit_observability_allowlist_generation_damper damper_leaf_carries_exactly_the_emitted_field_set
        SKIP [         ] (─────) pulse-app::unit_observability_allowlist_generation_damper damper_transition_resolves_to_an_exact_leaf
        SKIP [         ] (─────) pulse-app::unit_observability_allowlist_incident_diagnostics every_incident_target_resolves_to_a_distinct_exact_leaf
        SKIP [         ] (─────) pulse-app::unit_observability_allowlist_incident_diagnostics incident_corpus_restore_allows_its_kind_and_restored_count
        SKIP [         ] (─────) pulse-app::unit_observability_allowlist_incident_diagnostics incident_persist_allows_its_counts_and_bounded_kind
        SKIP [         ] (─────) pulse-app::unit_observability_allowlist_incident_diagnostics incident_persist_allows_the_declined_write_count
        SKIP [         ] (─────) pulse-app::unit_observability_allowlist_incident_diagnostics incident_persist_allows_the_reconciled_count
        SKIP [         ] (─────) pulse-app::unit_observability_allowlist_incident_diagnostics incident_targets_never_allow_identity_or_workspace_fields
        SKIP [         ] (─────) pulse-app::unit_observability_allowlist_incident_diagnostics list_active_request_allows_its_item_count
        SKIP [         ] (─────) pulse-app::unit_observability_allowlist_incident_diagnostics no_widening_prefix_key_shadows_the_incident_leaves
        SKIP [         ] (─────) pulse-app::unit_observability_allowlist_incident_diagnostics persist_fields_are_absent_from_any_triage_prefix_fallback
        SKIP [         ] (─────) pulse-app::unit_observability_allowlist_incident_skip incident_skip_has_no_interpretation_fallback
        SKIP [         ] (─────) pulse-app::unit_observability_allowlist_incident_skip incident_skip_leaf_admits_no_banned_field
        SKIP [         ] (─────) pulse-app::unit_observability_allowlist_incident_skip incident_skip_leaf_equals_the_emitted_field_set_in_both_directions
        SKIP [         ] (─────) pulse-app::unit_observability_allowlist_incident_skip incident_skip_target_resolves_to_an_exact_leaf
        SKIP [         ] (─────) pulse-app::unit_observability_allowlist_ipc_rejection ipc_rejection_leaf_carries_exactly_the_emitted_field_set
        SKIP [         ] (─────) pulse-app::unit_observability_allowlist_ipc_rejection ipc_rejection_never_admits_payload_or_command_content
        SKIP [         ] (─────) pulse-app::unit_observability_allowlist_ipc_rejection ipc_rejection_resolves_to_an_exact_leaf
        SKIP [         ] (─────) pulse-app::unit_observability_allowlist_ipc_rejection no_bare_ui_key_can_serve_dotted_ui_targets
        SKIP [         ] (─────) pulse-app::unit_observability_allowlist_l4_path_guard allow_root_leaf_carries_exactly_the_emitted_field_set
        SKIP [         ] (─────) pulse-app::unit_observability_allowlist_l4_path_guard allow_root_resolves_to_an_exact_leaf
        SKIP [         ] (─────) pulse-app::unit_observability_allowlist_l4_path_guard load_error_leaf_carries_exactly_the_emitted_field_set
        SKIP [         ] (─────) pulse-app::unit_observability_allowlist_l4_path_guard load_error_resolves_to_an_exact_leaf
        SKIP [         ] (─────) pulse-app::unit_observability_allowlist_l4_path_guard the_bare_interpretation_fallback_cannot_serve_either_target
        SKIP [         ] (─────) pulse-app::unit_observability_allowlist_redaction_counter buffer_tick_allows_the_redaction_counter_its_emit_site_emits
        SKIP [         ] (─────) pulse-app::unit_observability_allowlist_redaction_counter redaction_counter_never_admits_value_bearing_fields
        SKIP [         ] (─────) pulse-app::unit_observability_allowlist_redaction_counter redaction_counter_rides_the_same_entry_as_the_rest_of_the_tick
        SKIP [         ] (─────) pulse-app::unit_observability_allowlist_render_posture every_posture_emits_exactly_the_leaf_fields_at_its_level
        SKIP [         ] (─────) pulse-app::unit_observability_allowlist_render_posture render_posture_has_no_bare_app_fallback
        SKIP [         ] (─────) pulse-app::unit_observability_allowlist_render_posture render_posture_resolves_to_an_exact_leaf_with_exactly_its_fields
        SKIP [         ] (─────) pulse-app::unit_observability_allowlist_sweep auto_resolve_tick_has_no_fallback_to_hide_behind
        SKIP [         ] (─────) pulse-app::unit_observability_allowlist_sweep auto_resolve_tick_leaf_matches_emit_site_exactly
        SKIP [         ] (─────) pulse-app::unit_observability_allowlist_sweep boot_pid_leaf_is_basename_only
        SKIP [         ] (─────) pulse-app::unit_observability_allowlist_sweep boot_tracing_init_leaf_is_basename_only
        SKIP [         ] (─────) pulse-app::unit_observability_allowlist_sweep buffer_tick_carries_append_rejections
        SKIP [         ] (─────) pulse-app::unit_observability_allowlist_sweep cue_leaves_carry_persistence_not_the_seconds_lie
        SKIP [         ] (─────) pulse-app::unit_observability_allowlist_sweep l1a_labels_are_absent_from_the_bare_metric_fallback_set
        SKIP [         ] (─────) pulse-app::unit_observability_allowlist_sweep l1a_q7_fallback_leaf_matches_emit_site_exactly
        SKIP [         ] (─────) pulse-app::unit_observability_allowlist_sweep l1a_q7_timeout_leaf_matches_emit_site_exactly
        SKIP [         ] (─────) pulse-app::unit_observability_allowlist_sweep l1a_query_count_total_leaf_matches_emit_site_exactly
        SKIP [         ] (─────) pulse-app::unit_observability_allowlist_sweep l1a_query_latency_leaf_matches_emit_site_exactly
        SKIP [         ] (─────) pulse-app::unit_observability_allowlist_sweep model_load_leaf_matches_emit_site_union_exactly
        SKIP [         ] (─────) pulse-app::unit_observability_allowlist_sweep model_load_leaf_no_longer_registers_the_never_emitted_field
        SKIP [         ] (─────) pulse-app::unit_observability_allowlist_sweep no_bare_interpretation_prefix_key_exists
        SKIP [         ] (─────) pulse-app::unit_observability_allowlist_sweep pulse_app_src_carries_no_new_dead_test_attributes
        SKIP [         ] (─────) pulse-app::unit_observability_allowlist_webgpu_adapter webgpu_adapter_fields_are_not_served_by_a_ui_fallback
        SKIP [         ] (─────) pulse-app::unit_observability_allowlist_webgpu_adapter webgpu_adapter_leaf_carries_exactly_the_emitted_field_set
        SKIP [         ] (─────) pulse-app::unit_observability_allowlist_webgpu_adapter webgpu_adapter_record_keeps_its_fields_and_redacts_any_other
        SKIP [         ] (─────) pulse-app::unit_observability_allowlist_window_navigation navigation_does_not_leak_into_the_bare_app_fallback
        SKIP [         ] (─────) pulse-app::unit_observability_allowlist_window_navigation navigation_leaf_carries_exactly_the_emitted_field_set
        SKIP [         ] (─────) pulse-app::unit_observability_allowlist_window_navigation navigation_never_admits_the_url_or_window_content
        SKIP [         ] (─────) pulse-app::unit_observability_allowlist_window_navigation navigation_resolves_to_an_exact_leaf
        SKIP [         ] (─────) pulse-app::unit_plugins_router invoke_allowed_capability_returns_success
        SKIP [         ] (─────) pulse-app::unit_plugins_router invoke_disallowed_capability_returns_app_error_plugin
        SKIP [         ] (─────) pulse-app::unit_plugins_router invoke_each_category_accepts_declared_export
        SKIP [         ] (─────) pulse-app::unit_plugins_router invoke_not_found_plugin_returns_app_error_plugin
        SKIP [         ] (─────) pulse-app::unit_plugins_router invoke_records_cumulative_counter_regardless_of_outcome
        SKIP [         ] (─────) pulse-app::unit_plugins_router list_returns_empty_envelope_when_registry_empty
        SKIP [         ] (─────) pulse-app::unit_plugins_router list_returns_loaded_plugin_dtos
        SKIP [         ] (─────) pulse-app::unit_render_posture absent_lever_is_set_to_one_in_a_fresh_process
        SKIP [         ] (─────) pulse-app::unit_render_posture child_arm_lever_absent
        SKIP [         ] (─────) pulse-app::unit_render_posture child_arm_lever_preset_zero
        SKIP [         ] (─────) pulse-app::unit_render_posture labels_are_the_closed_set
        SKIP [         ] (─────) pulse-app::unit_render_posture lever_is_nvidia_explicit_sync_off
        SKIP [         ] (─────) pulse-app::unit_render_posture linux_with_a_preset_honours_it
        SKIP [         ] (─────) pulse-app::unit_render_posture linux_without_a_preset_applies_the_default
        SKIP [         ] (─────) pulse-app::unit_render_posture other_platforms_are_not_applicable_whatever_the_preset
        SKIP [         ] (─────) pulse-app::unit_render_posture preset_lever_is_honoured_and_never_overwritten
        SKIP [         ] (─────) pulse-app::unit_services_router an_acknowledged_incident_keeps_its_tier_and_its_instant
        SKIP [         ] (─────) pulse-app::unit_services_router an_unaffected_service_carries_no_tier_instant
        SKIP [         ] (─────) pulse-app::unit_services_router list_with_states_enriches_priority_tier_from_active_service_incidents
        SKIP [         ] (─────) pulse-app::unit_services_router list_with_states_reflects_manual_override_with_no_severity
        SKIP [         ] (─────) pulse-app::unit_services_router list_with_states_returns_empty_for_fresh_registry
        SKIP [         ] (─────) pulse-app::unit_services_router tier_effective_at_is_the_opening_of_the_raising_incident
        SKIP [         ] (─────) pulse-app::unit_services_router tier_effective_at_is_the_resolution_of_the_last_max_holder_on_a_fall
        SKIP [         ] (─────) pulse-app::unit_snapshot_runtime preset_label_maps_each_variant_to_lowercase_string
        SKIP [         ] (─────) pulse-app::unit_snapshot_runtime preset_prompts_returns_all_four_canonical_entries
        SKIP [         ] (─────) pulse-app::unit_snapshot_runtime preset_to_budget_maps_each_variant_to_matching_budget
        SKIP [         ] (─────) pulse-app::unit_span_masking_consumers span_mask_investigate_scrub_keeps_the_sentence_around_a_token
        SKIP [         ] (─────) pulse-app::unit_span_masking_consumers span_mask_l4_summary_with_a_keyed_secret_stays_parseable
        SKIP [         ] (─────) pulse-app::unit_span_masking_consumers span_mask_l4_summary_without_a_secret_round_trips_unchanged
        SKIP [         ] (─────) pulse-app::unit_span_masking_consumers span_mask_persistence_adapters_leave_a_choke_point_masked_key_unchanged
        SKIP [         ] (─────) pulse-app::unit_span_masking_consumers span_mask_persistence_adapters_mask_a_raw_key_like_the_choke_point
        SKIP [         ] (─────) pulse-app::unit_span_observers adapter_can_be_held_as_dyn_span_observer
        SKIP [         ] (─────) pulse-app::unit_span_observers adapter_delegates_observe_span_to_baseline_state
        SKIP [         ] (─────) pulse-app::unit_span_observers composite_observer_fans_out_to_all_inner_observers
        SKIP [         ] (─────) pulse-app::unit_span_observers composite_observer_with_empty_inner_is_noop
        SKIP [         ] (─────) pulse-app::unit_span_observers discovery_adapter_composed_after_baseline_lists_service_on_first_span
        SKIP [         ] (─────) pulse-app::unit_span_observers discovery_adapter_registers_admitted_service_and_broadcasts
        SKIP [         ] (─────) pulse-app::unit_span_observers discovery_adapter_skips_service_the_baseline_did_not_admit
        SKIP [         ] (─────) pulse-app::unit_span_observers restart_adapter_can_be_held_as_dyn_span_observer
        SKIP [         ] (─────) pulse-app::unit_span_observers restart_adapter_dispatches_observe_span_to_detector
        SKIP [         ] (─────) pulse-app::unit_span_observers storm_adapter_can_be_held_as_dyn_fingerprint_observer
        SKIP [         ] (─────) pulse-app::unit_span_observers storm_adapter_dispatches_observe_fingerprint_to_detector
        SKIP [         ] (─────) pulse-app::unit_storage_router corpus_error_io_sanitized_no_kind_detail_in_message
        SKIP [         ] (─────) pulse-app::unit_storage_router corpus_error_keyring_unavailable_maps_to_app_error_storage
        SKIP [         ] (─────) pulse-app::unit_storage_router corpus_error_query_failed_sanitized_message
        SKIP [         ] (─────) pulse-app::unit_storage_router corpus_error_schema_version_mismatch_sanitized
        SKIP [         ] (─────) pulse-app::unit_storage_router inspect_payload_includes_all_five_tables
        SKIP [         ] (─────) pulse-app::unit_storage_router inspect_returns_zero_records_for_fresh_corpus
        SKIP [         ] (─────) pulse-app::unit_storage_router path_returns_memory_marker_for_in_memory_corpus
        SKIP [         ] (─────) pulse-app::unit_storm_persistence corpus_error_decryption_failed_maps_to_deserialize
        SKIP [         ] (─────) pulse-app::unit_storm_persistence corpus_error_encryption_failed_maps_to_serialize
        SKIP [         ] (─────) pulse-app::unit_storm_persistence corpus_error_keyring_unavailable_maps_to_sanitized_io
        SKIP [         ] (─────) pulse-app::unit_storm_persistence corpus_error_query_failed_maps_to_sanitized_io
        SKIP [         ] (─────) pulse-app::unit_storm_persistence corpus_error_schema_mismatch_maps_to_typed_variant
        SKIP [         ] (─────) pulse-app::unit_storm_persistence load_returns_none_when_corpus_empty
        SKIP [         ] (─────) pulse-app::unit_storm_persistence metric_name_and_layer_constants_match_plan_spec
        SKIP [         ] (─────) pulse-app::unit_storm_persistence non_pii_canary_in_fingerprint_service_redacted_by_encryption_at_rest
        SKIP [         ] (─────) pulse-app::unit_storm_persistence save_then_load_round_trips_snapshot
        SKIP [         ] (─────) pulse-app::unit_storm_persistence save_then_restore_preserves_dedup_fingerprints
        SKIP [         ] (─────) pulse-app::unit_storm_persistence save_writes_through_corpus_writer_pipeline_metric_slot
        SKIP [         ] (─────) pulse-app::unit_streams_api streams_api_impl_clones_share_senders
        SKIP [         ] (─────) pulse-app::unit_streams_api streams_api_impl_constructor_holds_senders
        SKIP [         ] (─────) pulse-app::unit_training_export build_preview_summary_counts_by_status_and_severity_with_date_range
        SKIP [         ] (─────) pulse-app::unit_training_export build_preview_summary_handles_empty_corpus
        SKIP [         ] (─────) pulse-app::unit_training_export count_redactions_counts_redacted_fields
        SKIP [         ] (─────) pulse-app::unit_training_export count_redactions_span_mask_counts_a_mid_value_placeholder
        SKIP [         ] (─────) pulse-app::unit_training_export export_interpretation_span_mask_keeps_json_parseable_across_delimiters
        SKIP [         ] (─────) pulse-app::unit_training_export incident_row_to_export_record_maps_fields_and_restamps_metadata
        SKIP [         ] (─────) pulse-app::unit_training_export resolve_default_target_uses_injected_timestamp_under_downloads
        SKIP [         ] (─────) pulse-app::unit_training_export scrub_redacts_pii_in_exported_text_fields
        SKIP [         ] (─────) pulse-app::unit_training_export serialize_jsonl_produces_one_valid_json_object_per_line
        SKIP [         ] (─────) pulse-app::unit_training_export validate_export_target_accepts_existing_parent
        SKIP [         ] (─────) pulse-app::unit_training_export validate_export_target_rejects_nonexistent_parent
        SKIP [         ] (─────) pulse-app::unit_training_export validate_export_target_rejects_parent_dir_traversal
        SKIP [         ] (─────) pulse-app::unit_tray_glyph_menu build_glyph_image_returns_image_with_correct_dimensions
        SKIP [         ] (─────) pulse-app::unit_tray_glyph_menu build_glyph_pixels_has_some_lit_pixels
        SKIP [         ] (─────) pulse-app::unit_tray_glyph_menu build_glyph_pixels_outer_ring_present
        SKIP [         ] (─────) pulse-app::unit_tray_glyph_menu build_glyph_pixels_returns_32x32_rgba_buffer
        SKIP [         ] (─────) pulse-app::unit_tray_glyph_menu build_glyph_pixels_white_opaque_or_fully_transparent
        SKIP [         ] (─────) pulse-app::unit_tray_glyph_menu menu_id_constants_align_with_obs_allowlist_value_set
        SKIP [         ] (─────) pulse-app::unit_tray_glyph_menu sanitize_menu_id_collapses_unknown_to_constant
        SKIP [         ] (─────) pulse-app::unit_tray_glyph_menu tray_error_display_does_not_leak_internals
        SKIP [         ] (─────) pulse-app::unit_window_constraints degenerate_zero_returns_none
        SKIP [         ] (─────) pulse-app::unit_window_constraints in_band_returns_none
        SKIP [         ] (─────) pulse-app::unit_window_constraints min_size_floor_is_in_band
        SKIP [         ] (─────) pulse-app::unit_window_constraints near_band_edges_return_none
        SKIP [         ] (─────) pulse-app::unit_window_constraints too_tall_reduces_height_into_band
        SKIP [         ] (─────) pulse-app::unit_window_constraints too_wide_reduces_width_into_band
        SKIP [         ] (─────) pulse-app::unit_window_geometry geometry_store_records_in_memory_and_flush_persists
        SKIP [         ] (─────) pulse-app::unit_window_geometry load_corrupt_file_returns_default_without_panic
        SKIP [         ] (─────) pulse-app::unit_window_geometry load_missing_file_returns_default
        SKIP [         ] (─────) pulse-app::unit_window_geometry record_then_position_roundtrips_in_memory
        SKIP [         ] (─────) pulse-app::unit_window_geometry save_then_load_roundtrips_through_disk
        SKIP [         ] (─────) pulse-app::unit_window_shell compute_snap_position_bottom_left_insets_from_bottom_edge
        SKIP [         ] (─────) pulse-app::unit_window_shell compute_snap_position_bottom_right_insets_from_bottom_right_corner
        SKIP [         ] (─────) pulse-app::unit_window_shell compute_snap_position_handles_negative_monitor_origin
        SKIP [         ] (─────) pulse-app::unit_window_shell compute_snap_position_respects_non_zero_monitor_origin
        SKIP [         ] (─────) pulse-app::unit_window_shell compute_snap_position_top_left_insets_by_margin_from_origin
        SKIP [         ] (─────) pulse-app::unit_window_shell compute_snap_position_top_right_insets_from_right_edge
        SKIP [         ] (─────) pulse-app::unit_window_shell detect_tray_api_matches_target_os
        SKIP [         ] (─────) pulse-app::unit_window_shell detect_tray_api_returns_enumerated_value
        SKIP [         ] (─────) pulse-app::unit_window_shell detect_webview_backend_matches_target_os
        SKIP [         ] (─────) pulse-app::unit_window_shell detect_webview_backend_returns_enumerated_value
        SKIP [         ] (─────) pulse-app::unit_window_shell detect_wgpu_backend_returns_enumerated_value
        SKIP [         ] (─────) pulse-app::unit_window_shell sanitize_window_label_collapses_unknown_to_constant
        SKIP [         ] (─────) pulse-app::unit_window_shell widget_position_label_collapses_to_bounded_enum
        SKIP [         ] (─────) pulse-app::window_chrome_config default_capability_grants_window_drag_and_controls
        SKIP [         ] (─────) pulse-app::window_chrome_config main_window_opens_centered
        SKIP [         ] (─────) pulse-app::bin/pulse-app tests::emit_taurpc_bindings
        SKIP [         ] (─────) pulse-app::bin/pulse-app tests::resolve_port_overflow_env_returns_invalid_port_err
        SKIP [         ] (─────) pulse-app::bin/pulse-app tests::resolve_port_privileged_env_returns_invalid_port_err
        SKIP [         ] (─────) pulse-app::bin/pulse-app tests::resolve_port_spec_default_via_env_returns_ok
        SKIP [         ] (─────) pulse-app::bin/pulse-app tests::resolve_port_unparseable_env_returns_invalid_port_err
        SKIP [         ] (─────) pulse-app::bin/pulse-app tests::resolve_port_unset_env_returns_default
        SKIP [         ] (─────) pulse-app::bin/pulse-app tests::resolve_port_valid_non_privileged_returns_ok
        SKIP [         ] (─────) pulse-app::bin/pulse-app tests::resolve_port_zero_env_returns_invalid_port_err
        SKIP [         ] (─────) pulse-app::bin/pulse-app tests::resolve_retention_seconds_above_max_falls_back_to_default
        SKIP [         ] (─────) pulse-app::bin/pulse-app tests::resolve_retention_seconds_at_max_boundary_returns_max
        SKIP [         ] (─────) pulse-app::bin/pulse-app tests::resolve_retention_seconds_at_min_boundary_returns_min
        SKIP [         ] (─────) pulse-app::bin/pulse-app tests::resolve_retention_seconds_below_min_falls_back_to_default
        SKIP [         ] (─────) pulse-app::bin/pulse-app tests::resolve_retention_seconds_in_range_returns_parsed_value
        SKIP [         ] (─────) pulse-app::bin/pulse-app tests::resolve_retention_seconds_unparseable_falls_back_to_default
        SKIP [         ] (─────) pulse-app::bin/pulse-app tests::resolve_retention_seconds_unset_returns_default
        SKIP [         ] (─────) security scrubber::tests::redacted_variant_never_carries_value_content
        SKIP [         ] (─────) security scrubber::tests::scrubbed_value_is_redacted_returns_false_for_allowed_variant
        SKIP [         ] (─────) security scrubber::tests::scrubbed_value_is_redacted_returns_true_for_redacted_variant
        SKIP [         ] (─────) security scrubber::tests::scrubber_allows_non_card_digit_runs::case_1
        SKIP [         ] (─────) security scrubber::tests::scrubber_allows_non_card_digit_runs::case_2
        SKIP [         ] (─────) security scrubber::tests::scrubber_allows_non_card_digit_runs::case_3
        SKIP [         ] (─────) security scrubber::tests::scrubber_allows_non_card_digit_runs::case_4
        SKIP [         ] (─────) security scrubber::tests::scrubber_allows_non_card_digit_runs::case_5
        SKIP [         ] (─────) security scrubber::tests::scrubber_allows_non_card_digit_runs::case_6
        SKIP [         ] (─────) security scrubber::tests::scrubber_allows_non_card_digit_runs::case_7
        SKIP [         ] (─────) security scrubber::tests::scrubber_allows_non_pii_values::case_1
        SKIP [         ] (─────) security scrubber::tests::scrubber_allows_non_pii_values::case_2
        SKIP [         ] (─────) security scrubber::tests::scrubber_allows_non_pii_values::case_3
        SKIP [         ] (─────) security scrubber::tests::scrubber_allows_non_pii_values::case_4
        SKIP [         ] (─────) security scrubber::tests::scrubber_allows_non_pii_values::case_5
        SKIP [         ] (─────) security scrubber::tests::scrubber_allows_non_pii_values::case_6
        SKIP [         ] (─────) security scrubber::tests::scrubber_allows_non_pii_values::case_7
        SKIP [         ] (─────) security scrubber::tests::scrubber_allows_non_pii_values::case_8
        SKIP [         ] (─────) security scrubber::tests::scrubber_allows_non_pii_values::case_9
        SKIP [         ] (─────) security scrubber::tests::scrubber_preserves_key_and_predicate_column_identities::case_01
        SKIP [         ] (─────) security scrubber::tests::scrubber_preserves_key_and_predicate_column_identities::case_02
        SKIP [         ] (─────) security scrubber::tests::scrubber_preserves_key_and_predicate_column_identities::case_03
        SKIP [         ] (─────) security scrubber::tests::scrubber_preserves_key_and_predicate_column_identities::case_04
        SKIP [         ] (─────) security scrubber::tests::scrubber_preserves_key_and_predicate_column_identities::case_05
        SKIP [         ] (─────) security scrubber::tests::scrubber_preserves_key_and_predicate_column_identities::case_06
        SKIP [         ] (─────) security scrubber::tests::scrubber_preserves_key_and_predicate_column_identities::case_07
        SKIP [         ] (─────) security scrubber::tests::scrubber_preserves_key_and_predicate_column_identities::case_08
        SKIP [         ] (─────) security scrubber::tests::scrubber_preserves_key_and_predicate_column_identities::case_09
        SKIP [         ] (─────) security scrubber::tests::scrubber_preserves_key_and_predicate_column_identities::case_10
        SKIP [         ] (─────) security scrubber::tests::scrubber_preserves_key_and_predicate_column_identities::case_11
        SKIP [         ] (─────) security scrubber::tests::scrubber_preserves_key_and_predicate_column_identities::case_12
        SKIP [         ] (─────) security scrubber::tests::scrubber_preserves_key_and_predicate_column_identities::case_13
        SKIP [         ] (─────) security scrubber::tests::scrubber_preserves_key_and_predicate_column_identities::case_14
        SKIP [         ] (─────) security scrubber::tests::scrubber_preserves_key_and_predicate_column_identities::case_15
        SKIP [         ] (─────) security scrubber::tests::scrubber_preserves_key_and_predicate_column_identities::case_16
        SKIP [         ] (─────) security scrubber::tests::scrubber_redacts_each_p047_category::case_01
        SKIP [         ] (─────) security scrubber::tests::scrubber_redacts_each_p047_category::case_02
        SKIP [         ] (─────) security scrubber::tests::scrubber_redacts_each_p047_category::case_03
        SKIP [         ] (─────) security scrubber::tests::scrubber_redacts_each_p047_category::case_04
        SKIP [         ] (─────) security scrubber::tests::scrubber_redacts_each_p047_category::case_05
        SKIP [         ] (─────) security scrubber::tests::scrubber_redacts_each_p047_category::case_06
        SKIP [         ] (─────) security scrubber::tests::scrubber_redacts_each_p047_category::case_07
        SKIP [         ] (─────) security scrubber::tests::scrubber_redacts_each_p047_category::case_08
        SKIP [         ] (─────) security scrubber::tests::scrubber_redacts_each_p047_category::case_09
        SKIP [         ] (─────) security scrubber::tests::scrubber_redacts_each_p047_category::case_10
        SKIP [         ] (─────) security scrubber::tests::scrubber_redacts_each_p047_category::case_11
        SKIP [         ] (─────) security scrubber::tests::scrubber_redacts_luhn_valid_card_forms::case_1
        SKIP [         ] (─────) security scrubber::tests::scrubber_redacts_luhn_valid_card_forms::case_2
        SKIP [         ] (─────) security scrubber::tests::scrubber_redacts_luhn_valid_card_forms::case_3
        SKIP [         ] (─────) security scrubber::tests::scrubber_redacts_luhn_valid_card_forms::case_4
        SKIP [         ] (─────) security scrubber::tests::scrubber_redacts_luhn_valid_card_forms::case_5
        SKIP [         ] (─────) security scrubber::tests::scrubber_redacts_luhn_valid_card_forms::case_6
        SKIP [         ] (─────) security scrubber::tests::scrubber_redacts_luhn_valid_card_forms::case_7
        SKIP [         ] (─────) security scrubber::tests::scrubber_redacts_luhn_valid_card_forms::case_8
        SKIP [         ] (─────) security scrubber::tests::span_mask_bare_extent_runs_to_the_whitespace_boundaries
        SKIP [         ] (─────) security scrubber::tests::span_mask_handles_multibyte_text_around_a_secret
        SKIP [         ] (─────) security scrubber::tests::span_mask_is_idempotent_for_any_text
        SKIP [         ] (─────) security scrubber::tests::span_mask_is_idempotent_for_secret_mixes
        SKIP [         ] (─────) security scrubber::tests::span_mask_is_idempotent_over_the_recall_corpus
        SKIP [         ] (─────) security scrubber::tests::span_mask_keeps_separate_secrets_as_separate_placeholders
        SKIP [         ] (─────) security scrubber::tests::span_mask_keyed_extent_covers_a_base64_bearer_tail
        SKIP [         ] (─────) security scrubber::tests::span_mask_keyed_extent_runs_to_the_end_of_the_line
        SKIP [         ] (─────) security scrubber::tests::span_mask_keyed_match_crossing_a_newline_ends_at_the_value_line
        SKIP [         ] (─────) security scrubber::tests::span_mask_leaves_every_allowed_value_byte_identical
        SKIP [         ] (─────) security scrubber::tests::span_mask_masks_one_embedded_canary_per_category::case_1
        SKIP [         ] (─────) security scrubber::tests::span_mask_masks_one_embedded_canary_per_category::case_2
        SKIP [         ] (─────) security scrubber::tests::span_mask_masks_one_embedded_canary_per_category::case_3
        SKIP [         ] (─────) security scrubber::tests::span_mask_masks_one_embedded_canary_per_category::case_4
        SKIP [         ] (─────) security scrubber::tests::span_mask_masks_one_embedded_canary_per_category::case_5
        SKIP [         ] (─────) security scrubber::tests::span_mask_masks_one_embedded_canary_per_category::case_6
        SKIP [         ] (─────) security scrubber::tests::span_mask_masks_one_embedded_canary_per_category::case_7
        SKIP [         ] (─────) security scrubber::tests::span_mask_masks_one_embedded_canary_per_category::case_8
        SKIP [         ] (─────) security scrubber::tests::span_mask_merges_a_token_bearer_overlap_under_bearer
        SKIP [         ] (─────) security scrubber::tests::span_mask_merges_an_api_key_and_its_provider_value_under_api_key
        SKIP [         ] (─────) security scrubber::tests::span_mask_never_leaves_a_placeholder_that_any_arm_matches
        SKIP [         ] (─────) security scrubber::tests::span_mask_reaches_a_fixpoint_when_a_mask_exposes_a_fused_digit_run
        SKIP [         ] (─────) security scrubber::tests::span_mask_redaction_verdict_equals_scrub_attribute_over_both_corpora
        SKIP [         ] (─────) security scrubber::tests::span_mask_single_token_value_masks_exactly_as_whole_value_replacement::case_1
        SKIP [         ] (─────) security scrubber::tests::span_mask_single_token_value_masks_exactly_as_whole_value_replacement::case_2
        SKIP [         ] (─────) security scrubber::tests::span_mask_single_token_value_masks_exactly_as_whole_value_replacement::case_3
        SKIP [         ] (─────) security scrubber::tests::span_mask_single_token_value_masks_exactly_as_whole_value_replacement::case_4
        SKIP [         ] (─────) security scrubber::tests::span_mask_single_token_value_masks_exactly_as_whole_value_replacement::case_5
        SKIP [         ] (─────) security scrubber::tests::span_mask_single_token_value_masks_exactly_as_whole_value_replacement::case_6
        SKIP [         ] (─────) security scrubber::tests::span_mask_verdict_matches_scrub_attribute_for_any_text
        SKIP [         ] (─────) security scrubber::tests::span_mask_verdict_matches_scrub_attribute_for_secret_mixes
        SKIP [         ] (─────) snapshot attribute_filter::tests::filter_count_aggregates_across_multi_span_input
        SKIP [         ] (─────) snapshot attribute_filter::tests::filter_drops_all_verbose_keys
        SKIP [         ] (─────) snapshot attribute_filter::tests::filter_empty_input_returns_empty_result
        SKIP [         ] (─────) snapshot attribute_filter::tests::filter_exact_match_rejects_near_keys
        SKIP [         ] (─────) snapshot attribute_filter::tests::filter_keeps_all_allowlisted_keys
        SKIP [         ] (─────) snapshot attribute_filter::tests::filter_mixed_keeps_and_drops_per_allowlist
        SKIP [         ] (─────) snapshot attribute_filter::tests::filter_preserves_short_value_unchanged
        SKIP [         ] (─────) snapshot attribute_filter::tests::filter_span_with_no_attributes_emits_zero_counts
        SKIP [         ] (─────) snapshot attribute_filter::tests::filter_truncates_at_utf8_char_boundary
        SKIP [         ] (─────) snapshot attribute_filter::tests::filter_truncates_long_value_with_ellipsis
        SKIP [         ] (─────) snapshot contract::tests::curate_empty_input_returns_empty_output
        SKIP [         ] (─────) snapshot contract::tests::curate_single_span_returns_trivial_output
        SKIP [         ] (─────) snapshot contract::tests::curate_two_identical_spans_collapses_dedup_count
        SKIP [         ] (─────) snapshot contract::tests::error_display_includes_kind_and_reason
        SKIP [         ] (─────) snapshot contract::tests::format_error_budget_exceeded_display_contains_actual_and_budget
        SKIP [         ] (─────) snapshot contract::tests::generation_timer_anchor_encoding_failure_yields_no_sample
        SKIP [         ] (─────) snapshot contract::tests::generation_timer_budget_exceeded_arm_sets_the_flag_and_the_actual_tokens
        SKIP [         ] (─────) snapshot contract::tests::generation_timer_is_the_only_metric_emitter_across_a_whole_generation
        SKIP [         ] (─────) snapshot contract::tests::generation_timer_ok_arm_reads_the_report_token_count_and_is_not_exceeded
        SKIP [         ] (─────) snapshot contract::tests::generation_timer_sample_carries_fractional_ms_from_the_elapsed_duration
        SKIP [         ] (─────) snapshot contract::tests::markdown_report_default_uses_balanced_budget_and_none_truncation
        SKIP [         ] (─────) snapshot contract::tests::markdown_report_round_trips_through_serde
        SKIP [         ] (─────) snapshot contract::tests::truncation_state_default_is_none
        SKIP [         ] (─────) snapshot contract::tests::truncation_state_round_trips_through_serde
        SKIP [         ] (─────) snapshot markdown::tests::format_markdown_anomaly_evidence_survives_under_budget_pressure
        SKIP [         ] (─────) snapshot markdown::tests::format_markdown_anomaly_section_appears_before_critical_path_before_aggregation
        SKIP [         ] (─────) snapshot markdown::tests::format_markdown_attribute_value_escapes_markdown_structural_chars
        SKIP [         ] (─────) snapshot markdown::tests::format_markdown_attribute_value_truncated_with_ellipsis
        SKIP [         ] (─────) snapshot markdown::tests::format_markdown_emits_h1_h2_h3_hierarchy
        SKIP [         ] (─────) snapshot markdown::tests::format_markdown_empty_input_produces_minimal_output
        SKIP [         ] (─────) snapshot markdown::tests::format_markdown_global_aggregation_emitted_in_constellation_section
        SKIP [         ] (─────) snapshot markdown::tests::format_markdown_h1_h2_anchors_stable_across_budget_presets
        SKIP [         ] (─────) snapshot markdown::tests::format_markdown_monospace_split_trace_ids_in_backticks
        SKIP [         ] (─────) snapshot markdown::tests::format_markdown_no_orphan_anchors
        SKIP [         ] (─────) snapshot markdown::tests::format_markdown_phase_d_returns_err_when_anomalies_alone_exceed_budget
        SKIP [         ] (─────) snapshot markdown::tests::format_markdown_token_count_invariant
        SKIP [         ] (─────) snapshot markdown::tests::format_markdown_voice_audit_no_banned_strings
        SKIP [         ] (─────) snapshot markdown::tests::format_markdown_with_balanced_budget_500_spans_under_budget
        SKIP [         ] (─────) snapshot markdown::tests::format_markdown_with_conservative_budget_500_spans_truncates_attributes_or_spans
        SKIP [         ] (─────) snapshot token_budget::tests::as_token_count_returns_locked_constants
        SKIP [         ] (─────) snapshot token_budget::tests::default_is_balanced
        SKIP [         ] (─────) snapshot token_budget::tests::label_matches_serde_repr
        SKIP [         ] (─────) snapshot token_budget::tests::round_trips_through_serde
        SKIP [         ] (─────) snapshot token_budget::tests::serializes_snake_case
        SKIP [         ] (─────) triage baseline::activity_floor::tests::bootstrap_state_honours_a_non_default_window
        SKIP [         ] (─────) triage baseline::activity_floor::tests::bootstrap_state_is_ready_exactly_at_the_window_edge
        SKIP [         ] (─────) triage baseline::activity_floor::tests::bootstrap_state_returns_learning_for_first_hour
        SKIP [         ] (─────) triage baseline::activity_floor::tests::bootstrap_state_returns_learning_when_never_observed
        SKIP [         ] (─────) triage baseline::activity_floor::tests::bootstrap_state_returns_ready_after_first_hour
        SKIP [         ] (─────) triage baseline::activity_floor::tests::bucket_index_for_handles_negative_timestamps_safely
        SKIP [         ] (─────) triage baseline::activity_floor::tests::bucket_index_for_wraps_modulo_bucket_count
        SKIP [         ] (─────) triage baseline::activity_floor::tests::current_quiet_duration_seconds_increases_with_time_since_last_observe
        SKIP [         ] (─────) triage baseline::activity_floor::tests::current_quiet_duration_seconds_returns_zero_before_first_observation
        SKIP [         ] (─────) triage baseline::activity_floor::tests::new_initializes_empty_state
        SKIP [         ] (─────) triage baseline::activity_floor::tests::observe_advances_last_observed_and_current_bucket
        SKIP [         ] (─────) triage baseline::activity_floor::tests::observe_crossing_24h_boundary_resets_stale_bucket
        SKIP [         ] (─────) triage baseline::activity_floor::tests::observe_crossing_bucket_boundary_advances_bucket_index
        SKIP [         ] (─────) triage baseline::activity_floor::tests::observe_within_same_24h_cycle_does_not_reset_buckets
        SKIP [         ] (─────) triage baseline::activity_floor::tests::observe_within_same_bucket_does_not_advance_bucket_index
        SKIP [         ] (─────) triage baseline::activity_floor::tests::p95_historical_quiet_duration_returns_none_before_two_observations
        SKIP [         ] (─────) triage baseline::activity_floor::tests::p95_historical_quiet_duration_returns_some_after_multiple_observations
        SKIP [         ] (─────) triage baseline::activity_floor::tests::prop_24h_rolling_invariant
        SKIP [         ] (─────) triage baseline::activity_floor::tests::prop_bucket_index_always_in_range
        SKIP [         ] (─────) triage baseline::activity_floor::tests::prop_observe_never_panics_under_arbitrary_timestamps
        SKIP [         ] (─────) triage baseline::activity_floor::tests::serde_round_trip_preserves_buckets_and_digest
        SKIP [         ] (─────) triage baseline::error::tests::error_category_groups_io_serialize_permission
        SKIP [         ] (─────) triage baseline::error::tests::error_display_does_not_leak_raw_paths_or_chain
        SKIP [         ] (─────) triage baseline::ewma::tests::ewma_alpha_one_replaces_value
        SKIP [         ] (─────) triage baseline::ewma::tests::ewma_alpha_zero_keeps_initial_value
        SKIP [         ] (─────) triage baseline::ewma::tests::ewma_bounded_within_observed_min_max
        SKIP [         ] (─────) triage baseline::ewma::tests::ewma_converges_toward_constant_input
        SKIP [         ] (─────) triage baseline::ewma::tests::ewma_first_observation_returns_value_directly
        SKIP [         ] (─────) triage baseline::ewma::tests::ewma_serde_round_trip_preserves_state
        SKIP [         ] (─────) triage baseline::rolling_window::tests::rolling_window_empty_mean_is_zero
        SKIP [         ] (─────) triage baseline::rolling_window::tests::rolling_window_length_never_exceeds_capacity
        SKIP [         ] (─────) triage baseline::rolling_window::tests::rolling_window_respects_capacity
        SKIP [         ] (─────) triage baseline::rolling_window::tests::rolling_window_serde_round_trip
        SKIP [         ] (─────) triage baseline::rolling_window::tests::rolling_window_sum_and_mean
        SKIP [         ] (─────) triage baseline::sql::tests::all_blocking_queries_safe_to_re_run
        SKIP [         ] (─────) triage baseline::sql::tests::q1_empty_table_returns_empty_vec
        SKIP [         ] (─────) triage baseline::sql::tests::q1_returns_red_metrics_per_service
        SKIP [         ] (─────) triage baseline::sql::tests::q2_orders_by_error_count_desc
        SKIP [         ] (─────) triage baseline::sql::tests::q3_returns_fingerprints_with_count_ge_2
        SKIP [         ] (─────) triage baseline::sql::tests::q4_returns_caller_callee_pairs
        SKIP [         ] (─────) triage baseline::sql::tests::q5_returns_cardinality_per_service
        SKIP [         ] (─────) triage baseline::sql::tests::q6_returns_high_severity_logs
        SKIP [         ] (─────) triage baseline::sql::tests::q7_default_timeout_matches_spec
        SKIP [         ] (─────) triage baseline::sql::tests::q7_fallback_fires_on_zero_timeout
        SKIP [         ] (─────) triage baseline::sql::tests::q7_outer_limit_100_caps_results
        SKIP [         ] (─────) triage baseline::sql::tests::q7_primary_under_normal_timeout_returns_normal_results
        SKIP [         ] (─────) triage baseline::sql::tests::q7_returns_critical_path_for_slow_traces
        SKIP [         ] (─────) triage baseline::sql::tests::sql_aggregation_error_category_covers_all_variants
        SKIP [         ] (─────) triage baseline::sql::tests::sql_injection_via_duration_param_is_blocked
        SKIP [         ] (─────) triage baseline::sql::tests::triage_sql_state_clones_share_connection
        SKIP [         ] (─────) triage baseline::sql::tests::window_filter_excludes_old_rows
        SKIP [         ] (─────) triage baseline::tdigest_pair::tests::percentile_after_inserts_returns_some
        SKIP [         ] (─────) triage baseline::tdigest_pair::tests::percentile_empty_returns_none
        SKIP [         ] (─────) triage baseline::tdigest_pair::tests::percentile_monotonic_p50_le_p95_le_p99
        SKIP [         ] (─────) triage baseline::tdigest_pair::tests::percentile_monotonic_property
        SKIP [         ] (─────) triage baseline::tdigest_pair::tests::serde_round_trip_preserves_state
        SKIP [         ] (─────) triage baseline::tdigest_pair::tests::swap_no_op_before_window_elapses
        SKIP [         ] (─────) triage baseline::tdigest_pair::tests::swap_rotates_current_to_previous_after_window
        SKIP [         ] (─────) triage baseline::tests::bootstrap_state_applies_window_on_the_resume_path_not_just_fresh
        SKIP [         ] (─────) triage baseline::tests::bootstrap_state_emits_cold_start_metric
        SKIP [         ] (─────) triage baseline::tests::bootstrap_state_resets_when_persistence_stale_beyond_threshold
        SKIP [         ] (─────) triage baseline::tests::bootstrap_state_returns_fresh_when_persistence_empty
        SKIP [         ] (─────) triage baseline::tests::bootstrap_state_returns_fresh_when_persistence_none
        SKIP [         ] (─────) triage baseline::tests::bootstrap_state_returns_loaded_when_persistence_fresh
        SKIP [         ] (─────) triage baseline::tests::current_unix_nanos_returns_positive_value
        SKIP [         ] (─────) triage baseline::tests::deserialized_state_defaults_to_the_non_zero_window
        SKIP [         ] (─────) triage baseline::tests::observe_span_drops_empty_operation_name_from_tdigest
        SKIP [         ] (─────) triage baseline::tests::observe_span_enforces_service_cardinality_cap
        SKIP [         ] (─────) triage baseline::tests::observe_span_populates_operation_latency_tdigest
        SKIP [         ] (─────) triage baseline::tests::observe_span_populates_service_baseline
        SKIP [         ] (─────) triage baseline::tests::observe_span_routes_to_activity_floor_observe
        SKIP [         ] (─────) triage baseline::tests::observe_span_with_empty_service_increments_drops
        SKIP [         ] (─────) triage baseline::tests::operation_key_is_deterministic_and_includes_service_prefix
        SKIP [         ] (─────) triage baseline::tests::operation_name_distinguishes_two_operations_on_same_service
        SKIP [         ] (─────) triage baseline::tests::operation_name_round_trips_through_baseline_to_snapshot
        SKIP [         ] (─────) triage baseline::tests::persist_on_shutdown_emits_shutdown_kind_metric
        SKIP [         ] (─────) triage baseline::tests::run_persist_cycle_advances_persisted_at_via_trait
        SKIP [         ] (─────) triage baseline::tests::run_persist_cycle_emits_corpus_basename_field
        SKIP [         ] (─────) triage baseline::tests::run_persist_cycle_emits_error_event_on_persistence_failure
        SKIP [         ] (─────) triage baseline::tests::run_persist_cycle_emits_tick_and_persist_metric_events
        SKIP [         ] (─────) triage baseline::tests::run_persist_cycle_round_trip_preserves_service_state_via_trait
        SKIP [         ] (─────) triage baseline::tests::service_cap_exceeded_emits_aggregate_warn_per_tick
        SKIP [         ] (─────) triage baseline::tests::service_identity_missing_emits_single_aggregate_warn_per_tick
        SKIP [         ] (─────) triage baseline::tests::silence_snapshot_reaches_ready_under_a_short_boot_resolved_window
        SKIP [         ] (─────) triage cadence::broadcast::tests::cadence_event_broadcast_default_matches_new
        SKIP [         ] (─────) triage cadence::broadcast::tests::cadence_event_broadcast_round_trips_payload
        SKIP [         ] (─────) triage cadence::broadcast::tests::cadence_event_broadcast_send_with_no_subscribers_is_benign
        SKIP [         ] (─────) triage cadence::broadcast::tests::cadence_event_broadcast_starts_zero_subscribers
        SKIP [         ] (─────) triage cadence::broadcast::tests::cadence_event_broadcast_subscribe_increments_count
        SKIP [         ] (─────) triage cadence::broadcast::tests::cadence_event_payload_has_no_string_fields
        SKIP [         ] (─────) triage cadence::broadcast::tests::digest_trigger_broadcast_default_starts_zero_subscribers
        SKIP [         ] (─────) triage cadence::broadcast::tests::digest_trigger_broadcast_round_trips_cue_including_scope_id
        SKIP [         ] (─────) triage cadence::broadcast::tests::stream_name_matches_pulse_uri_convention
        SKIP [         ] (─────) triage cadence::config::tests::accelerated_at_floor_passes_and_below_floor_rejects
        SKIP [         ] (─────) triage cadence::config::tests::baseline_at_floor_passes_and_below_floor_rejects
        SKIP [         ] (─────) triage cadence::config::tests::default_passes_validation
        SKIP [         ] (─────) triage cadence::config::tests::reflection_at_floor_passes_and_below_floor_rejects
        SKIP [         ] (─────) triage cadence::config::tests::safety_floor_invariant
        SKIP [         ] (─────) triage cadence::config::tests::tier2_acceleration_enabled_false_passes_validation
        SKIP [         ] (─────) triage cadence::coordinator::tests::mode_label_returns_bounded_four_value_enumeration
        SKIP [         ] (─────) triage cadence::coordinator::tests::run_one_coordinator_cycle_does_not_leak_pii_canary_into_broadcast_payload
        SKIP [         ] (─────) triage cadence::coordinator::tests::run_one_coordinator_cycle_emits_event_to_broadcast
        SKIP [         ] (─────) triage cadence::coordinator::tests::run_one_coordinator_cycle_emits_event_with_cue_metadata_for_tier1
        SKIP [         ] (─────) triage cadence::coordinator::tests::run_one_coordinator_cycle_handles_partial_query_failures
        SKIP [         ] (─────) triage cadence::coordinator::tests::run_one_coordinator_cycle_invokes_all_seven_queries_for_tier3
        SKIP [         ] (─────) triage cadence::coordinator::tests::run_one_coordinator_cycle_reflection_emits_reflection_mode
        SKIP [         ] (─────) triage cadence::coordinator::tests::run_one_coordinator_cycle_runs_tier2_on_non_cpu_primary_profile
        SKIP [         ] (─────) triage cadence::coordinator::tests::run_one_coordinator_cycle_skips_tier2_when_hardware_profile_is_cpu_primary
        SKIP [         ] (─────) triage cadence::coordinator::tests::start_cadence_coordinator_ignores_suggested_cue_on_the_attention_broadcast
        SKIP [         ] (─────) triage cadence::coordinator::tests::start_cadence_coordinator_responds_to_tier1_autonomous_cue
        SKIP [         ] (─────) triage cadence::coordinator::tests::start_cadence_coordinator_responds_to_tier2_suggested_cadence_trigger
        SKIP [         ] (─────) triage cadence::coordinator::tests::start_cadence_coordinator_spawnable_and_abortable
        SKIP [         ] (─────) triage cadence::coordinator::tests::start_cadence_coordinator_survives_config_hot_reload
        SKIP [         ] (─────) triage cadence::coordinator::tests::start_cadence_coordinator_tier2_skipped_on_cpu_primary_profile
        SKIP [         ] (─────) triage cadence::coordinator::tests::unknown_hardware_profile_returns_unknown
        SKIP [         ] (─────) triage contract::tests::attention_cue_round_trips_through_serde
        SKIP [         ] (─────) triage contract::tests::cue_kind_reflection_trend_serializes_snake_case
        SKIP [         ] (─────) triage contract::tests::cue_kind_round_trips_through_serde
        SKIP [         ] (─────) triage contract::tests::cue_kind_serializes_snake_case
        SKIP [         ] (─────) triage contract::tests::cue_scope_round_trips_through_serde
        SKIP [         ] (─────) triage contract::tests::cue_scope_serializes_snake_case
        SKIP [         ] (─────) triage contract::tests::digest_cue_ref_deserializes_payload_without_fingerprint_field
        SKIP [         ] (─────) triage contract::tests::digest_kind_round_trips_through_serde
        SKIP [         ] (─────) triage contract::tests::digest_kind_serializes_snake_case
        SKIP [         ] (─────) triage contract::tests::digest_round_trips_through_serde
        SKIP [         ] (─────) triage contract::tests::evidence_refs_round_trips_through_serde
        SKIP [         ] (─────) triage contract::tests::hex_lower_encodes_full_width_lowercase
        SKIP [         ] (─────) triage contract::tests::incident_deserializes_pre_chunk_86_payload_without_resolution_summary_field
        SKIP [         ] (─────) triage contract::tests::incident_events_vocabulary_is_created_plus_each_status_label
        SKIP [         ] (─────) triage contract::tests::incident_round_trips_through_serde
        SKIP [         ] (─────) triage contract::tests::incident_status_round_trips_through_serde
        SKIP [         ] (─────) triage contract::tests::incident_status_serializes_snake_case
        SKIP [         ] (─────) triage contract::tests::priority_tier_round_trips_through_serde
        SKIP [         ] (─────) triage contract::tests::priority_tier_serializes_snake_case
        SKIP [         ] (─────) triage contract::tests::scrubbed_clone_passes_cue_fingerprint_through_untouched
        SKIP [         ] (─────) triage contract::tests::severity_round_trips_through_serde
        SKIP [         ] (─────) triage contract::tests::severity_serializes_snake_case
        SKIP [         ] (─────) triage cue::broadcast::tests::attention_cue_broadcast_round_trips_payload
        SKIP [         ] (─────) triage cue::broadcast::tests::attention_cue_broadcast_send_with_no_subscribers_is_benign
        SKIP [         ] (─────) triage cue::broadcast::tests::attention_cue_broadcast_starts_zero_subscribers
        SKIP [         ] (─────) triage cue::broadcast::tests::attention_cue_broadcast_subscribe_increments_count
        SKIP [         ] (─────) triage cue::broadcast::tests::cadence_trigger_channel_round_trips_payload
        SKIP [         ] (─────) triage cue::broadcast::tests::cadence_trigger_channel_starts_zero_subscribers
        SKIP [         ] (─────) triage cue::broadcast::tests::channel_name_uses_kebab_case_label
        SKIP [         ] (─────) triage cue::broadcast::tests::stream_name_matches_pulse_uri_convention
        SKIP [         ] (─────) triage cue::classify::tests::classify_priority_decision_boundary::case_1
        SKIP [         ] (─────) triage cue::classify::tests::classify_priority_decision_boundary::case_2
        SKIP [         ] (─────) triage cue::classify::tests::classify_priority_decision_boundary::case_3
        SKIP [         ] (─────) triage cue::classify::tests::classify_priority_decision_boundary::case_4
        SKIP [         ] (─────) triage cue::classify::tests::classify_priority_decision_boundary::case_5
        SKIP [         ] (─────) triage cue::classify::tests::classify_priority_decision_boundary::case_6
        SKIP [         ] (─────) triage cue::classify::tests::classify_priority_decision_boundary::case_7
        SKIP [         ] (─────) triage cue::classify::tests::classify_priority_decision_boundary::case_8
        SKIP [         ] (─────) triage cue::classify::tests::classify_priority_decision_boundary::case_9
        SKIP [         ] (─────) triage cue::classify::tests::classify_priority_nan_inputs_return_curious
        SKIP [         ] (─────) triage cue::classify::tests::cue_kind_label_matches_serde_snake_case
        SKIP [         ] (─────) triage cue::classify::tests::dual_condition_bypass_matrix::case_1
        SKIP [         ] (─────) triage cue::classify::tests::dual_condition_bypass_matrix::case_2
        SKIP [         ] (─────) triage cue::classify::tests::dual_condition_bypass_matrix::case_3
        SKIP [         ] (─────) triage cue::classify::tests::dual_condition_bypass_matrix::case_4
        SKIP [         ] (─────) triage cue::classify::tests::dual_condition_bypass_matrix::case_5
        SKIP [         ] (─────) triage cue::classify::tests::dual_condition_bypass_matrix::case_6
        SKIP [         ] (─────) triage cue::classify::tests::dual_condition_bypass_matrix::case_7
        SKIP [         ] (─────) triage cue::classify::tests::dual_condition_bypass_nan_inputs_return_false
        SKIP [         ] (─────) triage cue::classify::tests::dual_condition_bypass_respects_configured_absolute_error_rate_override
        SKIP [         ] (─────) triage cue::classify::tests::dual_condition_bypass_respects_configured_multiplier_override
        SKIP [         ] (─────) triage cue::classify::tests::priority_tier_label_matches_serde_snake_case
        SKIP [         ] (─────) triage cue::emitter::tests::cue_latch_admits_a_newly_observed_condition
        SKIP [         ] (─────) triage cue::emitter::tests::cue_latch_admits_again_after_the_refractory_window_elapses
        SKIP [         ] (─────) triage cue::emitter::tests::cue_latch_admits_immediately_when_the_tier_escalates
        SKIP [         ] (─────) triage cue::emitter::tests::cue_latch_bounds_the_measured_wedge_shape
        SKIP [         ] (─────) triage cue::emitter::tests::cue_latch_evicts_a_cleared_condition_so_recurrence_admits_immediately
        SKIP [         ] (─────) triage cue::emitter::tests::cue_latch_holds_the_bound_across_the_scenario_s_multi_window_gap
        SKIP [         ] (─────) triage cue::emitter::tests::cue_latch_keys_on_kind_and_scope_so_distinct_conditions_stay_independent
        SKIP [         ] (─────) triage cue::emitter::tests::cue_latch_refuses_a_de_escalation_inside_the_window
        SKIP [         ] (─────) triage cue::emitter::tests::cue_latch_refuses_an_unchanged_repeat_inside_the_refractory_window
        SKIP [         ] (─────) triage cue::emitter::tests::run_one_emit_cycle_autonomous_tier_does_not_fan_to_cadence_triggers
        SKIP [         ] (─────) triage cue::emitter::tests::run_one_emit_cycle_does_not_emit_service_went_silent_during_bootstrap
        SKIP [         ] (─────) triage cue::emitter::tests::run_one_emit_cycle_drops_short_persistence_error_spike_in_active_window
        SKIP [         ] (─────) triage cue::emitter::tests::run_one_emit_cycle_emits_cue_to_broadcast_topic
        SKIP [         ] (─────) triage cue::emitter::tests::run_one_emit_cycle_emits_evaluation_span_with_threshold_fields
        SKIP [         ] (─────) triage cue::emitter::tests::run_one_emit_cycle_emits_metric_per_cue
        SKIP [         ] (─────) triage cue::emitter::tests::run_one_emit_cycle_emits_service_went_silent_cue_post_bootstrap
        SKIP [         ] (─────) triage cue::emitter::tests::run_one_emit_cycle_emits_service_went_silent_evaluate_aggregate_event
        SKIP [         ] (─────) triage cue::emitter::tests::run_one_emit_cycle_emits_suppression_check_per_cue
        SKIP [         ] (─────) triage cue::emitter::tests::run_one_emit_cycle_emits_tick_event_with_zero_cues_on_empty_state
        SKIP [         ] (─────) triage cue::emitter::tests::run_one_emit_cycle_keeps_high_magnitude_spike_in_active_window_via_bypass
        SKIP [         ] (─────) triage cue::emitter::tests::run_one_emit_cycle_pii_canary_does_not_leak_into_tracing_fields
        SKIP [         ] (─────) triage cue::emitter::tests::run_one_emit_cycle_surfaces_sustained_spike_inside_active_restart_window
        SKIP [         ] (─────) triage cue::emitter::tests::run_one_emit_cycle_tier_two_fans_to_cadence_triggers
        SKIP [         ] (─────) triage cue::emitter::tests::start_emitter_spawnable_and_abortable
        SKIP [         ] (─────) triage cue::evaluate::tests::error_rate_floor_stays_at_ten_samples_distinct_from_latency_floor
        SKIP [         ] (─────) triage cue::evaluate::tests::evaluate_service_went_silent_attribute_poisoning_does_not_bypass_bootstrap
        SKIP [         ] (─────) triage cue::evaluate::tests::evaluate_service_went_silent_bursty_pattern_keeps_quiet_phases_silent
        SKIP [         ] (─────) triage cue::evaluate::tests::evaluate_service_went_silent_during_bootstrap_returns_no_cues_even_when_quiet_long
        SKIP [         ] (─────) triage cue::evaluate::tests::evaluate_service_went_silent_empty_state_returns_no_cues
        SKIP [         ] (─────) triage cue::evaluate::tests::evaluate_service_went_silent_high_frequency_service_clamped_to_min_floor
        SKIP [         ] (─────) triage cue::evaluate::tests::evaluate_service_went_silent_low_frequency_service_preserves_learned_p95
        SKIP [         ] (─────) triage cue::evaluate::tests::evaluate_service_went_silent_post_bootstrap_above_p95_returns_cue
        SKIP [         ] (─────) triage cue::evaluate::tests::evaluate_service_went_silent_post_bootstrap_below_p95_returns_no_cues
        SKIP [         ] (─────) triage cue::evaluate::tests::evaluate_thresholds_below_warmup_returns_no_cues
        SKIP [         ] (─────) triage cue::evaluate::tests::evaluate_thresholds_classification_flips_when_multiplier_raised
        SKIP [         ] (─────) triage cue::evaluate::tests::evaluate_thresholds_empty_service_name_excluded_from_cues
        SKIP [         ] (─────) triage cue::evaluate::tests::evaluate_thresholds_empty_state_returns_no_cues
        SKIP [         ] (─────) triage cue::evaluate::tests::evaluate_thresholds_error_rate_above_threshold_emits_cue
        SKIP [         ] (─────) triage cue::evaluate::tests::evaluate_thresholds_fast_latency_does_not_emit_cue
        SKIP [         ] (─────) triage cue::evaluate::tests::evaluate_thresholds_latency_above_threshold_emits_cue
        SKIP [         ] (─────) triage cue::evaluate::tests::evaluate_thresholds_low_error_rate_does_not_emit_cue
        SKIP [         ] (─────) triage cue::evaluate::tests::evaluate_thresholds_priority_tier_classifies_by_magnitude_and_samples
        SKIP [         ] (─────) triage cue::evaluate::tests::latency_gate_admits_operations_at_min_latency_samples
        SKIP [         ] (─────) triage cue::evaluate::tests::latency_gate_excludes_operations_below_min_latency_samples
        SKIP [         ] (─────) triage cue::thresholds::tests::default_thresholds_match_chunk_spec_constants
        SKIP [         ] (─────) triage cue::thresholds::tests::from_env_carries_the_resolved_bound_into_the_field
        SKIP [         ] (─────) triage cue::thresholds::tests::from_env_unset_is_byte_identical_to_default
        SKIP [         ] (─────) triage cue::thresholds::tests::resolve_bootstrap_window_accepts_bounded_override
        SKIP [         ] (─────) triage cue::thresholds::tests::resolve_bootstrap_window_rejects_at_or_above_window_duration
        SKIP [         ] (─────) triage cue::thresholds::tests::resolve_bootstrap_window_rejects_zero_empty_and_unparseable
        SKIP [         ] (─────) triage cue::thresholds::tests::resolve_bootstrap_window_trims_surrounding_whitespace
        SKIP [         ] (─────) triage cue::thresholds::tests::resolve_bootstrap_window_unset_yields_default
        SKIP [         ] (─────) triage cue::thresholds::tests::thresholds_round_trip_through_serde
        SKIP [         ] (─────) triage cue::thresholds::tests::validate_default_thresholds_succeeds
        SKIP [         ] (─────) triage cue::thresholds::tests::validate_rejects_absolute_bypass_error_rate_above_one
        SKIP [         ] (─────) triage cue::thresholds::tests::validate_rejects_base_error_rate_above_one
        SKIP [         ] (─────) triage cue::thresholds::tests::validate_rejects_magnitude_bypass_multiplier_below_or_equal_one
        SKIP [         ] (─────) triage cue::thresholds::tests::validate_rejects_nan_latency_multiplier
        SKIP [         ] (─────) triage cue::thresholds::tests::validate_rejects_nan_magnitude_bypass_multiplier
        SKIP [         ] (─────) triage cue::thresholds::tests::validate_rejects_nan_quiet_duration_percentile
        SKIP [         ] (─────) triage cue::thresholds::tests::validate_rejects_negative_error_rate_multiplier
        SKIP [         ] (─────) triage cue::thresholds::tests::validate_rejects_percentile_outside_unit_range
        SKIP [         ] (─────) triage cue::thresholds::tests::validate_rejects_quiet_duration_percentile_outside_unit_range
        SKIP [         ] (─────) triage cue::thresholds::tests::validate_rejects_zero_absolute_bypass_latency_ms
        SKIP [         ] (─────) triage cue::thresholds::tests::validate_rejects_zero_base_latency
        SKIP [         ] (─────) triage cue::thresholds::tests::validate_rejects_zero_bootstrap_window_seconds
        SKIP [         ] (─────) triage cue::thresholds::tests::validate_rejects_zero_min_latency_samples
        SKIP [         ] (─────) triage cue::thresholds::tests::validate_rejects_zero_quiet_duration_percentile
        SKIP [         ] (─────) triage cue::thresholds::tests::validate_rejects_zero_restart_gap_threshold_seconds
        SKIP [         ] (─────) triage cue::thresholds::tests::validate_rejects_zero_restart_suppression_window_seconds
        SKIP [         ] (─────) triage cue::thresholds::tests::validate_rejects_zero_suppression_persistence_cutoff_samples
        SKIP [         ] (─────) triage cue::thresholds::tests::validate_rejects_zero_tick_interval
        SKIP [         ] (─────) triage digest::assembler::tests::assemble_degrades_to_empty_matches_on_retrieval_error
        SKIP [         ] (─────) triage digest::assembler::tests::assemble_matches_on_q1_service_scope_when_fingerprints_differ
        SKIP [         ] (─────) triage digest::assembler::tests::assemble_populates_corpus_matches_from_fingerprint_match
        SKIP [         ] (─────) triage digest::assembler::tests::assemble_routes_corpus_match_lines_through_scrub_closure
        SKIP [         ] (─────) triage digest::assembler::tests::assemble_with_noop_source_yields_empty_matches
        SKIP [         ] (─────) triage digest::assembler::tests::hex_lower_encodes_q3_fingerprint_bytes
        SKIP [         ] (─────) triage digest::assembler::tests::overall_line_reads_anomalous_for_a_cue_bearing_tier1_digest
        SKIP [         ] (─────) triage digest::assembler::tests::overall_line_reads_degraded_with_an_active_incident
        SKIP [         ] (─────) triage digest::assembler::tests::overall_line_reads_nominal_without_cue_or_incident
        SKIP [         ] (─────) triage digest::assembler::tests::render_payload_includes_five_recent_commits_per_p032
        SKIP [         ] (─────) triage digest::broadcast::tests::digest_broadcast_default_matches_new
        SKIP [         ] (─────) triage digest::broadcast::tests::digest_broadcast_round_trips_payload
        SKIP [         ] (─────) triage digest::broadcast::tests::digest_broadcast_send_with_no_subscribers_is_benign
        SKIP [         ] (─────) triage digest::broadcast::tests::digest_broadcast_starts_zero_subscribers
        SKIP [         ] (─────) triage digest::broadcast::tests::digest_broadcast_subscribe_increments_count
        SKIP [         ] (─────) triage digest::broadcast::tests::multiple_subscribers_each_receive_send
        SKIP [         ] (─────) triage digest::broadcast::tests::stream_name_matches_pulse_uri_convention
        SKIP [         ] (─────) triage digest::damper::tests::bypass_kinds_are_never_suppressed
        SKIP [         ] (─────) triage digest::damper::tests::changed_projection_generates_and_reports_the_released_run
        SKIP [         ] (─────) triage digest::damper::tests::changed_service_rows_generate
        SKIP [         ] (─────) triage digest::damper::tests::cleared_cue_condition_evicts_so_a_new_episode_reanalyzes
        SKIP [         ] (─────) triage digest::damper::tests::counters_track_runs_and_suppressions
        SKIP [         ] (─────) triage digest::damper::tests::distinct_identities_damp_independently
        SKIP [         ] (─────) triage digest::damper::tests::first_seen_generates_then_unchanged_suppresses
        SKIP [         ] (─────) triage digest::damper::tests::interval_identity_survives_the_reflection_gap
        SKIP [         ] (─────) triage digest::damper::tests::retrieval_context_is_outside_the_projection
        SKIP [         ] (─────) triage digest::damper::tests::state_updates_only_on_recorded_success
        SKIP [         ] (─────) triage digest::queue::tests::active_incident_bypass_does_not_replace
        SKIP [         ] (─────) triage digest::queue::tests::active_incident_queue_caps_at_5_drops_oldest
        SKIP [         ] (─────) triage digest::queue::tests::default_push_different_workspaces_both_queued
        SKIP [         ] (─────) triage digest::queue::tests::first_default_push_returns_queued
        SKIP [         ] (─────) triage digest::queue::tests::reflection_lww_per_workspace
        SKIP [         ] (─────) triage digest::queue::tests::second_default_push_same_workspace_returns_replaced
        SKIP [         ] (─────) triage digest::queue::tests::tier1_caps_at_3_drops_oldest
        SKIP [         ] (─────) triage digest::queue::tests::tier1_never_lww_each_push_queued
        SKIP [         ] (─────) triage digest::retrieval::tests::format_corpus_match_line_carries_fingerprint_title_age_outcome
        SKIP [         ] (─────) triage digest::retrieval::tests::noop_source_returns_empty_candidates
        SKIP [         ] (─────) triage digest::retrieval::tests::select_corpus_matches_empty_fingerprint_never_matches_empty_set_entry
        SKIP [         ] (─────) triage digest::retrieval::tests::select_corpus_matches_keeps_fingerprint_matches_only
        SKIP [         ] (─────) triage digest::retrieval::tests::select_corpus_matches_keeps_scope_matches
        SKIP [         ] (─────) triage digest::retrieval::tests::select_corpus_matches_ranks_by_recency_and_caps_at_limit
        SKIP [         ] (─────) triage digest::retrieval::tests::select_previously_seen_excludes_self_and_matches_fingerprint
        SKIP [         ] (─────) triage digest::retrieval::tests::select_previously_seen_matches_scope_when_fingerprints_differ
        SKIP [         ] (─────) triage digest::retrieval::tests::select_previously_seen_none_scope_never_matches_none_scope
        SKIP [         ] (─────) triage incident::broadcast::tests::broadcast_capacity_matches_sibling_precedent
        SKIP [         ] (─────) triage incident::broadcast::tests::incident_lifecycle_broadcast_round_trips_payload
        SKIP [         ] (─────) triage incident::broadcast::tests::incident_lifecycle_broadcast_send_with_no_subscribers_is_benign
        SKIP [         ] (─────) triage incident::broadcast::tests::incident_lifecycle_broadcast_starts_zero_subscribers
        SKIP [         ] (─────) triage incident::broadcast::tests::incident_lifecycle_broadcast_subscribe_increments_count
        SKIP [         ] (─────) triage incident::broadcast::tests::incident_lifecycle_event_has_no_pii_fields
        SKIP [         ] (─────) triage incident::broadcast::tests::incident_lifecycle_event_serde_round_trips
        SKIP [         ] (─────) triage incident::broadcast::tests::stream_name_matches_pulse_uri_convention
        SKIP [         ] (─────) triage incident::persistence::tests::default_ack_cooldown_matches_spec_p_023
        SKIP [         ] (─────) triage incident::persistence::tests::default_auto_resolve_window_matches_spec_p_022
        SKIP [         ] (─────) triage incident::persistence::tests::default_persist_interval_matches_sibling_precedent
        SKIP [         ] (─────) triage incident::persistence::tests::error_category_labels_stable
        SKIP [         ] (─────) triage incident::persistence::tests::persist_cycle_reconciles_before_writing_so_the_stale_row_is_not_re_offered
        SKIP [         ] (─────) triage incident::persistence::tests::reconcile_is_a_no_op_when_registry_and_durable_agree
        SKIP [         ] (─────) triage incident::persistence::tests::reconcile_kind_label_is_stable
        SKIP [         ] (─────) triage incident::persistence::tests::reconcile_only_touches_the_named_workspace
        SKIP [         ] (─────) triage incident::persistence::tests::reconcile_resolves_nothing_when_the_durable_read_fails
        SKIP [         ] (─────) triage incident::persistence::tests::reconcile_resolves_registry_rows_absent_from_the_durable_active_set
        SKIP [         ] (─────) triage incident::persistence::tests::run_incident_persist_cycle_persists_each_active_incident
        SKIP [         ] (─────) triage incident::persistence::tests::tracing_target_names_stable
        SKIP [         ] (─────) triage incident::registry::tests::acknowledge_active_succeeds
        SKIP [         ] (─────) triage incident::registry::tests::acknowledge_after_cooldown_window_succeeds
        SKIP [         ] (─────) triage incident::registry::tests::acknowledge_already_acknowledged_returns_invalid_transition
        SKIP [         ] (─────) triage incident::registry::tests::acknowledge_different_workspace_bypasses_cooldown
        SKIP [         ] (─────) triage incident::registry::tests::acknowledge_not_found_returns_not_found
        SKIP [         ] (─────) triage incident::registry::tests::acknowledge_within_cooldown_for_same_kind_scope_workspace_rejects
        SKIP [         ] (─────) triage incident::registry::tests::attach_interpretation_summary_rejects_resolved_incident
        SKIP [         ] (─────) triage incident::registry::tests::attach_interpretation_summary_returns_not_found_for_unknown_id
        SKIP [         ] (─────) triage incident::registry::tests::attach_interpretation_summary_writes_to_acknowledged_incident
        SKIP [         ] (─────) triage incident::registry::tests::attach_interpretation_summary_writes_to_active_incident
        SKIP [         ] (─────) triage incident::registry::tests::attach_resolution_summary_rejects_active_incident
        SKIP [         ] (─────) triage incident::registry::tests::attach_resolution_summary_returns_not_found_for_unknown_id
        SKIP [         ] (─────) triage incident::registry::tests::attach_resolution_summary_writes_summary_to_resolved_incident
        SKIP [         ] (─────) triage incident::registry::tests::error_category_labels_stable
        SKIP [         ] (─────) triage incident::registry::tests::evaluate_auto_resolution_includes_acknowledged
        SKIP [         ] (─────) triage incident::registry::tests::evaluate_auto_resolution_returns_active_past_window
        SKIP [         ] (─────) triage incident::registry::tests::evaluate_auto_resolution_skips_resolved
        SKIP [         ] (─────) triage incident::registry::tests::from_persisted_hydrates_registry
        SKIP [         ] (─────) triage incident::registry::tests::insert_and_get_round_trips
        SKIP [         ] (─────) triage incident::registry::tests::list_active_filters_by_workspace_and_resolved
        SKIP [         ] (─────) triage incident::registry::tests::list_for_workspace_returns_every_status_and_filters_by_workspace
        SKIP [         ] (─────) triage incident::registry::tests::mark_all_read_filters_by_workspace
        SKIP [         ] (─────) triage incident::registry::tests::mark_all_read_marks_all_unread_in_workspace_and_returns_ids
        SKIP [         ] (─────) triage incident::registry::tests::mark_all_read_on_empty_workspace_returns_empty_vec
        SKIP [         ] (─────) triage incident::registry::tests::mark_all_read_skips_already_read_incidents
        SKIP [         ] (─────) triage incident::registry::tests::mark_all_read_skips_resolved_incidents
        SKIP [         ] (─────) triage incident::registry::tests::mark_read_sets_read_at
        SKIP [         ] (─────) triage incident::registry::tests::mark_resolved_acknowledged_succeeds
        SKIP [         ] (─────) triage incident::registry::tests::mark_resolved_active_succeeds
        SKIP [         ] (─────) triage incident::registry::tests::mark_resolved_already_resolved_returns_invalid_transition
        SKIP [         ] (─────) triage incident::registry::tests::mark_resolved_not_found_returns_not_found
        SKIP [         ] (─────) triage incident::registry::tests::observe_reemission_on_resolved_rejects
        SKIP [         ] (─────) triage incident::registry::tests::observe_reemission_updates_timestamp
        SKIP [         ] (─────) triage incident::registry::tests::registry_starts_empty
        SKIP [         ] (─────) triage incident::state_machine::tests::cooldown_expiry_computes_5min_from_now
        SKIP [         ] (─────) triage incident::state_machine::tests::cooldown_expiry_saturates_on_overflow
        SKIP [         ] (─────) triage incident::state_machine::tests::is_valid_incident_transition_accepts_spec_edges
        SKIP [         ] (─────) triage incident::state_machine::tests::is_valid_incident_transition_rejects_reverse_progression
        SKIP [         ] (─────) triage incident::state_machine::tests::is_valid_incident_transition_rejects_self_loops
        SKIP [         ] (─────) triage incident::state_machine::tests::should_auto_resolve_at_boundary_is_true
        SKIP [         ] (─────) triage incident::state_machine::tests::should_auto_resolve_false_within_window
        SKIP [         ] (─────) triage incident::state_machine::tests::should_auto_resolve_true_after_window
        SKIP [         ] (─────) triage incident::state_machine::tests::status_label_matches_snake_case_serde
        SKIP [         ] (─────) triage incident::state_machine::tests::status_label_round_trips_through_serde
        SKIP [         ] (─────) triage incident::tier_effective::tests::a_higher_tier_opening_is_the_rise
        SKIP [         ] (─────) triage incident::tier_effective::tests::a_resolved_incident_without_a_resolution_instant_is_skipped
        SKIP [         ] (─────) triage incident::tier_effective::tests::a_same_tier_second_incident_does_not_move_it
        SKIP [         ] (─────) triage incident::tier_effective::tests::acknowledgement_keeps_the_tier
        SKIP [         ] (─────) triage incident::tier_effective::tests::concurrent_max_holders_fall_only_when_the_last_resolves
        SKIP [         ] (─────) triage incident::tier_effective::tests::no_incidents_is_none
        SKIP [         ] (─────) triage incident::tier_effective::tests::other_services_and_non_service_scopes_are_ignored
        SKIP [         ] (─────) triage incident::tier_effective::tests::rise_fall_rise_returns_the_second_rise
        SKIP [         ] (─────) triage incident::tier_effective::tests::the_last_holder_resolving_falls_to_none
        SKIP [         ] (─────) triage incident::tier_effective::tests::the_max_holder_resolving_falls_to_the_lower_tier
        SKIP [         ] (─────) triage incident::tier_effective::tests::the_replay_final_maximum_equals_the_max_over_the_active_subset
        SKIP [         ] (─────) triage lifecycle::broadcast::tests::broadcast_capacity_matches_sibling_precedent
        SKIP [         ] (─────) triage lifecycle::broadcast::tests::service_lifecycle_broadcast_round_trips_payload
        SKIP [         ] (─────) triage lifecycle::broadcast::tests::service_lifecycle_broadcast_send_with_no_subscribers_is_benign
        SKIP [         ] (─────) triage lifecycle::broadcast::tests::service_lifecycle_broadcast_starts_zero_subscribers
        SKIP [         ] (─────) triage lifecycle::broadcast::tests::service_lifecycle_broadcast_subscribe_increments_count
        SKIP [         ] (─────) triage lifecycle::broadcast::tests::service_lifecycle_event_has_no_pii_fields
        SKIP [         ] (─────) triage lifecycle::broadcast::tests::service_lifecycle_event_serde_round_trips
        SKIP [         ] (─────) triage lifecycle::broadcast::tests::stream_name_matches_pulse_uri_convention
        SKIP [         ] (─────) triage lifecycle::persistence::tests::fake_persistence_load_returns_none_by_default
        SKIP [         ] (─────) triage lifecycle::persistence::tests::fake_persistence_load_returns_seeded_entries
        SKIP [         ] (─────) triage lifecycle::persistence::tests::lifecycle_error_category_groups_io_serialize_permission
        SKIP [         ] (─────) triage lifecycle::persistence::tests::run_persist_cycle_emits_error_on_failure
        SKIP [         ] (─────) triage lifecycle::persistence::tests::run_persist_cycle_round_trips_state_via_fake_persistence
        SKIP [         ] (─────) triage lifecycle::persistence::tests::services_to_entries_preserves_state_and_manual_override
        SKIP [         ] (─────) triage lifecycle::registry::tests::count_by_state_orders_variants_consistently
        SKIP [         ] (─────) triage lifecycle::registry::tests::first_sighting_drops_empty_service
        SKIP [         ] (─────) triage lifecycle::registry::tests::first_sighting_registers_bootstrapping_entry_listed_before_any_tick
        SKIP [         ] (─────) triage lifecycle::registry::tests::first_sighting_returns_the_activity_event_once
        SKIP [         ] (─────) triage lifecycle::registry::tests::first_sighting_then_tick_emits_no_duplicate_event
        SKIP [         ] (─────) triage lifecycle::registry::tests::list_all_returns_per_service_items_with_effective_state
        SKIP [         ] (─────) triage lifecycle::registry::tests::next_natural_state_active_to_quiet_at_threshold
        SKIP [         ] (─────) triage lifecycle::registry::tests::next_natural_state_archived_is_absorbing
        SKIP [         ] (─────) triage lifecycle::registry::tests::next_natural_state_bootstrapping_stays_when_learning
        SKIP [         ] (─────) triage lifecycle::registry::tests::next_natural_state_bootstrapping_to_active_when_ready
        SKIP [         ] (─────) triage lifecycle::registry::tests::next_natural_state_dormant_to_archived_at_archived_threshold
        SKIP [         ] (─────) triage lifecycle::registry::tests::next_natural_state_quiet_to_active_on_zero_quiet
        SKIP [         ] (─────) triage lifecycle::registry::tests::next_natural_state_quiet_to_silent_at_p95
        SKIP [         ] (─────) triage lifecycle::registry::tests::next_natural_state_quiet_uses_fallback_when_no_p95
        SKIP [         ] (─────) triage lifecycle::registry::tests::next_natural_state_silent_to_dormant_at_dormant_threshold
        SKIP [         ] (─────) triage lifecycle::registry::tests::next_natural_state_silent_to_quiet_when_activity_returns
        SKIP [         ] (─────) triage lifecycle::registry::tests::next_natural_state_unknown_to_bootstrapping
        SKIP [         ] (─────) triage lifecycle::registry::tests::registry_starts_empty
        SKIP [         ] (─────) triage lifecycle::registry::tests::set_manual_override_clearing_emits_event_when_natural_differs
        SKIP [         ] (─────) triage lifecycle::registry::tests::set_manual_override_forces_state_regardless_of_activity
        SKIP [         ] (─────) triage lifecycle::registry::tests::set_manual_override_returns_none_when_effective_state_unchanged
        SKIP [         ] (─────) triage lifecycle::registry::tests::set_state_on_corpus_restore_drops_empty_service
        SKIP [         ] (─────) triage lifecycle::registry::tests::set_state_on_corpus_restore_preserves_persisted_last_seen
        SKIP [         ] (─────) triage lifecycle::registry::tests::set_state_on_corpus_restore_stamps_boot_time_when_no_prior_entry
        SKIP [         ] (─────) triage lifecycle::registry::tests::set_state_on_restart_bypasses_archived
        SKIP [         ] (─────) triage lifecycle::registry::tests::set_state_on_restart_creates_bootstrapping_entry
        SKIP [         ] (─────) triage lifecycle::registry::tests::set_state_on_restart_drops_empty_service
        SKIP [         ] (─────) triage lifecycle::registry::tests::set_state_on_restart_respects_manual_override
        SKIP [         ] (─────) triage lifecycle::registry::tests::set_state_on_restart_skips_when_already_bootstrapping
        SKIP [         ] (─────) triage lifecycle::registry::tests::state_index_is_total_and_distinct
        SKIP [         ] (─────) triage lifecycle::registry::tests::tick_all_advances_bootstrapping_to_active_when_bootstrap_ready
        SKIP [         ] (─────) triage lifecycle::registry::tests::tick_all_emits_one_event_per_transition
        SKIP [         ] (─────) triage lifecycle::registry::tests::tick_all_first_observation_creates_bootstrapping_entry
        SKIP [         ] (─────) triage lifecycle::registry::tests::tick_all_returns_empty_when_baseline_empty
        SKIP [         ] (─────) triage lifecycle::registry::tests::tick_all_skips_empty_service_name_snapshots
        SKIP [         ] (─────) triage lifecycle::state_machine::tests::is_valid_transition_accepts_spec_edges
        SKIP [         ] (─────) triage lifecycle::state_machine::tests::is_valid_transition_rejects_reverse_natural_progression
        SKIP [         ] (─────) triage lifecycle::state_machine::tests::is_valid_transition_rejects_self_loops
        SKIP [         ] (─────) triage lifecycle::state_machine::tests::is_valid_transition_rejects_skipping_edges
        SKIP [         ] (─────) triage lifecycle::state_machine::tests::service_lifecycle_state_round_trips_through_serde
        SKIP [         ] (─────) triage lifecycle::state_machine::tests::service_lifecycle_state_serializes_snake_case
        SKIP [         ] (─────) triage lifecycle::state_machine::tests::transition_trigger_serializes_snake_case
        SKIP [         ] (─────) triage lifecycle::tests::default_lifecycle_heartbeat_interval_matches_obs_rule
        SKIP [         ] (─────) triage lifecycle::tests::emit_tick_observability_emits_aggregate_transition_events
        SKIP [         ] (─────) triage lifecycle::tests::emit_tick_observability_emits_tick_and_metrics_on_empty_registry
        SKIP [         ] (─────) triage lifecycle::tests::emit_tick_observability_excludes_per_service_pii_fields
        SKIP [         ] (─────) triage lifecycle::tests::emit_tick_observability_field_set_excludes_banned_pii_keys
        SKIP [         ] (─────) triage lifecycle::tests::first_sighting_transitions_fold_into_tick_aggregate
        SKIP [         ] (─────) triage lifecycle::tests::state_label_matches_snake_case_serde
        SKIP [         ] (─────) triage pattern::broadcast::tests::broadcast_capacity_matches_cue_precedent
        SKIP [         ] (─────) triage pattern::broadcast::tests::restart_event_broadcast_round_trips_payload
        SKIP [         ] (─────) triage pattern::broadcast::tests::restart_event_broadcast_send_with_no_subscribers_is_benign
        SKIP [         ] (─────) triage pattern::broadcast::tests::restart_event_broadcast_starts_zero_subscribers
        SKIP [         ] (─────) triage pattern::broadcast::tests::restart_event_broadcast_subscribe_increments_count
        SKIP [         ] (─────) triage pattern::broadcast::tests::restart_event_payload_has_no_pii_fields
        SKIP [         ] (─────) triage pattern::broadcast::tests::restart_event_payload_serde_round_trips_through_serde
        SKIP [         ] (─────) triage pattern::broadcast::tests::stream_name_matches_pulse_uri_convention
        SKIP [         ] (─────) triage pattern::detector::tests::above_threshold_gap_then_resume_emits_event
        SKIP [         ] (─────) triage pattern::detector::tests::default_heartbeat_interval_matches_obs_rule
        SKIP [         ] (─────) triage pattern::detector::tests::detect_cycle_stats_match_emitted_count
        SKIP [         ] (─────) triage pattern::detector::tests::first_observation_never_emits
        SKIP [         ] (─────) triage pattern::detector::tests::multiple_services_tracked_independently
        SKIP [         ] (─────) triage pattern::detector::tests::observation_with_decreasing_timestamp_no_emit
        SKIP [         ] (─────) triage pattern::detector::tests::observe_and_dispatch_benign_without_subscribers
        SKIP [         ] (─────) triage pattern::detector::tests::observe_and_dispatch_increments_emit_count_on_gap
        SKIP [         ] (─────) triage pattern::detector::tests::observe_span_with_empty_service_dropped
        SKIP [         ] (─────) triage pattern::detector::tests::pii_negative_canary_in_restart_emit
        SKIP [         ] (─────) triage pattern::detector::tests::run_one_detect_cycle_reports_zero_when_empty
        SKIP [         ] (─────) triage pattern::detector::tests::sub_threshold_gap_does_not_emit
        SKIP [         ] (─────) triage pattern::detector::tests::tracing_emission_uses_identifier_class_fields_only
        SKIP [         ] (─────) triage pattern::persistence::tests::fake_persistence_load_returns_none_by_default
        SKIP [         ] (─────) triage pattern::persistence::tests::fake_persistence_load_returns_seeded_snapshot
        SKIP [         ] (─────) triage pattern::persistence::tests::run_persist_cycle_emits_error_on_failure
        SKIP [         ] (─────) triage pattern::persistence::tests::run_persist_cycle_invokes_save_via_fake_persistence
        SKIP [         ] (─────) triage pattern::persistence::tests::storm_error_category_groups_io_serialize_permission
        SKIP [         ] (─────) triage pattern::persistence::tests::storm_state_snapshot_round_trips_through_bincode
        SKIP [         ] (─────) triage pattern::storm::tests::default_thresholds_match_spec
        SKIP [         ] (─────) triage pattern::storm::tests::distinct_fingerprints_yield_distinct_cue_fingerprints
        SKIP [         ] (─────) triage pattern::storm::tests::fingerprint_to_hex_prefix_yields_8_lowercase_hex_chars
        SKIP [         ] (─────) triage pattern::storm::tests::observe_and_dispatch_storm_benign_without_subscribers
        SKIP [         ] (─────) triage pattern::storm::tests::observe_and_dispatch_storm_broadcasts_cue_on_threshold_crossing
        SKIP [         ] (─────) triage pattern::storm::tests::pii_negative_canary_storm_emit_does_not_leak_service_canary
        SKIP [         ] (─────) triage pattern::storm::tests::record_occurrence_10_occurrences_emits_autonomous_at_10th_after_suggested_at_5th
        SKIP [         ] (─────) triage pattern::storm::tests::record_occurrence_11th_in_30s_does_not_re_emit_post_autonomous
        SKIP [         ] (─────) triage pattern::storm::tests::record_occurrence_4_occurrences_in_30s_returns_none
        SKIP [         ] (─────) triage pattern::storm::tests::record_occurrence_5_occurrences_in_30s_returns_suggested
        SKIP [         ] (─────) triage pattern::storm::tests::record_occurrence_60_spreads_with_max_4_in_any_30s_returns_none
        SKIP [         ] (─────) triage pattern::storm::tests::record_occurrence_first_observation_returns_none
        SKIP [         ] (─────) triage pattern::storm::tests::record_occurrence_per_fingerprint_isolation
        SKIP [         ] (─────) triage pattern::storm::tests::record_occurrence_window_reset_after_full_expiration_re_emits_suggested
        SKIP [         ] (─────) triage pattern::storm::tests::record_occurrence_with_empty_service_dropped
        SKIP [         ] (─────) triage pattern::storm::tests::run_one_storm_cycle_keeps_recent_fingerprints
        SKIP [         ] (─────) triage pattern::storm::tests::run_one_storm_cycle_prunes_expired_fingerprints
        SKIP [         ] (─────) triage pattern::storm::tests::run_one_storm_cycle_reports_zero_on_empty_detector
        SKIP [         ] (─────) triage pattern::storm::tests::synthesized_cue_carries_full_width_hex_fingerprint_not_the_tracing_prefix
        SKIP [         ] (─────) triage pattern::storm::tests::tracing_emission_uses_identifier_class_fields_only
        SKIP [         ] (─────) triage pattern::suppression::tests::bypass_reason_labels_match_metric_field_values
        SKIP [         ] (─────) triage pattern::suppression::tests::bypass_reason_round_trips_through_serde
        SKIP [         ] (─────) triage pattern::suppression::tests::bypass_scenario_12x_4pct_bypasses_via_relative
        SKIP [         ] (─────) triage pattern::suppression::tests::bypass_scenario_6x_7pct_bypasses_via_absolute
        SKIP [         ] (─────) triage pattern::suppression::tests::bypass_scenario_8x_3pct_does_not_bypass_suppression
        SKIP [         ] (─────) triage pattern::suppression::tests::dual_condition_bypass_scenarios_during_active_restart_window::case_1
        SKIP [         ] (─────) triage pattern::suppression::tests::dual_condition_bypass_scenarios_during_active_restart_window::case_2
        SKIP [         ] (─────) triage pattern::suppression::tests::dual_condition_bypass_scenarios_during_active_restart_window::case_3
        SKIP [         ] (─────) triage pattern::suppression::tests::evaluate_after_window_expires_does_not_suppress
        SKIP [         ] (─────) triage pattern::suppression::tests::evaluate_keeps_long_persistence_error_rate_spike_in_active_window
        SKIP [         ] (─────) triage pattern::suppression::tests::evaluate_keeps_non_error_rate_spike_kinds_in_active_window
        SKIP [         ] (─────) triage pattern::suppression::tests::evaluate_relative_bypass_priority_over_absolute
        SKIP [         ] (─────) triage pattern::suppression::tests::evaluate_suppresses_short_persistence_error_rate_spike_in_active_window
        SKIP [         ] (─────) triage pattern::suppression::tests::evaluate_with_no_active_windows_keeps_all_cues
        SKIP [         ] (─────) triage pattern::suppression::tests::evaluate_with_no_scope_id_does_not_match_any_window
        SKIP [         ] (─────) triage pattern::suppression::tests::record_restart_opens_window
        SKIP [         ] (─────) triage pattern::suppression::tests::suppression_state_starts_empty
        SKIP [         ] (─────) triage pattern::suppression::tests::window_per_service_tracked_independently
        SKIP [         ] (─────) ui-bridge contract::tests::app_error_ingest_round_trips_through_serde
        SKIP [         ] (─────) ui-bridge contract::tests::app_error_ingest_serializes_to_stable_sanitized_shape
        SKIP [         ] (─────) ui-bridge contract::tests::app_error_internal_helper_constructs_internal_variant
        SKIP [         ] (─────) ui-bridge contract::tests::app_error_internal_round_trips_through_serde
        SKIP [         ] (─────) ui-bridge contract::tests::app_error_not_found_round_trips_through_serde
        SKIP [         ] (─────) ui-bridge contract::tests::app_error_plugin_round_trips_through_serde
        SKIP [         ] (─────) ui-bridge contract::tests::app_error_storage_round_trips_through_serde
        SKIP [         ] (─────) ui-bridge contract::tests::app_error_validation_round_trips_through_serde
        SKIP [         ] (─────) ui-bridge contract::tests::app_info_serializes_with_required_fields
        SKIP [         ] (─────) ui-bridge contract::tests::from_bind_failed_collapses_to_constant_message_no_struct_name_leak
        SKIP [         ] (─────) ui-bridge contract::tests::from_buffer_append_collapses_to_constant_message
        SKIP [         ] (─────) ui-bridge contract::tests::from_buffer_broadcast_encode_collapses_to_constant_message_no_reason_leak
        SKIP [         ] (─────) ui-bridge contract::tests::from_buffer_broadcast_size_cap_collapses_to_constant_message_no_byte_count_leak
        SKIP [         ] (─────) ui-bridge contract::tests::from_buffer_connection_lost_collapses_to_constant_message
        SKIP [         ] (─────) ui-bridge contract::tests::from_buffer_emits_tracing_warn_at_correct_target
        SKIP [         ] (─────) ui-bridge contract::tests::from_buffer_init_collapses_to_constant_message_no_struct_name_leak
        SKIP [         ] (─────) ui-bridge contract::tests::from_buffer_invalid_batch_collapses_to_constant_message
        SKIP [         ] (─────) ui-bridge contract::tests::from_buffer_retention_collapses_to_constant_message_no_struct_name_leak
        SKIP [         ] (─────) ui-bridge contract::tests::from_buffer_schema_create_collapses_to_constant_message
        SKIP [         ] (─────) ui-bridge contract::tests::from_buffer_strips_plain_language_anti_patterns::case_1
        SKIP [         ] (─────) ui-bridge contract::tests::from_buffer_strips_plain_language_anti_patterns::case_2
        SKIP [         ] (─────) ui-bridge contract::tests::from_channel_full_collapses_to_constant_message
        SKIP [         ] (─────) ui-bridge contract::tests::from_ingest_emits_tracing_warn_at_correct_target
        SKIP [         ] (─────) ui-bridge contract::tests::from_ingest_strips_plain_language_anti_patterns::case_1
        SKIP [         ] (─────) ui-bridge contract::tests::from_ingest_strips_plain_language_anti_patterns::case_2
        SKIP [         ] (─────) ui-bridge contract::tests::from_invalid_port_collapses_to_constant_message
        SKIP [         ] (─────) ui-bridge contract::tests::from_invariant_message_does_not_leak_kind_or_lengths
        SKIP [         ] (─────) ui-bridge contract::tests::from_invariant_violation_collapses_to_constant_message
        SKIP [         ] (─────) ui-bridge contract::tests::from_mcp_server_env_var_disabled_collapses_to_constant_message_no_leak
        SKIP [         ] (─────) ui-bridge contract::tests::from_mcp_server_env_var_disabled_emits_tracing_warn_at_internal_target
        SKIP [         ] (─────) ui-bridge contract::tests::from_mcp_server_io_error_emits_tracing_warn_at_internal_target
        SKIP [         ] (─────) ui-bridge contract::tests::from_mcp_server_json_rpc_framing_collapses_to_constant_message_no_leak
        SKIP [         ] (─────) ui-bridge contract::tests::from_mcp_server_rmcp_init_collapses_to_constant_message_no_leak
        SKIP [         ] (─────) ui-bridge contract::tests::from_mcp_server_tool_args_invalid_collapses_to_constant_message_no_leak
        SKIP [         ] (─────) ui-bridge contract::tests::from_mcp_server_tool_dispatch_failed_collapses_to_constant_message_no_leak
        SKIP [         ] (─────) ui-bridge contract::tests::from_plugins_capability_rejected_collapses_to_plugin_no_leak
        SKIP [         ] (─────) ui-bridge contract::tests::from_plugins_capability_rejected_emits_tracing_warn_at_plugin_target
        SKIP [         ] (─────) ui-bridge contract::tests::from_plugins_component_instantiate_collapses_to_plugin_no_leak
        SKIP [         ] (─────) ui-bridge contract::tests::from_plugins_load_failed_collapses_to_plugin_no_leak
        SKIP [         ] (─────) ui-bridge contract::tests::from_plugins_load_failed_emits_tracing_warn_at_plugin_target
        SKIP [         ] (─────) ui-bridge contract::tests::from_plugins_not_found_collapses_to_plugin_constant_message
        SKIP [         ] (─────) ui-bridge contract::tests::from_plugins_not_found_emits_tracing_warn_at_plugin_target
        SKIP [         ] (─────) ui-bridge contract::tests::from_plugins_path_canonicalization_failed_collapses_to_validation
        SKIP [         ] (─────) ui-bridge contract::tests::from_plugins_path_canonicalization_failed_emits_tracing_warn_at_validation_target
        SKIP [         ] (─────) ui-bridge contract::tests::from_plugins_placeholder_collapses_to_constant_message_no_leak
        SKIP [         ] (─────) ui-bridge contract::tests::from_plugins_placeholder_emits_tracing_warn_at_internal_target
        SKIP [         ] (─────) ui-bridge contract::tests::from_plugins_resource_limit_exceeded_collapses_to_plugin_no_leak
        SKIP [         ] (─────) ui-bridge contract::tests::from_plugins_resource_limit_exceeded_emits_tracing_warn_at_plugin_target
        SKIP [         ] (─────) ui-bridge contract::tests::from_plugins_wit_load_collapses_to_plugin_no_leak
        SKIP [         ] (─────) ui-bridge contract::tests::from_serve_failed_collapses_to_constant_message
        SKIP [         ] (─────) ui-bridge contract::tests::from_snapshot_emits_tracing_warn_at_internal_target
        SKIP [         ] (─────) ui-bridge contract::tests::from_snapshot_empty_input_collapses_to_constant_message
        SKIP [         ] (─────) ui-bridge contract::tests::from_snapshot_invalid_span_record_collapses_to_constant_message_no_kind_leak
        SKIP [         ] (─────) ui-bridge contract::tests::from_snapshot_latency_degenerate_collapses_to_constant_message_no_reason_leak
        SKIP [         ] (─────) ui-bridge contract::tests::from_snapshot_orphan_parent_span_collapses_to_constant_message_no_id_leak
        SKIP [         ] (─────) ui-bridge contract::tests::from_snapshot_serializes_to_internal_kind_with_no_leak::case_1
        SKIP [         ] (─────) ui-bridge contract::tests::from_snapshot_serializes_to_internal_kind_with_no_leak::case_2
        SKIP [         ] (─────) ui-bridge contract::tests::from_snapshot_serializes_to_internal_kind_with_no_leak::case_3
        SKIP [         ] (─────) ui-bridge contract::tests::from_snapshot_serializes_to_internal_kind_with_no_leak::case_4
        SKIP [         ] (─────) ui-bridge contract::tests::from_viz_connection_lost_collapses_to_constant_message
        SKIP [         ] (─────) ui-bridge contract::tests::from_viz_decode_collapses_to_constant_message_no_struct_name_leak
        SKIP [         ] (─────) ui-bridge contract::tests::from_viz_invalid_argument_emits_tracing_warn_at_validation_target
        SKIP [         ] (─────) ui-bridge contract::tests::from_viz_invalid_argument_preserves_field_strips_reason_internals
        SKIP [         ] (─────) ui-bridge contract::tests::from_viz_query_failed_collapses_to_constant_message_no_leak
        SKIP [         ] (─────) ui-bridge contract::tests::from_viz_query_failed_emits_tracing_warn_at_storage_target
        SKIP [         ] (─────) ui-bridge contract::tests::from_viz_query_failed_serializes_to_stable_sanitized_shape
        SKIP [         ] (─────) ui-bridge contract::tests::from_viz_strips_plain_language_anti_patterns::case_1
        SKIP [         ] (─────) ui-bridge contract::tests::from_workspace_detector_canonicalization_failed_collapses_to_validation_no_leak
        SKIP [         ] (─────) ui-bridge contract::tests::from_workspace_detector_io_failure_collapses_to_storage_no_leak
        SKIP [         ] (─────) ui-bridge contract::tests::from_workspace_detector_io_failure_emits_tracing_warn_at_storage_target
        SKIP [         ] (─────) ui-bridge contract::tests::from_workspace_detector_path_traversal_collapses_to_validation_no_leak
        SKIP [         ] (─────) ui-bridge contract::tests::from_workspace_detector_path_traversal_emits_tracing_warn_at_validation_target
        SKIP [         ] (─────) ui-bridge contract::tests::ready_envelope_serializes_with_required_fields
        SKIP [         ] (─────) ui-bridge contract::tests::settings_default_always_on_top_is_true
        SKIP [         ] (─────) ui-bridge contract::tests::settings_default_cadence_knobs_match_route_spec
        SKIP [         ] (─────) ui-bridge contract::tests::settings_default_drain_knobs_match_route_spec
        SKIP [         ] (─────) ui-bridge contract::tests::settings_default_lifecycle_thresholds_are_3600_and_86400
        SKIP [         ] (─────) ui-bridge contract::tests::settings_default_notifications_enabled_true_mcp_disabled
        SKIP [         ] (─────) ui-bridge contract::tests::settings_default_retention_seconds_is_600
        SKIP [         ] (─────) ui-bridge contract::tests::settings_default_snapshot_format_is_markdown
        SKIP [         ] (─────) ui-bridge contract::tests::settings_default_snapshot_preset_is_balanced
        SKIP [         ] (─────) ui-bridge contract::tests::settings_default_theme_is_dark
        SKIP [         ] (─────) ui-bridge contract::tests::settings_default_widget_position_is_top_right
        SKIP [         ] (─────) ui-bridge contract::tests::settings_partial_deserialize_uses_defaults_for_missing_cadence_fields
        SKIP [         ] (─────) ui-bridge contract::tests::settings_partial_deserialize_uses_defaults_for_missing_drain_fields
        SKIP [         ] (─────) ui-bridge contract::tests::settings_partial_deserialize_uses_defaults_for_missing_fields
        SKIP [         ] (─────) ui-bridge contract::tests::settings_partial_deserialize_uses_defaults_for_missing_snapshot_fields
        SKIP [         ] (─────) ui-bridge contract::tests::settings_round_trips_through_serde
        SKIP [         ] (─────) ui-bridge contract::tests::settings_serde_round_trips_lifecycle_thresholds
        SKIP [         ] (─────) ui-bridge contract::tests::settings_validate_accepts_cadence_extremes_within_range
        SKIP [         ] (─────) ui-bridge contract::tests::settings_validate_accepts_default_cadence_knobs
        SKIP [         ] (─────) ui-bridge contract::tests::settings_validate_accepts_default_drain_knobs
        SKIP [         ] (─────) ui-bridge contract::tests::settings_validate_accepts_default_lifecycle_thresholds
        SKIP [         ] (─────) ui-bridge contract::tests::settings_validate_accepts_drain_extremes_within_range
        SKIP [         ] (─────) ui-bridge contract::tests::settings_validate_accepts_in_range_retention
        SKIP [         ] (─────) ui-bridge contract::tests::settings_validate_rejects_above_max_cadence_baseline
        SKIP [         ] (─────) ui-bridge contract::tests::settings_validate_rejects_above_max_drain_depth
        SKIP [         ] (─────) ui-bridge contract::tests::settings_validate_rejects_above_max_drain_max_clusters
        SKIP [         ] (─────) ui-bridge contract::tests::settings_validate_rejects_above_max_drain_similarity_x100
        SKIP [         ] (─────) ui-bridge contract::tests::settings_validate_rejects_above_max_retention
        SKIP [         ] (─────) ui-bridge contract::tests::settings_validate_rejects_archived_below_dormant
        SKIP [         ] (─────) ui-bridge contract::tests::settings_validate_rejects_below_min_cadence_accelerated
        SKIP [         ] (─────) ui-bridge contract::tests::settings_validate_rejects_below_min_cadence_baseline
        SKIP [         ] (─────) ui-bridge contract::tests::settings_validate_rejects_below_min_cadence_reflection
        SKIP [         ] (─────) ui-bridge contract::tests::settings_validate_rejects_below_min_drain_depth
        SKIP [         ] (─────) ui-bridge contract::tests::settings_validate_rejects_below_min_drain_max_clusters
        SKIP [         ] (─────) ui-bridge contract::tests::settings_validate_rejects_below_min_drain_similarity_x100
        SKIP [         ] (─────) ui-bridge contract::tests::settings_validate_rejects_below_min_lifecycle_dormant
        SKIP [         ] (─────) ui-bridge contract::tests::settings_validate_rejects_below_min_retention
        SKIP [         ] (─────) ui-bridge contract::tests::settings_validate_rejects_zero_lifecycle_archived
        SKIP [         ] (─────) ui-bridge contract::tests::snapshot_format_serializes_lowercase
        SKIP [         ] (─────) ui-bridge contract::tests::snapshot_preset_serializes_snake_case
        SKIP [         ] (─────) ui-bridge contract::tests::theme_serializes_lowercase
        SKIP [         ] (─────) ui-bridge contract::tests::widget_position_serializes_kebab_case
        SKIP [         ] (─────) ui-bridge health::introspection_tests::app_info_returns_andromeda_pulse_name_and_compile_time_versions
        SKIP [         ] (─────) ui-bridge health::introspection_tests::get_settings_returns_default_when_config_file_missing
        SKIP [         ] (─────) ui-bridge health::introspection_tests::get_settings_returns_storage_error_when_config_unparseable
        SKIP [         ] (─────) ui-bridge health::introspection_tests::health_returns_envelope_with_six_subsystems
        SKIP [         ] (─────) ui-bridge health::introspection_tests::ready_buffer_stats_zero_without_buffer_state
        SKIP [         ] (─────) ui-bridge health::introspection_tests::ready_populates_buffer_stats_from_buffer_state
        SKIP [         ] (─────) ui-bridge health::introspection_tests::ready_reports_mcp_server_enabled_from_features
        SKIP [         ] (─────) ui-bridge health::introspection_tests::ready_returns_envelope_with_required_check_keys
        SKIP [         ] (─────) ui-bridge health::introspection_tests::update_settings_persists_to_config_toml_and_get_returns_round_trip
        SKIP [         ] (─────) ui-bridge health::introspection_tests::update_settings_rejects_above_max_retention
        SKIP [         ] (─────) ui-bridge health::introspection_tests::update_settings_rejects_below_min_retention_with_validation_error
        SKIP [         ] (─────) ui-bridge health::tests::current_health_degrades_on_buffer_init_failure
        SKIP [         ] (─────) ui-bridge health::tests::current_health_degrades_on_buffer_retention_failure
        SKIP [         ] (─────) ui-bridge health::tests::current_health_degrades_on_http_bind_failure
        SKIP [         ] (─────) ui-bridge health::tests::current_health_degrades_on_ingest_channel_saturated
        SKIP [         ] (─────) ui-bridge health::tests::current_health_degrades_on_viz_query_failure
        SKIP [         ] (─────) ui-bridge health::tests::current_health_includes_six_subsystems_when_no_state_registered
        SKIP [         ] (─────) ui-bridge health::tests::heartbeat_state_buffer_connection_slot_starts_empty
        SKIP [         ] (─────) ui-bridge health::tests::heartbeat_state_ingest_channel_slot_starts_empty
        SKIP [         ] (─────) ui-bridge health::tests::heartbeat_state_otlp_bind_slot_starts_empty
        SKIP [         ] (─────) ui-bridge health::tests::heartbeat_state_otlp_http_bind_slot_starts_empty
        SKIP [         ] (─────) ui-bridge health::tests::heartbeat_state_records_and_reads_per_module
        SKIP [         ] (─────) ui-bridge health::tests::heartbeat_state_records_buffer_connection_ok_and_failed
        SKIP [         ] (─────) ui-bridge health::tests::heartbeat_state_records_buffer_connection_retention_failed
        SKIP [         ] (─────) ui-bridge health::tests::heartbeat_state_records_ingest_channel_ok_and_saturated
        SKIP [         ] (─────) ui-bridge health::tests::heartbeat_state_records_otlp_bind_ok_and_failed
        SKIP [         ] (─────) ui-bridge health::tests::heartbeat_state_records_otlp_http_bind_ok_and_failed
        SKIP [         ] (─────) ui-bridge health::tests::heartbeat_state_records_viz_query_ok_and_failed
        SKIP [         ] (─────) ui-bridge health::tests::heartbeat_state_viz_query_slot_starts_empty
        SKIP [         ] (─────) ui-bridge health::tests::placeholders_includes_six_subsystems_with_no_ticks
        SKIP [         ] (─────) ui-bridge health::tests::subsystem_status_initialized_has_no_tick
        SKIP [         ] (─────) ui-bridge telemetry::tests::capture_helper_records_synchronous_emission
        SKIP [         ] (─────) ui-bridge telemetry::tests::coerce_window_label_collapses_unknown_to_constant
        SKIP [         ] (─────) ui-bridge telemetry::tests::constellation_hue_latency_input_rejects_unknown_severity_tier
        SKIP [         ] (─────) ui-bridge telemetry::tests::delegated_timing_resolvers_reject_non_finite_duration
        SKIP [         ] (─────) ui-bridge telemetry::tests::frame_duration_input_rejects_unknown_wgpu_backend
        SKIP [         ] (─────) ui-bridge telemetry::tests::frame_duration_input_round_trips_through_serde
        SKIP [         ] (─────) ui-bridge telemetry::tests::hue_severity_tier_serializes_lowercase_bounded_labels
        SKIP [         ] (─────) ui-bridge telemetry::tests::ipc_rejection_category_serializes_snake_case_bounded_labels
        SKIP [         ] (─────) ui-bridge telemetry::tests::ipc_rejection_input_rejects_unknown_category
        SKIP [         ] (─────) ui-bridge telemetry::tests::record_constellation_discovery_latency_emits_exact_target_with_aggregate_count
        SKIP [         ] (─────) ui-bridge telemetry::tests::record_constellation_discovery_latency_rejects_implausible_count
        SKIP [         ] (─────) ui-bridge telemetry::tests::record_constellation_hue_latency_emits_exact_target_with_severity_label
        SKIP [         ] (─────) ui-bridge telemetry::tests::record_findings_counter_refresh_emits_exact_target
        SKIP [         ] (─────) ui-bridge telemetry::tests::record_frame_ms_emits_tracing_info_at_metric_target_on_success
        SKIP [         ] (─────) ui-bridge telemetry::tests::record_frame_ms_returns_validation_error_on_nan
        SKIP [         ] (─────) ui-bridge telemetry::tests::record_frame_ms_returns_validation_error_on_negative_duration
        SKIP [         ] (─────) ui-bridge telemetry::tests::record_ipc_rejection_emits_at_warn_level
        SKIP [         ] (─────) ui-bridge telemetry::tests::record_ipc_rejection_emits_exact_target_with_coerced_label_and_category
        SKIP [         ] (─────) ui-bridge telemetry::tests::record_ipc_rejection_rejects_implausible_payload_bytes_without_emitting
        SKIP [         ] (─────) ui-bridge telemetry::tests::record_webgpu_adapter_carries_the_outcome_and_a_coerced_label_only
        SKIP [         ] (─────) ui-bridge telemetry::tests::record_webgpu_adapter_emits_one_info_record_on_obtained
        SKIP [         ] (─────) ui-bridge telemetry::tests::record_webgpu_adapter_emits_one_warn_record_on_every_other_outcome
        SKIP [         ] (─────) ui-bridge telemetry::tests::timing_method_serializes_lowercase
        SKIP [         ] (─────) ui-bridge telemetry::tests::validate_discovered_count_accepts_zero_and_max_boundary
        SKIP [         ] (─────) ui-bridge telemetry::tests::validate_discovered_count_rejects_above_max
        SKIP [         ] (─────) ui-bridge telemetry::tests::validate_duration_ms_accepts_max_boundary
        SKIP [         ] (─────) ui-bridge telemetry::tests::validate_duration_ms_accepts_typical_60fps_frame
        SKIP [         ] (─────) ui-bridge telemetry::tests::validate_duration_ms_accepts_zero
        SKIP [         ] (─────) ui-bridge telemetry::tests::validate_duration_ms_rejects_above_max
        SKIP [         ] (─────) ui-bridge telemetry::tests::validate_duration_ms_rejects_nan
        SKIP [         ] (─────) ui-bridge telemetry::tests::validate_duration_ms_rejects_negative
        SKIP [         ] (─────) ui-bridge telemetry::tests::validate_duration_ms_rejects_negative_infinity
        SKIP [         ] (─────) ui-bridge telemetry::tests::validate_duration_ms_rejects_positive_infinity
        SKIP [         ] (─────) ui-bridge telemetry::tests::validate_payload_bytes_accepts_zero_and_max_boundary
        SKIP [         ] (─────) ui-bridge telemetry::tests::validate_payload_bytes_rejects_above_max
        SKIP [         ] (─────) ui-bridge telemetry::tests::webgpu_adapter_input_rejects_unknown_outcome
        SKIP [         ] (─────) ui-bridge telemetry::tests::webgpu_adapter_outcome_serializes_snake_case_bounded_labels
        SKIP [         ] (─────) ui-bridge telemetry::tests::webview_backend_serializes_lowercase
        SKIP [         ] (─────) ui-bridge telemetry::tests::wgpu_backend_serializes_lowercase_per_obs_cardinality_discipline
        SKIP [         ] (─────) ui-bridge workspace_ipc::tests::ctx_to_dto_extracts_basenames_only
        SKIP [         ] (─────) ui-bridge workspace_ipc::tests::detect_emits_info_at_workspace_detect_target_for_marker_dir
        SKIP [         ] (─────) ui-bridge workspace_ipc::tests::detect_returns_validation_appror_for_nonexistent_path
        SKIP [         ] (─────) ui-bridge workspace_ipc::tests::detect_returns_validation_appror_for_traversal_path
        SKIP [         ] (─────) viz contract::tests::error_connection_lost_displays_constant
        SKIP [         ] (─────) viz contract::tests::error_decode_displays_reason
        SKIP [         ] (─────) viz contract::tests::error_invalid_argument_carries_field_and_reason
        SKIP [         ] (─────) viz contract::tests::error_query_failed_displays_reason
        SKIP [         ] (─────) viz contract::tests::heartbeat_payload_default_state_is_all_zero
        SKIP [         ] (─────) viz contract::tests::heartbeat_payload_reflects_recorded_query_latency_avg
        SKIP [         ] (─────) viz contract::tests::heartbeat_payload_reflects_subscribers_active_count
        SKIP [         ] (─────) viz query::tests::compute_window_with_cursor_inside_window_uses_cursor_as_end
        SKIP [         ] (─────) viz query::tests::compute_window_with_cursor_outside_window_clamps_end_to_start
        SKIP [         ] (─────) viz query::tests::compute_window_without_cursor_uses_max_as_end
        SKIP [         ] (─────) viz query::tests::cursor_round_trip_preserves_value
        SKIP [         ] (─────) viz query::tests::decode_cursor_rejects_garbage_after_prefix
        SKIP [         ] (─────) viz query::tests::decode_cursor_rejects_unprefixed_input
        SKIP [         ] (─────) viz query::tests::hex_encode_round_trips_known_bytes
        SKIP [         ] (─────) viz query::tests::log_row_round_trips_through_serde_with_new_fields
        SKIP [         ] (─────) viz query::tests::metric_row_round_trips_through_serde_with_new_fields
        SKIP [         ] (─────) viz query::tests::query_logs_populates_body_severity_text_and_correlation_ids
        SKIP [         ] (─────) viz query::tests::query_logs_returns_seeded_rows
        SKIP [         ] (─────) viz query::tests::query_metrics_populates_value_and_kind
        SKIP [         ] (─────) viz query::tests::query_metrics_returns_empty_labels_for_attributeless_points
        SKIP [         ] (─────) viz query::tests::query_metrics_returns_labels_distinguishing_otherwise_identical_points
        SKIP [         ] (─────) viz query::tests::query_metrics_returns_seeded_rows
        SKIP [         ] (─────) viz query::tests::query_traces_clamps_negative_duration_to_zero
        SKIP [         ] (─────) viz query::tests::query_traces_orders_by_completion_so_slow_erroring_spans_surface
        SKIP [         ] (─────) viz query::tests::query_traces_pagination_emits_next_cursor_when_full_page_returned
        SKIP [         ] (─────) viz query::tests::query_traces_populates_service_duration_error_count
        SKIP [         ] (─────) viz query::tests::query_traces_records_query_latency_into_state
        SKIP [         ] (─────) viz query::tests::query_traces_returns_connection_lost_on_poisoned_mutex
        SKIP [         ] (─────) viz query::tests::query_traces_returns_empty_envelope_when_no_data_in_window
        SKIP [         ] (─────) viz query::tests::query_traces_returns_invalid_argument_on_zero_limit
        SKIP [         ] (─────) viz query::tests::query_traces_returns_seeded_rows_in_descending_ts_order
        SKIP [         ] (─────) viz query::tests::query_traces_sql_injection_via_cursor_is_rejected_safely
        SKIP [         ] (─────) viz query::tests::read_connection_returns_a_distinct_usable_connection
        SKIP [         ] (─────) viz query::tests::trace_row_round_trips_through_serde_with_new_fields
        SKIP [         ] (─────) viz query::tests::validate_args_accepts_in_range
        SKIP [         ] (─────) viz query::tests::validate_args_rejects_above_max
        SKIP [         ] (─────) viz query::tests::validate_args_rejects_zero_limit
        SKIP [         ] (─────) viz state::tests::concurrent_record_query_latency_accumulates_correctly
        SKIP [         ] (─────) viz state::tests::inc_dec_subscribers_tracks_count
        SKIP [         ] (─────) viz state::tests::record_query_latency_accumulates_avg
        SKIP [         ] (─────) viz state::tests::snapshot_avg_zero_when_no_queries_recorded
        SKIP [         ] (─────) viz state::tests::snapshot_is_zero_at_init
        SKIP [         ] (─────) workspace-detector contract::tests::absent_published_key_reads_as_none
        SKIP [         ] (─────) workspace-detector contract::tests::empty_or_control_character_published_key_is_rejected
        SKIP [         ] (─────) workspace-detector contract::tests::error_canonicalization_display_includes_reason
        SKIP [         ] (─────) workspace-detector contract::tests::error_path_traversal_display_includes_reason
        SKIP [         ] (─────) workspace-detector contract::tests::oversized_published_key_is_rejected
        SKIP [         ] (─────) workspace-detector contract::tests::published_key_round_trips_through_the_data_dir
        SKIP [         ] (─────) workspace-detector contract::tests::published_key_survives_a_trailing_newline
        SKIP [         ] (─────) workspace-detector contract::tests::raw_and_verbatim_entry_forms_of_one_directory_resolve_to_one_key
        SKIP [         ] (─────) workspace-detector contract::tests::vcs_type_serializes_snake_case
        SKIP [         ] (─────) workspace-detector contract::tests::workspace_context_round_trips_through_serde
        SKIP [         ] (─────) workspace-detector contract::tests::workspace_key_falls_back_to_data_dir_when_detection_failed
        SKIP [         ] (─────) workspace-detector contract::tests::workspace_key_returns_the_detected_root_verbatim_including_verbatim_prefix
        SKIP [         ] (─────) workspace-detector contract::tests::workspace_key_uses_detected_root_not_data_dir
        SKIP [         ] (─────) workspace-detector detect::tests::detects_workspace_with_andromeda_marker_and_git
        SKIP [         ] (─────) workspace-detector detect::tests::detects_workspace_with_andromeda_marker_only
        SKIP [         ] (─────) workspace-detector detect::tests::detects_workspace_without_andromeda_marker_returns_false_flag
        SKIP [         ] (─────) workspace-detector detect::tests::rejects_nonexistent_candidate_with_canonicalization_failed
        SKIP [         ] (─────) workspace-detector detect::tests::rejects_path_with_parent_dir_traversal
        SKIP [         ] (─────) workspace-detector marker::tests::returns_false_when_marker_is_a_file_not_dir
        SKIP [         ] (─────) workspace-detector marker::tests::returns_false_when_no_marker
        SKIP [         ] (─────) workspace-detector marker::tests::returns_true_when_marker_dir_exists
        SKIP [         ] (─────) workspace-detector vcs::tests::returns_metadata_with_short_sha_for_detached_head
        SKIP [         ] (─────) workspace-detector vcs::tests::returns_metadata_with_short_sha_for_loose_ref
        SKIP [         ] (─────) workspace-detector vcs::tests::returns_metadata_without_basename_when_ref_unresolvable
        SKIP [         ] (─────) workspace-detector vcs::tests::returns_none_when_no_git_dir
        SKIP [         ] (─────) workspace-detector vcs::tests::walks_up_from_subdirectory
        SKIP [         ] (─────) xtask::bin/xtask bundle_format::tests::expected_backends_align_with_pulse_app_window_module
        SKIP [         ] (─────) xtask::bin/xtask bundle_format::tests::from_path_recognizes_each_format
        SKIP [         ] (─────) xtask::bin/xtask bundle_format::tests::from_path_returns_none_on_unknown_extension
        SKIP [         ] (─────) xtask::bin/xtask bundle_format::tests::from_str_round_trips_clap_value_enum_form
        SKIP [         ] (─────) xtask::bin/xtask bundle_format::tests::host_platform_matches_format_origin
        SKIP [         ] (─────) xtask::bin/xtask capability_drift_tests::drift_clean_when_sets_match
        SKIP [         ] (─────) xtask::bin/xtask capability_drift_tests::drift_detected_when_extra_procedure_present
        SKIP [         ] (─────) xtask::bin/xtask capability_drift_tests::expected_procedures_includes_chunk_27_introspection_envelope
        SKIP [         ] (─────) xtask::bin/xtask capability_drift_tests::expected_procedures_includes_config_hot_reload_at_chunk_96
        SKIP [         ] (─────) xtask::bin/xtask capability_drift_tests::expected_procedures_includes_connection_namespace_at_chunk_59
        SKIP [         ] (─────) xtask::bin/xtask capability_drift_tests::expected_procedures_includes_diagnostics_namespace_at_chunk_69
        SKIP [         ] (─────) xtask::bin/xtask capability_drift_tests::expected_procedures_includes_diagnostics_retry_interpretation_at_chunk_86
        SKIP [         ] (─────) xtask::bin/xtask capability_drift_tests::expected_procedures_includes_diagnostics_snapshot_and_history_at_chunk_97
        SKIP [         ] (─────) xtask::bin/xtask capability_drift_tests::expected_procedures_includes_get_report_at_chunk_88
        SKIP [         ] (─────) xtask::bin/xtask capability_drift_tests::expected_procedures_includes_incidents_namespace_at_chunk_78
        SKIP [         ] (─────) xtask::bin/xtask capability_drift_tests::expected_procedures_includes_mark_all_read_at_chunk_87
        SKIP [         ] (─────) xtask::bin/xtask capability_drift_tests::expected_procedures_includes_mcp_namespace_at_chunk_49
        SKIP [         ] (─────) xtask::bin/xtask capability_drift_tests::expected_procedures_includes_model_namespace_at_chunk_82
        SKIP [         ] (─────) xtask::bin/xtask capability_drift_tests::expected_procedures_includes_plugins_namespace_at_chunk_47
        SKIP [         ] (─────) xtask::bin/xtask capability_drift_tests::expected_procedures_includes_services_list_with_states_at_chunk_67
        SKIP [         ] (─────) xtask::bin/xtask capability_drift_tests::expected_procedures_includes_storage_namespace_at_chunk_68
        SKIP [         ] (─────) xtask::bin/xtask capability_drift_tests::parse_bindings_extracts_namespaced_procedures
        SKIP [         ] (─────) xtask::bin/xtask capability_drift_tests::parse_bindings_handles_streams_router
        SKIP [         ] (─────) xtask::bin/xtask capability_drift_tests::parse_bindings_handles_top_level_procedures_via_empty_router
        SKIP [         ] (─────) xtask::bin/xtask capability_drift_tests::parse_bindings_missing_args_map_returns_err
        SKIP [         ] (─────) xtask::bin/xtask cargo_command_tests::cargo_command_drops_the_inherited_package_variables
        SKIP [         ] (─────) xtask::bin/xtask cargo_command_tests::cargo_run_package_variables_are_recognized
        SKIP [         ] (─────) xtask::bin/xtask discovery::tests::judge_fails_over_bound_when_anchor_is_the_tick
        SKIP [         ] (─────) xtask::bin/xtask discovery::tests::judge_fails_without_discovery_sample_in_window
        SKIP [         ] (─────) xtask::bin/xtask discovery::tests::judge_inconclusive_when_webview_not_polling_first
        SKIP [         ] (─────) xtask::bin/xtask discovery::tests::judge_inconclusive_without_spans_append
        SKIP [         ] (─────) xtask::bin/xtask discovery::tests::judge_passes_within_bound_anchored_on_first_append
        SKIP [         ] (─────) xtask::bin/xtask discovery::tests::observe_window_supports_verdict_boundary
        SKIP [         ] (─────) xtask::bin/xtask external_resolve::tests::a_storm_that_never_formed_is_inconclusive_not_a_pass
        SKIP [         ] (─────) xtask::bin/xtask external_resolve::tests::a_surviving_decline_fails_even_when_reconciliation_counted
        SKIP [         ] (─────) xtask::bin/xtask external_resolve::tests::a_window_with_no_persist_cycle_is_inconclusive
        SKIP [         ] (─────) xtask::bin/xtask external_resolve::tests::an_observe_window_below_two_persist_cycles_is_refused
        SKIP [         ] (─────) xtask::bin/xtask external_resolve::tests::an_unapplied_sidecar_resolve_is_inconclusive_not_a_pass
        SKIP [         ] (─────) xtask::bin/xtask external_resolve::tests::evidence_splits_on_the_resolve_marker
        SKIP [         ] (─────) xtask::bin/xtask external_resolve::tests::the_green_shape_passes
        SKIP [         ] (─────) xtask::bin/xtask external_resolve::tests::the_measured_red_and_green_shapes_are_told_apart
        SKIP [         ] (─────) xtask::bin/xtask external_resolve::tests::the_pre_fix_signature_fails
        SKIP [         ] (─────) xtask::bin/xtask external_resolve::tests::the_pre_fix_signature_names_the_decline_count
        SKIP [         ] (─────) xtask::bin/xtask gap_resume::tests::a_gap_arm_drain_with_no_rejected_append_is_inconclusive
        SKIP [         ] (─────) xtask::bin/xtask gap_resume::tests::a_gap_arm_pass_with_a_storm_is_a_pass
        SKIP [         ] (─────) xtask::bin/xtask gap_resume::tests::a_gap_arm_pass_without_a_storm_is_inconclusive_not_a_pass
        SKIP [         ] (─────) xtask::bin/xtask gap_resume::tests::a_rejected_append_is_counted_from_the_reject_reason_field
        SKIP [         ] (─────) xtask::bin/xtask gap_resume::tests::a_stall_record_fails_both_arms_regardless_of_evidence
        SKIP [         ] (─────) xtask::bin/xtask gap_resume::tests::a_tickless_run_is_inconclusive_in_every_arm
        SKIP [         ] (─────) xtask::bin/xtask gap_resume::tests::an_observe_window_below_the_stall_threshold_is_refused
        SKIP [         ] (─────) xtask::bin/xtask gap_resume::tests::feed_evidence_counts_appends_and_is_independent_of_the_storm
        SKIP [         ] (─────) xtask::bin/xtask gap_resume::tests::storm_evidence_counts_only_the_silence_family
        SKIP [         ] (─────) xtask::bin/xtask gap_resume::tests::storm_has_not_fired_without_both_halves
        SKIP [         ] (─────) xtask::bin/xtask gap_resume::tests::the_control_arm_requires_the_storm_to_be_absent
        SKIP [         ] (─────) xtask::bin/xtask gap_resume::tests::the_reconnect_arm_requires_a_delivered_feed_and_no_storm
        SKIP [         ] (─────) xtask::bin/xtask harness_status::tests::a_dead_pid_with_fresh_log_writes_is_not_running
        SKIP [         ] (─────) xtask::bin/xtask harness_status::tests::a_zombie_or_absent_ps_row_is_not_live
        SKIP [         ] (─────) xtask::bin/xtask harness_status::tests::an_unprobeable_pid_falls_back_to_write_freshness
        SKIP [         ] (─────) xtask::bin/xtask harness_status::tests::boundary_age_is_still_healthy
        SKIP [         ] (─────) xtask::bin/xtask harness_status::tests::newest_family_member_prefers_latest_mtime_and_reads_the_family
        SKIP [         ] (─────) xtask::bin/xtask harness_status::tests::no_pidfile_is_not_running_regardless_of_logs
        SKIP [         ] (─────) xtask::bin/xtask harness_status::tests::pid_alive_tells_a_running_process_from_an_exited_one
        SKIP [         ] (─────) xtask::bin/xtask harness_status::tests::pid_with_fresh_log_writes_is_running_healthy
        SKIP [         ] (─────) xtask::bin/xtask harness_status::tests::pid_with_old_log_writes_is_stale
        SKIP [         ] (─────) xtask::bin/xtask harness_status::tests::pid_without_any_log_family_is_stale
        SKIP [         ] (─────) xtask::bin/xtask harness_status::tests::read_ended_takes_one_bounded_line_beside_the_pidfile
        SKIP [         ] (─────) xtask::bin/xtask harness_status::tests::read_pid_rejects_garbage_content
        SKIP [         ] (─────) xtask::bin/xtask harness_status::tests::tasklist_matches_the_pid_field_exactly
        SKIP [         ] (─────) xtask::bin/xtask hue_shift::tests::a_creation_after_the_paint_never_anchors_the_rise
        SKIP [         ] (─────) xtask::bin/xtask hue_shift::tests::a_failing_rise_still_reports_the_fall_sample
        SKIP [         ] (─────) xtask::bin/xtask hue_shift::tests::a_fall_anchored_away_from_the_resolving_tick_fails
        SKIP [         ] (─────) xtask::bin/xtask hue_shift::tests::a_missing_fall_is_inconclusive_never_a_pass
        SKIP [         ] (─────) xtask::bin/xtask hue_shift::tests::a_rise_anchored_on_a_stale_lifecycle_stamp_fails
        SKIP [         ] (─────) xtask::bin/xtask hue_shift::tests::a_tick_that_resolved_nothing_does_not_anchor_the_fall
        SKIP [         ] (─────) xtask::bin/xtask hue_shift::tests::anchored_rise_and_fall_pass
        SKIP [         ] (─────) xtask::bin/xtask hue_shift::tests::calm_samples_before_the_rise_are_not_the_fall
        SKIP [         ] (─────) xtask::bin/xtask hue_shift::tests::log_timestamps_parse_at_millisecond_resolution
        SKIP [         ] (─────) xtask::bin/xtask hue_shift::tests::no_incident_is_inconclusive_not_a_pass
        SKIP [         ] (─────) xtask::bin/xtask ingest_progress::tests::a_recovery_announcement_does_not_fail_the_run
        SKIP [         ] (─────) xtask::bin/xtask ingest_progress::tests::a_stall_announcement_fails_the_run
        SKIP [         ] (─────) xtask::bin/xtask ingest_progress::tests::advancing_ticks_pass
        SKIP [         ] (─────) xtask::bin/xtask ingest_progress::tests::empty_stream_is_neutral_not_failure
        SKIP [         ] (─────) xtask::bin/xtask ingest_progress::tests::ticks_without_progress_fields_are_neutral_on_progress_but_still_counted
        SKIP [         ] (─────) xtask::bin/xtask ingest_progress::tests::zero_delta_alone_is_not_a_failure
        SKIP [         ] (─────) xtask::bin/xtask license_check::license_channel_manifests_carry_dual_license
        SKIP [         ] (─────) xtask::bin/xtask license_check::license_npm_manifest_and_lock_root_agree
        SKIP [         ] (─────) xtask::bin/xtask license_check::license_texts_present_at_root
        SKIP [         ] (─────) xtask::bin/xtask license_check::license_workspace_value_is_dual_and_inherited
        SKIP [         ] (─────) xtask::bin/xtask npm_gate::tests::advisory_with_exception_is_green_and_without_is_red
        SKIP [         ] (─────) xtask::bin/xtask npm_gate::tests::bans_prefix_matches_scoped_family_and_exact_matches_bare_name
        SKIP [         ] (─────) xtask::bin/xtask npm_gate::tests::classify_audit_error_json_is_infra_not_findings
        SKIP [         ] (─────) xtask::bin/xtask npm_gate::tests::extract_advisories_dedupes_object_vias_and_skips_string_chains
        SKIP [         ] (─────) xtask::bin/xtask npm_gate::tests::license_dev_lgpl_allowed_runtime_lgpl_red
        SKIP [         ] (─────) xtask::bin/xtask npm_gate::tests::license_missing_field_needs_exception
        SKIP [         ] (─────) xtask::bin/xtask npm_gate::tests::lockfile_dev_flag_splits_classes_and_root_entry_skipped
        SKIP [         ] (─────) xtask::bin/xtask npm_gate::tests::policy_exception_without_provenance_is_rejected
        SKIP [         ] (─────) xtask::bin/xtask perf_budget::tests::all_empty_with_nothing_required_is_neutral_not_pass
        SKIP [         ] (─────) xtask::bin/xtask perf_budget::tests::family_read_concatenates_two_date_suffixed_members
        SKIP [         ] (─────) xtask::bin/xtask perf_budget::tests::frame_absent_is_neutral
        SKIP [         ] (─────) xtask::bin/xtask perf_budget::tests::frame_cause_is_not_consulted_when_frames_exist
        SKIP [         ] (─────) xtask::bin/xtask perf_budget::tests::frame_cause_mixed_log_reads_obtained
        SKIP [         ] (─────) xtask::bin/xtask perf_budget::tests::frame_cause_names_the_distinct_non_obtained_outcomes_sorted
        SKIP [         ] (─────) xtask::bin/xtask perf_budget::tests::frame_cause_no_adapter_record_names_that_cause
        SKIP [         ] (─────) xtask::bin/xtask perf_budget::tests::frame_cause_obtained_adapter_without_frames
        SKIP [         ] (─────) xtask::bin/xtask perf_budget::tests::frame_cause_required_empty_frame_arm_still_fails
        SKIP [         ] (─────) xtask::bin/xtask perf_budget::tests::frame_in_budget_passes
        SKIP [         ] (─────) xtask::bin/xtask perf_budget::tests::frame_over_budget_fails
        SKIP [         ] (─────) xtask::bin/xtask perf_budget::tests::memory_absent_is_neutral
        SKIP [         ] (─────) xtask::bin/xtask perf_budget::tests::memory_in_budget_passes
        SKIP [         ] (─────) xtask::bin/xtask perf_budget::tests::memory_over_budget_fails
        SKIP [         ] (─────) xtask::bin/xtask perf_budget::tests::memory_zeros_are_not_informative
        SKIP [         ] (─────) xtask::bin/xtask perf_budget::tests::nearest_rank_p99_index_boundaries
        SKIP [         ] (─────) xtask::bin/xtask perf_budget::tests::required_but_empty_fails
        SKIP [         ] (─────) xtask::bin/xtask perf_budget::tests::snapshot_absent_is_neutral
        SKIP [         ] (─────) xtask::bin/xtask perf_budget::tests::snapshot_in_budget_passes
        SKIP [         ] (─────) xtask::bin/xtask perf_budget::tests::snapshot_over_budget_fails
        SKIP [         ] (─────) xtask::bin/xtask perf_budget::tests::unreadable_field_fails_even_when_not_required
        SKIP [         ] (─────) xtask::bin/xtask perf_frame::tests::child_env_carries_the_flag_set_and_data_dir_without_touching_the_parent
        SKIP [         ] (─────) xtask::bin/xtask perf_frame::tests::non_windows_host_cannot_evaluate
        SKIP [         ] (─────) xtask::bin/xtask pre_push::tests::apt_packages_join_continuations_and_drop_flags
        SKIP [         ] (─────) xtask::bin/xtask pre_push::tests::apt_packages_read_the_real_workflow
        SKIP [         ] (─────) xtask::bin/xtask pre_push::tests::installed_packages_keep_only_installed
        SKIP [         ] (─────) xtask::bin/xtask pre_push::tests::node_major_of_reads_v_prefixed_versions
        SKIP [         ] (─────) xtask::bin/xtask pre_push::tests::node_major_reads_one_agreed_major
        SKIP [         ] (─────) xtask::bin/xtask pre_push::tests::remediation_is_one_apt_line_or_none
        SKIP [         ] (─────) xtask::bin/xtask pre_push::tests::rust_channel_reads_the_toolchain_table
        SKIP [         ] (─────) xtask::bin/xtask pre_push::tests::script_mode_parses_ls_files
        SKIP [         ] (─────) xtask::bin/xtask pre_push::tests::verdict_maps_to_word_and_exit
        SKIP [         ] (─────) xtask::bin/xtask pre_push::tests::wsl_path_maps_drive_paths
        SKIP [         ] (─────) xtask::bin/xtask self_verify::tests::headless_reason_only_on_displayless_linux
        SKIP [         ] (─────) xtask::bin/xtask self_verify::tests::parse_shell_health_complete_on_full_boot
        SKIP [         ] (─────) xtask::bin/xtask self_verify::tests::parse_shell_health_flags_error_panic
        SKIP [         ] (─────) xtask::bin/xtask self_verify::tests::parse_shell_health_ignores_non_error_panic_target
        SKIP [         ] (─────) xtask::bin/xtask self_verify::tests::parse_shell_health_incomplete_when_heartbeat_missing
        SKIP [         ] (─────) xtask::bin/xtask self_verify::tests::parse_shell_health_incomplete_when_window_shown_missing
        SKIP [         ] (─────) xtask::bin/xtask self_verify::tests::parse_shell_health_skips_malformed_lines
        SKIP [         ] (─────) xtask::bin/xtask self_verify::tests::pulse_binary_candidates_prefers_release_then_debug
        SKIP [         ] (─────) xtask::bin/xtask smoke::tests::assert_log_invariants_fails_on_empty_log_file
        SKIP [         ] (─────) xtask::bin/xtask smoke::tests::assert_log_invariants_fails_on_field_value_mismatch_with_expected_format
        SKIP [         ] (─────) xtask::bin/xtask smoke::tests::assert_log_invariants_fails_on_missing_boot_webview_span
        SKIP [         ] (─────) xtask::bin/xtask smoke::tests::assert_log_invariants_fails_on_panic_record
        SKIP [         ] (─────) xtask::bin/xtask smoke::tests::assert_log_invariants_fails_when_canary_string_leaks_into_log
        SKIP [         ] (─────) xtask::bin/xtask smoke::tests::assert_log_invariants_passes_on_complete_boot_trio_and_clean_log
        SKIP [         ] (─────) xtask::bin/xtask smoke::tests::build_export_request_has_canary_in_attribute_value
        SKIP [         ] (─────) xtask::bin/xtask smoke::tests::current_host_returns_one_of_known_values
        SKIP [         ] (─────) xtask::bin/xtask smoke::tests::parse_hdiutil_mount_extracts_last_volumes_path
        SKIP [         ] (─────) xtask::bin/xtask smoke::tests::parse_hdiutil_mount_returns_none_on_no_volumes_token
        SKIP [         ] (─────) xtask::bin/xtask smoke::tests::read_jsonl_lines_resolves_date_suffixed_family_with_no_bare_file
        SKIP [         ] (─────) xtask::bin/xtask source_lint::tests::english_sources_clean_tree_exits_zero
        SKIP [         ] (─────) xtask::bin/xtask source_lint::tests::english_sources_hit_outside_roots_is_ignored
        SKIP [         ] (─────) xtask::bin/xtask source_lint::tests::english_sources_hit_renders_file_line_and_is_ascii
        SKIP [         ] (─────) xtask::bin/xtask source_lint::tests::english_sources_md_under_root_is_ignored
        SKIP [         ] (─────) xtask::bin/xtask source_lint::tests::english_sources_missing_root_exits_two
        SKIP [         ] (─────) xtask::bin/xtask staged_gate::tests::bindings_fixture_roundtrips_through_parse_bindings
        SKIP [         ] (─────) xtask::bin/xtask staged_gate::tests::classify_clean_when_all_subjects_match_pins
        SKIP [         ] (─────) xtask::bin/xtask staged_gate::tests::classify_reds_on_added_grant_and_added_window
        SKIP [         ] (─────) xtask::bin/xtask staged_gate::tests::classify_reds_on_extra_staged_procedure
        SKIP [         ] (─────) xtask::bin/xtask staged_gate::tests::classify_reds_on_identifier_mismatch
        SKIP [         ] (─────) xtask::bin/xtask staged_gate::tests::classify_reds_on_revoked_grant_naming_file_and_permission
        SKIP [         ] (─────) xtask::bin/xtask staged_gate::tests::classify_reds_on_staged_deletion_of_each_subject_kind
        SKIP [         ] (─────) xtask::bin/xtask staged_gate::tests::classify_reds_on_unparseable_staged_bindings
        SKIP [         ] (─────) xtask::bin/xtask staged_gate::tests::classify_reds_on_unpinned_capability_file
        SKIP [         ] (─────) xtask::bin/xtask staged_gate::tests::classify_reds_when_staged_bindings_lack_the_mcp_namespace
        SKIP [         ] (─────) xtask::bin/xtask staged_gate::tests::expected_grants_pin_covers_exactly_the_six_capability_files
        SKIP [         ] (─────) xtask::bin/xtask staged_gate::tests::expected_grants_pin_holds_the_escape_and_window_affordance_grants_granted
        SKIP [         ] (─────) xtask::bin/xtask staged_gate::tests::fixture_repo_clean_reports_staged_clean
        SKIP [         ] (─────) xtask::bin/xtask staged_gate::tests::fixture_repo_reads_the_index_not_the_worktree
        SKIP [         ] (─────) xtask::bin/xtask staged_gate::tests::fixture_repo_reds_when_only_the_index_carries_the_clobber
        SKIP [         ] (─────) xtask::bin/xtask staged_gate::tests::fixture_repo_with_staged_no_mcp_bindings_reports_staged_drift
        SKIP [         ] (─────) xtask::bin/xtask staged_gate::tests::fixture_repo_with_staged_revoked_grant_reports_staged_drift
        SKIP [         ] (─────) xtask::bin/xtask staged_gate::tests::fixture_repo_with_unpinned_capability_file_reports_staged_drift
        SKIP [         ] (─────) xtask::bin/xtask staged_gate::tests::non_repo_dir_reports_cannot_evaluate
        SKIP [         ] (─────) xtask::bin/xtask staged_gate::tests::report_maps_clean_and_drift_to_the_contract_arms
        SKIP [         ] (─────) xtask::bin/xtask webview_drive::tests::a_dead_shortcut_route_fails_the_toggle
        SKIP [         ] (─────) xtask::bin/xtask webview_drive::tests::a_line_on_the_widget_fails_connection_status
        SKIP [         ] (─────) xtask::bin/xtask webview_drive::tests::a_lost_focus_restore_fails_report_window
        SKIP [         ] (─────) xtask::bin/xtask webview_drive::tests::a_missing_stage_report_leaves_dom_stages_absent
        SKIP [         ] (─────) xtask::bin/xtask webview_drive::tests::a_pressed_but_rejected_copy_fails_report_copy
        SKIP [         ] (─────) xtask::bin/xtask webview_drive::tests::a_scrolling_page_fails_traces_scroll
        SKIP [         ] (─────) xtask::bin/xtask webview_drive::tests::a_signposting_dashboard_close_fails
        SKIP [         ] (─────) xtask::bin/xtask webview_drive::tests::an_inapplicable_half_does_not_veto_a_stage
        SKIP [         ] (─────) xtask::bin/xtask webview_drive::tests::an_undocked_or_empty_findings_window_fails
        SKIP [         ] (─────) xtask::bin/xtask webview_drive::tests::boot_geometry_is_not_the_dashboard_close
        SKIP [         ] (─────) xtask::bin/xtask webview_drive::tests::boot_geometry_transition_is_not_a_close
        SKIP [         ] (─────) xtask::bin/xtask webview_drive::tests::boot_geometry_verdict_accepts_the_measured_live_placement
        SKIP [         ] (─────) xtask::bin/xtask webview_drive::tests::boot_geometry_verdict_rejects_a_wrong_inset_placement
        SKIP [         ] (─────) xtask::bin/xtask webview_drive::tests::boot_geometry_verdict_rejects_missing_geometry_fields
        SKIP [         ] (─────) xtask::bin/xtask webview_drive::tests::close_signpost_requires_its_label_field
        SKIP [         ] (─────) xtask::bin/xtask webview_drive::tests::connection_status_requires_every_worded_part_and_widget_absence
        SKIP [         ] (─────) xtask::bin/xtask webview_drive::tests::dashboard_close_needs_press_hide_and_a_silent_signpost
        SKIP [         ] (─────) xtask::bin/xtask webview_drive::tests::dashboard_hidden_transition_is_recognized
        SKIP [         ] (─────) xtask::bin/xtask webview_drive::tests::dashboard_hide_is_not_the_widget_close
        SKIP [         ] (─────) xtask::bin/xtask webview_drive::tests::dashboard_toggle_requires_both_routes_and_the_widget_staying
        SKIP [         ] (─────) xtask::bin/xtask webview_drive::tests::deduped_incident_is_not_a_creation
        SKIP [         ] (─────) xtask::bin/xtask webview_drive::tests::empty_states_require_the_hint_on_both_routes
        SKIP [         ] (─────) xtask::bin/xtask webview_drive::tests::empty_traces_poll_is_not_a_render
        SKIP [         ] (─────) xtask::bin/xtask webview_drive::tests::findings_window_requires_press_visibility_rows_and_dock
        SKIP [         ] (─────) xtask::bin/xtask webview_drive::tests::green_arm_fails_when_any_stage_is_absent
        SKIP [         ] (─────) xtask::bin/xtask webview_drive::tests::green_arm_passes_when_every_stage_is_observed
        SKIP [         ] (─────) xtask::bin/xtask webview_drive::tests::halves_separate_a_missing_record_from_a_missing_render
        SKIP [         ] (─────) xtask::bin/xtask webview_drive::tests::hintless_error_state_does_not_satisfy_empty_states
        SKIP [         ] (─────) xtask::bin/xtask webview_drive::tests::incident_created_requires_created_true
        SKIP [         ] (─────) xtask::bin/xtask webview_drive::tests::investigate_error_outcome_is_not_a_result
        SKIP [         ] (─────) xtask::bin/xtask webview_drive::tests::investigate_needs_both_the_press_and_the_outcome
        SKIP [         ] (─────) xtask::bin/xtask webview_drive::tests::investigate_success_requires_status_success
        SKIP [         ] (─────) xtask::bin/xtask webview_drive::tests::metrics_query_is_not_a_traces_render
        SKIP [         ] (─────) xtask::bin/xtask webview_drive::tests::native_menu_keys_on_the_prevented_field_not_the_stage_flag
        SKIP [         ] (─────) xtask::bin/xtask webview_drive::tests::other_targets_are_ignored
        SKIP [         ] (─────) xtask::bin/xtask webview_drive::tests::red_arm_fails_when_the_named_stage_is_present
        SKIP [         ] (─────) xtask::bin/xtask webview_drive::tests::red_arm_passes_when_only_the_named_stage_is_absent
        SKIP [         ] (─────) xtask::bin/xtask webview_drive::tests::report_copy_requires_a_copied_terminal_state
        SKIP [         ] (─────) xtask::bin/xtask webview_drive::tests::report_window_requires_the_full_escape_chain
        SKIP [         ] (─────) xtask::bin/xtask webview_drive::tests::signpost_repeat_ignores_other_windows_signposts
        SKIP [         ] (─────) xtask::bin/xtask webview_drive::tests::signpost_repeat_needs_the_second_press_to_have_landed
        SKIP [         ] (─────) xtask::bin/xtask webview_drive::tests::signpost_repeat_needs_two_signposts_not_one
        SKIP [         ] (─────) xtask::bin/xtask webview_drive::tests::signpost_with_another_windows_label_does_not_satisfy
        SKIP [         ] (─────) xtask::bin/xtask webview_drive::tests::stage_ids_are_unique_and_nonempty
        SKIP [         ] (─────) xtask::bin/xtask webview_drive::tests::traces_populate_needs_both_the_record_and_the_dom
        SKIP [         ] (─────) xtask::bin/xtask webview_drive::tests::traces_rendered_requires_a_nonzero_row_count
        SKIP [         ] (─────) xtask::bin/xtask webview_drive::tests::traces_scroll_requires_region_overflow_without_page_overflow
        SKIP [         ] (─────) xtask::bin/xtask webview_drive::tests::unhealthy_records_empty_on_a_clean_log
        SKIP [         ] (─────) xtask::bin/xtask webview_drive::tests::unhealthy_records_flag_errors_and_panics
        SKIP [         ] (─────) xtask::bin/xtask webview_drive::tests::unknown_stage_ids_are_never_observed
        SKIP [         ] (─────) xtask::bin/xtask webview_drive::tests::widget_close_is_not_the_dashboard_close
        SKIP [         ] (─────) xtask::bin/xtask webview_drive::tests::widget_close_needs_both_the_press_and_the_transition
        SKIP [         ] (─────) xtask::bin/xtask webview_drive::tests::widget_close_transition_alone_no_longer_satisfies
        SKIP [         ] (─────) xtask::bin/xtask webview_drive::tests::widget_hidden_transition_is_recognized
        FAIL [   0.038s] ( 4/11) pulse-app::unit_incident_producer pii_canary_in_l4_text_is_scrubbed_before_persist
        FAIL [   0.038s] ( 7/11) pulse-app::unit_incident_producer incident_title_names_its_cause_for_a_reflection_digest
        FAIL [   0.038s] ( 8/11) pulse-app::unit_incident_producer distinct_fingerprint_same_service_still_coalesces_to_one_incident
        FAIL [   0.038s] ( 9/11) pulse-app::unit_incident_producer incident_title_names_its_cause_for_a_retry_storm
        FAIL [   0.038s] (10/11) pulse-app::unit_incident_producer incident_title_names_its_cause_without_retry_for_an_error_rate_spike
        FAIL [   0.040s] (11/11) pulse-app::unit_incident_producer incident_title_names_its_cause_and_still_masks_secrets
error: test run failed
